id,patient_id,facility_id,creation_facility_id,user_id,scheduled_date,status,cancel_reason,remind_on,agreed_to_visit,appointment_type,device_created_at,device_updated_at
9bacc0f8-c3f5-4de1-8463-50c622b45528,f8e2b62d-d157-4b50-a89b-d3a16a6e8a15,5f213a58-b179-42d7-9c05-e29474526e82,5f213a58-b179-42d7-9c05-e29474526e82,8e0d0bd7-32bc-44e0-8bb3-7f4f4b13cf78,2026-03-24,visited,,,,automatic,2026-02-21 12:08:00,2026-03-23 15:30:00
a42fc4b2-4648-4530-b3a9-49ec4d577a64,f8e2b62d-d157-4b50-a89b-d3a16a6e8a15,5f213a58-b179-42d7-9c05-e29474526e82,5f213a58-b179-42d7-9c05-e29474526e82,8e0d0bd7-32bc-44e0-8bb3-7f4f4b13cf78,2026-04-08,visited,,,,automatic,2026-03-23 15:44:00,2026-04-11 12:57:00
d99c5a71-b8fc-46b7-8171-9335c3d4b475,f8e2b62d-d157-4b50-a89b-d3a16a6e8a15,5f213a58-b179-42d7-9c05-e29474526e82,5f213a58-b179-42d7-9c05-e29474526e82,8e0d0bd7-32bc-44e0-8bb3-7f4f4b13cf78,2026-05-09,visited,,,,automatic,2026-04-11 13:53:00,2026-05-09 14:07:00
ea7b3458-72fd-42c8-9b33-38ca6e125340,f8e2b62d-d157-4b50-a89b-d3a16a6e8a15,5f213a58-b179-42d7-9c05-e29474526e82,5f213a58-b179-42d7-9c05-e29474526e82,2db9a55b-d59a-4a30-a4c8-bf7ae0a1e014,2026-06-09,visited,,,,automatic,2026-05-09 10:17:00,2026-06-09 08:35:00
5f3e11f5-0c7a-4346-9343-43f43e12c937,f8e2b62d-d157-4b50-a89b-d3a16a6e8a15,5f213a58-b179-42d7-9c05-e29474526e82,5f213a58-b179-42d7-9c05-e29474526e82,8e0d0bd7-32bc-44e0-8bb3-7f4f4b13cf78,2026-07-06,visited,,,,automatic,2026-06-09 11:59:00,2026-07-06 13:15:00
35225ae8-ca00-40e2-a100-c32315871051,f8e2b62d-d157-4b50-a89b-d3a16a6e8a15,5f213a58-b179-42d7-9c05-e29474526e82,5f213a58-b179-42d7-9c05-e29474526e82,2db9a55b-d59a-4a30-a4c8-bf7ae0a1e014,2026-08-01,visited,,,,automatic,2026-07-06 08:27:00,2026-08-01 10:27:00
a0664777-4a66-4cf5-b724-93171857e9af,f8e2b62d-d157-4b50-a89b-d3a16a6e8a15,5f213a58-b179-42d7-9c05-e29474526e82,5f213a58-b179-42d7-9c05-e29474526e82,2db9a55b-d59a-4a30-a4c8-bf7ae0a1e014,2026-08-27,visited,,,,automatic,2026-08-01 08:55:00,2026-08-27 15:45:00
01bdba76-ce2f-47f7-9cf0-0141bbb34475,f8e2b62d-d157-4b50-a89b-d3a16a6e8a15,5f213a58-b179-42d7-9c05-e29474526e82,5f213a58-b179-42d7-9c05-e29474526e82,8e0d0bd7-32bc-44e0-8bb3-7f4f4b13cf78,2026-10-22,scheduled,,,,automatic,2026-08-27 14:34:00,2026-08-27 14:34:00
b09ca5e9-0faa-4a47-8d37-e183aba7b6b6,40151ba6-8b25-4cab-8d09-d7fb89a5581c,ffe42279-f3bd-4683-a6a8-52c1bb9651f3,ffe42279-f3bd-4683-a6a8-52c1bb9651f3,246dee45-3351-44d3-8a3a-ca414c46c168,2026-05-31,visited,,,,automatic,2026-04-30 10:56:00,2026-05-31 09:26:00
863b67ea-268c-425b-8cfd-e54cc8b2e4f1,40151ba6-8b25-4cab-8d09-d7fb89a5581c,ffe42279-f3bd-4683-a6a8-52c1bb9651f3,ffe42279-f3bd-4683-a6a8-52c1bb9651f3,353297dd-2e3c-46c0-a49c-7fd69ac2c389,2026-07-01,visited,,,,automatic,2026-05-31 12:49:00,2026-07-01 10:34:00
6b347e37-df8f-48fc-9e24-7452917f3bfa,40151ba6-8b25-4cab-8d09-d7fb89a5581c,ffe42279-f3bd-4683-a6a8-52c1bb9651f3,ffe42279-f3bd-4683-a6a8-52c1bb9651f3,353297dd-2e3c-46c0-a49c-7fd69ac2c389,2026-07-27,visited,,,,automatic,2026-07-01 13:41:00,2026-08-03 11:43:00
2f53c7f8-adb8-4f6b-9b42-4e07f3020679,40151ba6-8b25-4cab-8d09-d7fb89a5581c,ffe42279-f3bd-4683-a6a8-52c1bb9651f3,ffe42279-f3bd-4683-a6a8-52c1bb9651f3,246dee45-3351-44d3-8a3a-ca414c46c168,2026-08-17,visited,,,,automatic,2026-08-03 09:16:00,2026-08-17 11:32:00
019860ea-9243-4066-a6a8-41282de6d24a,40151ba6-8b25-4cab-8d09-d7fb89a5581c,ffe42279-f3bd-4683-a6a8-52c1bb9651f3,ffe42279-f3bd-4683-a6a8-52c1bb9651f3,4519b91f-242d-4e4d-ae0c-da1f0c701874,2026-09-12,visited,,,,automatic,2026-08-17 09:06:00,2026-09-12 15:17:00
845e0357-f841-4e45-9764-8a7a8d8a6ea0,40151ba6-8b25-4cab-8d09-d7fb89a5581c,ffe42279-f3bd-4683-a6a8-52c1bb9651f3,ffe42279-f3bd-4683-a6a8-52c1bb9651f3,246dee45-3351-44d3-8a3a-ca414c46c168,2026-11-08,scheduled,,,,automatic,2026-09-12 13:48:00,2026-09-12 13:48:00
ba07237c-9489-466b-b6bc-ac7823d3d52f,8734546b-8938-4c93-840a-3d2ac330f09f,da845e7d-fedd-47ac-b12d-fb734b6449eb,da845e7d-fedd-47ac-b12d-fb734b6449eb,447e99c5-592b-43d3-805b-eb75f1251d2a,2026-05-04,visited,,,,automatic,2026-04-05 11:10:00,2026-05-04 12:36:00
bd8028e0-8bb7-4b93-bc0a-cf6ffae5d5c9,8734546b-8938-4c93-840a-3d2ac330f09f,da845e7d-fedd-47ac-b12d-fb734b6449eb,da845e7d-fedd-47ac-b12d-fb734b6449eb,e18956f3-25d3-4ad3-9e29-e476c974b1e2,2026-06-04,visited,,,,automatic,2026-05-04 14:43:00,2026-06-04 14:48:00
574adc34-b9e0-4214-afb3-346f0bdd4d97,8734546b-8938-4c93-840a-3d2ac330f09f,da845e7d-fedd-47ac-b12d-fb734b6449eb,da845e7d-fedd-47ac-b12d-fb734b6449eb,447e99c5-592b-43d3-805b-eb75f1251d2a,2026-07-02,visited,,,,automatic,2026-06-04 11:05:00,2026-07-09 13:43:00
a95988fe-2c61-4b39-8063-ee321585a329,8734546b-8938-4c93-840a-3d2ac330f09f,da845e7d-fedd-47ac-b12d-fb734b6449eb,da845e7d-fedd-47ac-b12d-fb734b6449eb,e18956f3-25d3-4ad3-9e29-e476c974b1e2,2026-08-03,visited,,,,automatic,2026-07-09 11:57:00,2026-08-05 08:22:00
e19ee271-5f59-4d07-bf70-96942b2ec6cf,8734546b-8938-4c93-840a-3d2ac330f09f,da845e7d-fedd-47ac-b12d-fb734b6449eb,da845e7d-fedd-47ac-b12d-fb734b6449eb,447e99c5-592b-43d3-805b-eb75f1251d2a,2026-09-29,scheduled,,,,automatic,2026-08-05 12:58:00,2026-08-05 12:58:00
11a652b8-f676-495e-9820-0622246b5b52,c0bc4a7f-959e-45ef-9928-94cc3c943cd7,ffe42279-f3bd-4683-a6a8-52c1bb9651f3,ffe42279-f3bd-4683-a6a8-52c1bb9651f3,246dee45-3351-44d3-8a3a-ca414c46c168,2025-09-11,visited,,,,automatic,2025-08-15 10:44:00,2025-09-11 10:53:00
d86661b0-c5fb-4249-8641-269a8b23653a,c0bc4a7f-959e-45ef-9928-94cc3c943cd7,ffe42279-f3bd-4683-a6a8-52c1bb9651f3,ffe42279-f3bd-4683-a6a8-52c1bb9651f3,4519b91f-242d-4e4d-ae0c-da1f0c701874,2025-10-07,visited,,,,automatic,2025-09-11 11:48:00,2025-10-07 09:12:00
e84a3209-c1cf-4427-a6ee-7d0b733bff38,c0bc4a7f-959e-45ef-9928-94cc3c943cd7,ffe42279-f3bd-4683-a6a8-52c1bb9651f3,ffe42279-f3bd-4683-a6a8-52c1bb9651f3,4519b91f-242d-4e4d-ae0c-da1f0c701874,2025-12-05,visited,,2025-12-08,,automatic,2025-10-07 08:57:00,2025-12-26 08:23:00
e5323f57-f096-4e23-8316-ecfb2fa015c0,c0bc4a7f-959e-45ef-9928-94cc3c943cd7,ffe42279-f3bd-4683-a6a8-52c1bb9651f3,ffe42279-f3bd-4683-a6a8-52c1bb9651f3,353297dd-2e3c-46c0-a49c-7fd69ac2c389,2026-01-22,visited,,2026-01-25,,automatic,2025-12-26 13:04:00,2026-03-01 11:24:00
4a8d9345-ba81-4131-835e-3baa5c296846,c0bc4a7f-959e-45ef-9928-94cc3c943cd7,ffe42279-f3bd-4683-a6a8-52c1bb9651f3,ffe42279-f3bd-4683-a6a8-52c1bb9651f3,4519b91f-242d-4e4d-ae0c-da1f0c701874,2026-03-30,visited,,,,automatic,2026-03-01 14:15:00,2026-03-30 10:48:00
3f1e31eb-1ce3-4443-a31c-e829971d61e4,c0bc4a7f-959e-45ef-9928-94cc3c943cd7,ffe42279-f3bd-4683-a6a8-52c1bb9651f3,ffe42279-f3bd-4683-a6a8-52c1bb9651f3,353297dd-2e3c-46c0-a49c-7fd69ac2c389,2026-04-16,visited,,,,automatic,2026-03-30 08:58:00,2026-04-17 10:54:00
68704af7-c995-427a-86fe-9565fcaf6778,c0bc4a7f-959e-45ef-9928-94cc3c943cd7,ffe42279-f3bd-4683-a6a8-52c1bb9651f3,ffe42279-f3bd-4683-a6a8-52c1bb9651f3,cd18ec08-f6a4-4724-926f-acd2aeb0daf2,2026-05-17,visited,,2026-05-20,,automatic,2026-04-17 10:52:00,2026-06-18 09:50:00
8dfd9667-556c-4e0d-92fb-76ee1f8ac1d6,c0bc4a7f-959e-45ef-9928-94cc3c943cd7,ffe42279-f3bd-4683-a6a8-52c1bb9651f3,ffe42279-f3bd-4683-a6a8-52c1bb9651f3,353297dd-2e3c-46c0-a49c-7fd69ac2c389,2026-07-13,visited,,2026-07-16,,automatic,2026-06-18 08:29:00,2026-09-01 08:27:00
b38707ec-bd8f-4489-b2ca-306a6971a386,c0bc4a7f-959e-45ef-9928-94cc3c943cd7,ffe42279-f3bd-4683-a6a8-52c1bb9651f3,ffe42279-f3bd-4683-a6a8-52c1bb9651f3,cd18ec08-f6a4-4724-926f-acd2aeb0daf2,2026-10-01,scheduled,,,,automatic,2026-09-01 14:51:00,2026-09-01 14:51:00
8c016798-75f8-47d3-918f-4a8be8c51690,7e19ac49-86e7-48e2-b27c-573379b12bf3,ffe42279-f3bd-4683-a6a8-52c1bb9651f3,ffe42279-f3bd-4683-a6a8-52c1bb9651f3,353297dd-2e3c-46c0-a49c-7fd69ac2c389,2026-07-26,visited,,2026-07-29,,automatic,2026-06-30 09:07:00,2026-08-11 10:18:00
bd5fecd7-d91f-490e-b6de-ee63923fd539,7e19ac49-86e7-48e2-b27c-573379b12bf3,ffe42279-f3bd-4683-a6a8-52c1bb9651f3,ffe42279-f3bd-4683-a6a8-52c1bb9651f3,4519b91f-242d-4e4d-ae0c-da1f0c701874,2026-09-08,visited,,,,automatic,2026-08-11 13:47:00,2026-09-15 15:57:00
14122919-09d5-4edf-a3a3-fc48c85694ba,7e19ac49-86e7-48e2-b27c-573379b12bf3,ffe42279-f3bd-4683-a6a8-52c1bb9651f3,ffe42279-f3bd-4683-a6a8-52c1bb9651f3,4519b91f-242d-4e4d-ae0c-da1f0c701874,2026-10-13,scheduled,,,,automatic,2026-09-15 12:23:00,2026-09-15 12:23:00
79330679-39e0-4998-9441-86936bc51cde,42a76c5d-df8f-4d62-a78e-86c094370f18,5f213a58-b179-42d7-9c05-e29474526e82,5f213a58-b179-42d7-9c05-e29474526e82,b302ab11-03e4-4bae-be36-6ec2662f7fc9,2026-02-19,visited,,,,automatic,2026-01-23 10:13:00,2026-02-19 10:58:00
4062f013-d050-4cf0-85c1-746dd89ec33b,42a76c5d-df8f-4d62-a78e-86c094370f18,5f213a58-b179-42d7-9c05-e29474526e82,5f213a58-b179-42d7-9c05-e29474526e82,2db9a55b-d59a-4a30-a4c8-bf7ae0a1e014,2026-03-17,visited,,,,automatic,2026-02-19 11:40:00,2026-03-14 12:10:00
2c9dd113-3a35-4605-bf27-50db65083562,42a76c5d-df8f-4d62-a78e-86c094370f18,5f213a58-b179-42d7-9c05-e29474526e82,5f213a58-b179-42d7-9c05-e29474526e82,b302ab11-03e4-4bae-be36-6ec2662f7fc9,2026-04-11,visited,,,,automatic,2026-03-14 15:48:00,2026-04-11 09:58:00
398ccdff-81da-4ff3-8344-6719cbf916d3,42a76c5d-df8f-4d62-a78e-86c094370f18,5f213a58-b179-42d7-9c05-e29474526e82,5f213a58-b179-42d7-9c05-e29474526e82,406a76ac-2a9d-4982-b6f8-1efb7296c6c0,2026-06-05,visited,,,,automatic,2026-04-11 12:49:00,2026-06-06 13:14:00
414f766c-69db-4a17-99d3-3f34f7ab7c8a,42a76c5d-df8f-4d62-a78e-86c094370f18,5f213a58-b179-42d7-9c05-e29474526e82,5f213a58-b179-42d7-9c05-e29474526e82,b302ab11-03e4-4bae-be36-6ec2662f7fc9,2026-07-03,scheduled,,2026-07-17,,automatic,2026-06-06 12:38:00,2026-06-06 12:38:00
8cf3a48a-3cee-4397-9eeb-736bc7be7817,acb8809a-aa43-402f-ae77-2ec42e893228,552564e7-84a4-4534-acfd-938092f72643,552564e7-84a4-4534-acfd-938092f72643,448fb26c-4d06-4d9f-a11d-a2745fb4d4c6,2025-08-16,cancelled,moved,2025-08-19,,automatic,2025-07-17 12:53:00,2025-09-04 13:49:00
a4c91e2e-b4be-4d33-b05c-e8c0e1128e17,2e84608e-e4f9-4ab3-abed-c1abf90db40e,da845e7d-fedd-47ac-b12d-fb734b6449eb,da845e7d-fedd-47ac-b12d-fb734b6449eb,5e76f2ad-b087-4dc4-9d25-73e3e0503036,2026-08-13,visited,,,,automatic,2026-07-18 08:45:00,2026-08-13 10:53:00
7ddbad26-67c3-44be-9b49-af8d796db197,2e84608e-e4f9-4ab3-abed-c1abf90db40e,da845e7d-fedd-47ac-b12d-fb734b6449eb,da845e7d-fedd-47ac-b12d-fb734b6449eb,447e99c5-592b-43d3-805b-eb75f1251d2a,2026-08-26,visited,,,,automatic,2026-08-13 15:19:00,2026-08-26 11:31:00
fcf73c20-a581-4329-8c7f-1c7766c695df,2e84608e-e4f9-4ab3-abed-c1abf90db40e,da845e7d-fedd-47ac-b12d-fb734b6449eb,da845e7d-fedd-47ac-b12d-fb734b6449eb,447e99c5-592b-43d3-805b-eb75f1251d2a,2026-09-22,visited,,,,automatic,2026-08-26 12:28:00,2026-09-22 10:07:00
e59e8cfe-fe3c-4357-beee-57a47c219336,2e84608e-e4f9-4ab3-abed-c1abf90db40e,da845e7d-fedd-47ac-b12d-fb734b6449eb,da845e7d-fedd-47ac-b12d-fb734b6449eb,5e76f2ad-b087-4dc4-9d25-73e3e0503036,2026-10-18,scheduled,,,,automatic,2026-09-22 12:43:00,2026-09-22 12:43:00
0362b1af-4346-405f-ab26-88dd909ad185,e2ff2609-ca76-4592-825a-371a551da2ef,552564e7-84a4-4534-acfd-938092f72643,552564e7-84a4-4534-acfd-938092f72643,213c0975-3815-4ea4-ba67-23c54c2546da,2025-08-12,visited,,,,automatic,2025-07-16 08:52:00,2025-08-12 12:47:00
a1d67059-4b66-463a-abb9-780dc90c2978,e2ff2609-ca76-4592-825a-371a551da2ef,552564e7-84a4-4534-acfd-938092f72643,552564e7-84a4-4534-acfd-938092f72643,0035c5bf-742a-4ff6-9e23-941764d58bb9,2025-09-12,visited,,2025-09-15,,automatic,2025-08-12 12:43:00,2026-03-15 10:17:00
baaef2c5-3d3d-4ac3-b3a0-d4b8a2977e18,e2ff2609-ca76-4592-825a-371a551da2ef,552564e7-84a4-4534-acfd-938092f72643,552564e7-84a4-4534-acfd-938092f72643,0035c5bf-742a-4ff6-9e23-941764d58bb9,2026-04-13,scheduled,,2026-04-16,,automatic,2026-03-15 08:39:00,2026-03-15 08:39:00
aa84bbd2-e94d-46f0-a936-e48e1a2c8786,01657312-8bf4-4cc7-8f53-c6792975e758,906096d6-f0f6-4da5-9c19-dc403afb4bb8,906096d6-f0f6-4da5-9c19-dc403afb4bb8,8cc3bb69-3add-47d5-9cd2-8cff31252948,2026-03-30,visited,,,,automatic,2026-02-03 09:51:00,2026-03-30 08:26:00
32b67c82-c2d7-459b-97e6-a38da9151ce1,01657312-8bf4-4cc7-8f53-c6792975e758,906096d6-f0f6-4da5-9c19-dc403afb4bb8,906096d6-f0f6-4da5-9c19-dc403afb4bb8,8cc3bb69-3add-47d5-9cd2-8cff31252948,2026-04-30,visited,,2026-05-03,True,automatic,2026-03-30 09:33:00,2026-05-14 10:35:00
f0705238-a417-4558-a50a-473ef49708ac,01657312-8bf4-4cc7-8f53-c6792975e758,906096d6-f0f6-4da5-9c19-dc403afb4bb8,906096d6-f0f6-4da5-9c19-dc403afb4bb8,8cc3bb69-3add-47d5-9cd2-8cff31252948,2026-08-07,scheduled,,2026-08-10,True,automatic,2026-05-14 13:18:00,2026-05-14 13:18:00
2e4b4e0c-d5ba-4d35-bb4a-926f9edf27c6,c03a1c33-8887-4ace-ae15-f38502732f65,da845e7d-fedd-47ac-b12d-fb734b6449eb,da845e7d-fedd-47ac-b12d-fb734b6449eb,e18956f3-25d3-4ad3-9e29-e476c974b1e2,2025-11-21,visited,,,,automatic,2025-10-25 09:44:00,2025-11-19 09:11:00
44e8662d-790b-449a-ad87-b7baff2321b8,c03a1c33-8887-4ace-ae15-f38502732f65,da845e7d-fedd-47ac-b12d-fb734b6449eb,da845e7d-fedd-47ac-b12d-fb734b6449eb,e18956f3-25d3-4ad3-9e29-e476c974b1e2,2026-01-13,visited,,2026-02-07,,automatic,2025-11-19 09:50:00,2026-02-27 10:52:00
11c9ce6a-f0eb-4e0e-ade4-fb6a555464c8,c03a1c33-8887-4ace-ae15-f38502732f65,da845e7d-fedd-47ac-b12d-fb734b6449eb,da845e7d-fedd-47ac-b12d-fb734b6449eb,e18956f3-25d3-4ad3-9e29-e476c974b1e2,2026-05-20,visited,,,,automatic,2026-02-27 14:04:00,2026-05-20 10:30:00
4cc55bcd-c9bf-4339-ba45-6a062a0f32d9,c03a1c33-8887-4ace-ae15-f38502732f65,da845e7d-fedd-47ac-b12d-fb734b6449eb,da845e7d-fedd-47ac-b12d-fb734b6449eb,e18956f3-25d3-4ad3-9e29-e476c974b1e2,2026-06-18,visited,,,,automatic,2026-05-20 09:55:00,2026-06-18 09:46:00
a8d33618-3ceb-4b29-beab-5c8f3bd52b66,c03a1c33-8887-4ace-ae15-f38502732f65,da845e7d-fedd-47ac-b12d-fb734b6449eb,da845e7d-fedd-47ac-b12d-fb734b6449eb,447e99c5-592b-43d3-805b-eb75f1251d2a,2026-07-18,visited,,,,automatic,2026-06-18 12:27:00,2026-07-21 15:55:00
985115f7-d88a-4d6b-b9e9-38ab2ee76c76,c03a1c33-8887-4ace-ae15-f38502732f65,da845e7d-fedd-47ac-b12d-fb734b6449eb,da845e7d-fedd-47ac-b12d-fb734b6449eb,5e76f2ad-b087-4dc4-9d25-73e3e0503036,2026-08-18,visited,,,,automatic,2026-07-21 09:47:00,2026-08-18 15:08:00
2654dd67-84d0-47bc-a649-c34819381c2e,c03a1c33-8887-4ace-ae15-f38502732f65,da845e7d-fedd-47ac-b12d-fb734b6449eb,da845e7d-fedd-47ac-b12d-fb734b6449eb,e18956f3-25d3-4ad3-9e29-e476c974b1e2,2026-09-18,scheduled,,2026-09-21,,automatic,2026-08-18 15:38:00,2026-08-18 15:38:00
81209ce7-ef83-47c0-a8ec-8c3acd0a8c31,1a8ad177-d8dc-4f83-a934-a46291fb0613,552564e7-84a4-4534-acfd-938092f72643,552564e7-84a4-4534-acfd-938092f72643,19f2d2b9-737d-4029-8250-945229084df8,2025-10-04,visited,,,,automatic,2025-09-03 13:23:00,2025-10-04 13:53:00
1748284b-1938-4682-a0bd-4cbac29bfd96,1a8ad177-d8dc-4f83-a934-a46291fb0613,552564e7-84a4-4534-acfd-938092f72643,552564e7-84a4-4534-acfd-938092f72643,213c0975-3815-4ea4-ba67-23c54c2546da,2025-10-31,visited,,,,automatic,2025-10-04 11:14:00,2025-10-31 08:39:00
f83dde6e-ad89-42a0-8a00-977e4f61594f,1a8ad177-d8dc-4f83-a934-a46291fb0613,552564e7-84a4-4534-acfd-938092f72643,552564e7-84a4-4534-acfd-938092f72643,448fb26c-4d06-4d9f-a11d-a2745fb4d4c6,2025-11-14,visited,,,,automatic,2025-10-31 15:02:00,2025-11-15 09:17:00
db7e8c74-b5fd-477c-8713-9b8bc782e0ee,1a8ad177-d8dc-4f83-a934-a46291fb0613,552564e7-84a4-4534-acfd-938092f72643,552564e7-84a4-4534-acfd-938092f72643,19f2d2b9-737d-4029-8250-945229084df8,2025-12-15,visited,,,,automatic,2025-11-15 11:03:00,2025-12-15 09:23:00
531d35b3-da9c-47da-b6e0-97fe23608223,1a8ad177-d8dc-4f83-a934-a46291fb0613,552564e7-84a4-4534-acfd-938092f72643,552564e7-84a4-4534-acfd-938092f72643,c762646d-3ec2-420a-956d-f1b73ea05187,2025-12-28,visited,,,,automatic,2025-12-15 08:55:00,2025-12-28 14:52:00
0d7710cc-8f31-4933-b751-2ca1bba3bf76,1a8ad177-d8dc-4f83-a934-a46291fb0613,552564e7-84a4-4534-acfd-938092f72643,552564e7-84a4-4534-acfd-938092f72643,19f2d2b9-737d-4029-8250-945229084df8,2026-01-24,visited,,,,automatic,2025-12-28 13:21:00,2026-01-24 11:41:00
0d47f769-4ba0-4fd1-b8a5-4209e1a5ec0a,1a8ad177-d8dc-4f83-a934-a46291fb0613,552564e7-84a4-4534-acfd-938092f72643,552564e7-84a4-4534-acfd-938092f72643,0035c5bf-742a-4ff6-9e23-941764d58bb9,2026-02-09,visited,,,,automatic,2026-01-24 09:53:00,2026-02-08 08:53:00
b5be70bd-a39c-4944-a5f3-6796a8d4fbe3,1a8ad177-d8dc-4f83-a934-a46291fb0613,552564e7-84a4-4534-acfd-938092f72643,552564e7-84a4-4534-acfd-938092f72643,0035c5bf-742a-4ff6-9e23-941764d58bb9,2026-03-05,visited,,2026-03-08,,automatic,2026-02-08 12:44:00,2026-06-22 10:27:00
18e5fc2a-fc44-48df-af43-f0f3265717b3,1a8ad177-d8dc-4f83-a934-a46291fb0613,552564e7-84a4-4534-acfd-938092f72643,552564e7-84a4-4534-acfd-938092f72643,448fb26c-4d06-4d9f-a11d-a2745fb4d4c6,2026-07-21,visited,,,,automatic,2026-06-22 09:03:00,2026-07-21 09:23:00
d0d618c0-03c0-426e-8450-369dd89c7f84,1a8ad177-d8dc-4f83-a934-a46291fb0613,552564e7-84a4-4534-acfd-938092f72643,552564e7-84a4-4534-acfd-938092f72643,213c0975-3815-4ea4-ba67-23c54c2546da,2026-08-15,visited,,,,automatic,2026-07-21 12:35:00,2026-08-15 11:02:00
4c067ded-7d18-4cc6-8338-4629b34362a4,1a8ad177-d8dc-4f83-a934-a46291fb0613,552564e7-84a4-4534-acfd-938092f72643,552564e7-84a4-4534-acfd-938092f72643,213c0975-3815-4ea4-ba67-23c54c2546da,2026-09-09,visited,,,,automatic,2026-08-15 14:07:00,2026-09-09 09:13:00
37f118a8-e60b-4c8e-81a2-9b3186cc5e36,1a8ad177-d8dc-4f83-a934-a46291fb0613,552564e7-84a4-4534-acfd-938092f72643,552564e7-84a4-4534-acfd-938092f72643,19f2d2b9-737d-4029-8250-945229084df8,2026-11-03,scheduled,,,,automatic,2026-09-09 12:11:00,2026-09-09 12:11:00
27eccc6b-57d1-4afc-8fb7-b0db8b069afe,84cd67b3-29f4-448d-b1d1-35b5514cd7b9,552564e7-84a4-4534-acfd-938092f72643,552564e7-84a4-4534-acfd-938092f72643,213c0975-3815-4ea4-ba67-23c54c2546da,2025-12-09,visited,,,,automatic,2025-11-23 09:45:00,2025-12-09 15:13:00
c08d6115-3082-42eb-98b5-b5ee30e5938d,84cd67b3-29f4-448d-b1d1-35b5514cd7b9,552564e7-84a4-4534-acfd-938092f72643,552564e7-84a4-4534-acfd-938092f72643,c762646d-3ec2-420a-956d-f1b73ea05187,2026-01-08,visited,,2026-01-11,True,automatic,2025-12-09 12:56:00,2026-01-26 13:07:00
c0a7828a-0c91-4017-85cd-391e9094b391,84cd67b3-29f4-448d-b1d1-35b5514cd7b9,552564e7-84a4-4534-acfd-938092f72643,552564e7-84a4-4534-acfd-938092f72643,19f2d2b9-737d-4029-8250-945229084df8,2026-02-25,scheduled,,2026-02-28,True,automatic,2026-01-26 12:11:00,2026-01-26 12:11:00
c7ecae8e-9845-4316-a207-6e15c12a2e69,bf635f97-5584-4f94-a13a-d6431a9c7cca,906096d6-f0f6-4da5-9c19-dc403afb4bb8,906096d6-f0f6-4da5-9c19-dc403afb4bb8,9bae34d8-d312-48ce-9bbf-17fa6222b3f6,2025-10-27,visited,,2025-10-30,,automatic,2025-09-28 14:57:00,2026-03-11 11:57:00
de5f1982-89a7-4619-9227-fe2a03b5f806,bf635f97-5584-4f94-a13a-d6431a9c7cca,906096d6-f0f6-4da5-9c19-dc403afb4bb8,906096d6-f0f6-4da5-9c19-dc403afb4bb8,b0715258-4719-4ce5-8a85-03ccda2c376c,2026-04-08,visited,,,,automatic,2026-03-11 10:15:00,2026-04-08 10:32:00
a3cb2e5a-4ad9-493e-8442-ce3b17fd3c04,bf635f97-5584-4f94-a13a-d6431a9c7cca,906096d6-f0f6-4da5-9c19-dc403afb4bb8,906096d6-f0f6-4da5-9c19-dc403afb4bb8,8cc3bb69-3add-47d5-9cd2-8cff31252948,2026-05-07,visited,,,,automatic,2026-04-08 11:47:00,2026-05-07 11:02:00
6d4e45a3-9712-4c9d-917a-289c4215285d,bf635f97-5584-4f94-a13a-d6431a9c7cca,906096d6-f0f6-4da5-9c19-dc403afb4bb8,906096d6-f0f6-4da5-9c19-dc403afb4bb8,b0715258-4719-4ce5-8a85-03ccda2c376c,2026-06-05,visited,,2026-06-08,True,automatic,2026-05-07 13:36:00,2026-08-01 10:30:00
e5aa6da2-a160-4c94-b481-2032c78555c7,bf635f97-5584-4f94-a13a-d6431a9c7cca,906096d6-f0f6-4da5-9c19-dc403afb4bb8,906096d6-f0f6-4da5-9c19-dc403afb4bb8,8cc3bb69-3add-47d5-9cd2-8cff31252948,2026-08-13,visited,,,,automatic,2026-08-01 10:59:00,2026-08-10 12:51:00
440ff44d-a7cb-415d-9f92-954b20d702f9,bf635f97-5584-4f94-a13a-d6431a9c7cca,906096d6-f0f6-4da5-9c19-dc403afb4bb8,906096d6-f0f6-4da5-9c19-dc403afb4bb8,b0715258-4719-4ce5-8a85-03ccda2c376c,2026-09-06,visited,,,,automatic,2026-08-10 10:11:00,2026-09-06 10:37:00
91ffae96-2c06-46ea-a79f-a637fd368161,bf635f97-5584-4f94-a13a-d6431a9c7cca,906096d6-f0f6-4da5-9c19-dc403afb4bb8,906096d6-f0f6-4da5-9c19-dc403afb4bb8,9bae34d8-d312-48ce-9bbf-17fa6222b3f6,2026-10-01,scheduled,,,,automatic,2026-09-06 10:14:00,2026-09-06 10:14:00
50dadd1a-3956-4be5-9bfc-f12f9a4d0a58,bc1e8227-bc39-4162-8c20-ea8c82a2a2d1,552564e7-84a4-4534-acfd-938092f72643,552564e7-84a4-4534-acfd-938092f72643,448fb26c-4d06-4d9f-a11d-a2745fb4d4c6,2026-05-13,visited,,,,automatic,2026-04-29 14:19:00,2026-05-12 12:59:00
64e17ac4-54d7-4119-82c1-88eb4c98dfd0,bc1e8227-bc39-4162-8c20-ea8c82a2a2d1,552564e7-84a4-4534-acfd-938092f72643,552564e7-84a4-4534-acfd-938092f72643,f3161305-31e6-47c0-8597-e00f4ddec847,2026-05-29,visited,,,,automatic,2026-05-12 09:55:00,2026-05-31 15:44:00
752b0dbd-a763-440d-955e-97fd2ebc9774,bc1e8227-bc39-4162-8c20-ea8c82a2a2d1,552564e7-84a4-4534-acfd-938092f72643,552564e7-84a4-4534-acfd-938092f72643,448fb26c-4d06-4d9f-a11d-a2745fb4d4c6,2026-06-25,visited,,2026-06-28,,automatic,2026-05-31 12:56:00,2026-09-11 14:52:00
b490b817-94e8-46c9-9b99-4b538f4e5780,bc1e8227-bc39-4162-8c20-ea8c82a2a2d1,552564e7-84a4-4534-acfd-938092f72643,552564e7-84a4-4534-acfd-938092f72643,f3161305-31e6-47c0-8597-e00f4ddec847,2026-10-06,scheduled,,,,automatic,2026-09-11 10:46:00,2026-09-11 10:46:00
ca35cb37-2164-4b15-8f1f-b9672c1855d9,a03070c4-77ad-4e97-8727-3abbd30ca42f,552564e7-84a4-4534-acfd-938092f72643,552564e7-84a4-4534-acfd-938092f72643,19f2d2b9-737d-4029-8250-945229084df8,2026-07-22,visited,,,,automatic,2026-07-06 14:18:00,2026-07-22 15:05:00
49f843e6-0913-4f33-b87d-a0a377982774,a03070c4-77ad-4e97-8727-3abbd30ca42f,552564e7-84a4-4534-acfd-938092f72643,552564e7-84a4-4534-acfd-938092f72643,0035c5bf-742a-4ff6-9e23-941764d58bb9,2026-08-19,visited,,,,automatic,2026-07-22 10:10:00,2026-08-19 14:06:00
c021221f-81fc-4dc6-a368-078c4a07d83e,a03070c4-77ad-4e97-8727-3abbd30ca42f,552564e7-84a4-4534-acfd-938092f72643,552564e7-84a4-4534-acfd-938092f72643,19f2d2b9-737d-4029-8250-945229084df8,2026-09-16,scheduled,,2026-09-19,,automatic,2026-08-19 14:08:00,2026-08-19 14:08:00
8b946ba2-afd7-43d4-9998-19f427970410,b6b17bb1-5d9c-460f-80de-7bfcd2ce922c,552564e7-84a4-4534-acfd-938092f72643,552564e7-84a4-4534-acfd-938092f72643,213c0975-3815-4ea4-ba67-23c54c2546da,2025-12-11,visited,,2025-12-14,,automatic,2025-11-14 08:23:00,2026-03-20 11:31:00
f4b462c4-ce93-4285-b90c-b1e4c86a570e,b6b17bb1-5d9c-460f-80de-7bfcd2ce922c,552564e7-84a4-4534-acfd-938092f72643,552564e7-84a4-4534-acfd-938092f72643,213c0975-3815-4ea4-ba67-23c54c2546da,2026-04-05,visited,,2026-05-01,,automatic,2026-03-20 14:37:00,2026-06-22 11:29:00
75497e02-8070-4f4e-990d-f161bd543c3f,b6b17bb1-5d9c-460f-80de-7bfcd2ce922c,552564e7-84a4-4534-acfd-938092f72643,552564e7-84a4-4534-acfd-938092f72643,c762646d-3ec2-420a-956d-f1b73ea05187,2026-07-09,visited,,2026-07-12,,automatic,2026-06-22 12:38:00,2026-07-29 14:21:00
a8526bf8-b3ed-4c6e-becf-ab147de8b446,b6b17bb1-5d9c-460f-80de-7bfcd2ce922c,552564e7-84a4-4534-acfd-938092f72643,552564e7-84a4-4534-acfd-938092f72643,19f2d2b9-737d-4029-8250-945229084df8,2026-08-28,visited,,2026-08-31,True,automatic,2026-07-29 14:39:00,2026-09-25 10:59:00
42669216-2d10-4347-8719-4b86a05231b3,b6b17bb1-5d9c-460f-80de-7bfcd2ce922c,552564e7-84a4-4534-acfd-938092f72643,552564e7-84a4-4534-acfd-938092f72643,c762646d-3ec2-420a-956d-f1b73ea05187,2026-10-22,scheduled,,,,automatic,2026-09-25 13:44:00,2026-09-25 13:44:00
d2d1a835-c1a9-4ed1-9db0-34ecee70b7e5,197031ba-dfca-4f61-af32-cb30dc877e7b,552564e7-84a4-4534-acfd-938092f72643,552564e7-84a4-4534-acfd-938092f72643,f3161305-31e6-47c0-8597-e00f4ddec847,2024-11-29,visited,,,,automatic,2024-11-18 15:35:00,2024-11-29 10:10:00
97e6c643-cab6-4bd2-b0ac-bcd8a773027b,197031ba-dfca-4f61-af32-cb30dc877e7b,552564e7-84a4-4534-acfd-938092f72643,552564e7-84a4-4534-acfd-938092f72643,0035c5bf-742a-4ff6-9e23-941764d58bb9,2024-12-24,visited,,,,automatic,2024-11-29 13:25:00,2024-12-23 12:37:00
aab66c98-56a0-4a97-9020-638e2fb32009,197031ba-dfca-4f61-af32-cb30dc877e7b,552564e7-84a4-4534-acfd-938092f72643,552564e7-84a4-4534-acfd-938092f72643,c762646d-3ec2-420a-956d-f1b73ea05187,2025-01-20,visited,,,,automatic,2024-12-23 13:57:00,2025-01-19 08:34:00
5d12af37-56e3-42f1-b6bf-7e8f6eac4c3f,197031ba-dfca-4f61-af32-cb30dc877e7b,552564e7-84a4-4534-acfd-938092f72643,552564e7-84a4-4534-acfd-938092f72643,19f2d2b9-737d-4029-8250-945229084df8,2025-02-18,visited,,2025-02-21,True,automatic,2025-01-19 14:25:00,2025-04-16 08:58:00
229c46a2-38ef-4d03-8f12-8af64a2ffb16,197031ba-dfca-4f61-af32-cb30dc877e7b,552564e7-84a4-4534-acfd-938092f72643,552564e7-84a4-4534-acfd-938092f72643,19f2d2b9-737d-4029-8250-945229084df8,2025-05-12,visited,,2025-05-15,,automatic,2025-04-16 13:41:00,2025-05-20 13:38:00
8559fa6b-6034-43b4-80b1-97d19845bb69,197031ba-dfca-4f61-af32-cb30dc877e7b,552564e7-84a4-4534-acfd-938092f72643,552564e7-84a4-4534-acfd-938092f72643,c762646d-3ec2-420a-956d-f1b73ea05187,2025-06-14,scheduled,,2025-06-17,,automatic,2025-05-20 15:54:00,2025-05-20 15:54:00
1981fbae-af10-4955-8a35-763d0a9da6a1,d55278ed-fb1e-4a1b-9116-b5f628014a34,ffe42279-f3bd-4683-a6a8-52c1bb9651f3,ffe42279-f3bd-4683-a6a8-52c1bb9651f3,4519b91f-242d-4e4d-ae0c-da1f0c701874,2025-12-02,visited,,,,automatic,2025-11-17 10:08:00,2025-12-02 12:53:00
5e565e74-189c-4056-8a37-8dbf4de0840b,d55278ed-fb1e-4a1b-9116-b5f628014a34,ffe42279-f3bd-4683-a6a8-52c1bb9651f3,ffe42279-f3bd-4683-a6a8-52c1bb9651f3,4519b91f-242d-4e4d-ae0c-da1f0c701874,2025-12-17,visited,,,,automatic,2025-12-02 13:31:00,2025-12-17 14:50:00
91296533-0af2-4577-a68a-fc689cdbd865,d55278ed-fb1e-4a1b-9116-b5f628014a34,ffe42279-f3bd-4683-a6a8-52c1bb9651f3,ffe42279-f3bd-4683-a6a8-52c1bb9651f3,246dee45-3351-44d3-8a3a-ca414c46c168,2026-01-17,visited,,,,automatic,2025-12-17 08:13:00,2026-01-17 08:28:00
f0a9e664-de92-47cf-85df-d899df5eb9e9,d55278ed-fb1e-4a1b-9116-b5f628014a34,ffe42279-f3bd-4683-a6a8-52c1bb9651f3,ffe42279-f3bd-4683-a6a8-52c1bb9651f3,cd18ec08-f6a4-4724-926f-acd2aeb0daf2,2026-02-14,visited,,2026-02-17,True,automatic,2026-01-17 14:30:00,2026-03-03 13:48:00
30703e89-c3a7-4997-9353-4855d92074de,d55278ed-fb1e-4a1b-9116-b5f628014a34,ffe42279-f3bd-4683-a6a8-52c1bb9651f3,ffe42279-f3bd-4683-a6a8-52c1bb9651f3,246dee45-3351-44d3-8a3a-ca414c46c168,2026-03-29,visited,,2026-04-23,,automatic,2026-03-03 10:55:00,2026-04-24 10:34:00
8a80d779-2feb-4efc-8c08-c51d913cb5ae,d55278ed-fb1e-4a1b-9116-b5f628014a34,ffe42279-f3bd-4683-a6a8-52c1bb9651f3,ffe42279-f3bd-4683-a6a8-52c1bb9651f3,353297dd-2e3c-46c0-a49c-7fd69ac2c389,2026-05-22,visited,,,,automatic,2026-04-24 09:05:00,2026-05-22 13:46:00
79264d83-2aaa-4064-8b93-cd1099252761,d55278ed-fb1e-4a1b-9116-b5f628014a34,ffe42279-f3bd-4683-a6a8-52c1bb9651f3,ffe42279-f3bd-4683-a6a8-52c1bb9651f3,353297dd-2e3c-46c0-a49c-7fd69ac2c389,2026-06-05,visited,,,,automatic,2026-05-22 13:14:00,2026-06-05 14:04:00
c242d1ac-7ecf-491c-813c-e51fae685a46,d55278ed-fb1e-4a1b-9116-b5f628014a34,ffe42279-f3bd-4683-a6a8-52c1bb9651f3,ffe42279-f3bd-4683-a6a8-52c1bb9651f3,4519b91f-242d-4e4d-ae0c-da1f0c701874,2026-07-05,visited,,,,automatic,2026-06-05 10:11:00,2026-07-05 14:44:00
88d1a985-8945-4805-97f5-4ea00f7dbb13,d55278ed-fb1e-4a1b-9116-b5f628014a34,ffe42279-f3bd-4683-a6a8-52c1bb9651f3,ffe42279-f3bd-4683-a6a8-52c1bb9651f3,4519b91f-242d-4e4d-ae0c-da1f0c701874,2026-08-03,visited,,2026-08-06,,automatic,2026-07-05 15:33:00,2026-08-28 13:56:00
acaac231-7cac-44f4-8751-b3b049d11f73,d55278ed-fb1e-4a1b-9116-b5f628014a34,ffe42279-f3bd-4683-a6a8-52c1bb9651f3,ffe42279-f3bd-4683-a6a8-52c1bb9651f3,4519b91f-242d-4e4d-ae0c-da1f0c701874,2026-09-25,visited,,,,automatic,2026-08-28 08:37:00,2026-09-22 15:21:00
3bd2fa7f-7964-4aee-a522-0135f6d3a41e,d55278ed-fb1e-4a1b-9116-b5f628014a34,ffe42279-f3bd-4683-a6a8-52c1bb9651f3,ffe42279-f3bd-4683-a6a8-52c1bb9651f3,246dee45-3351-44d3-8a3a-ca414c46c168,2026-10-22,scheduled,,,,automatic,2026-09-22 13:55:00,2026-09-22 13:55:00
140c4904-fe5a-4177-90c5-79db2bfe12d1,89a55214-8cd2-48b2-a53a-dd6085378efd,552564e7-84a4-4534-acfd-938092f72643,552564e7-84a4-4534-acfd-938092f72643,c762646d-3ec2-420a-956d-f1b73ea05187,2026-04-13,visited,,,,automatic,2026-03-30 13:29:00,2026-04-16 09:57:00
b5c545e2-334b-4e2e-acae-ea6a8a28f17a,89a55214-8cd2-48b2-a53a-dd6085378efd,552564e7-84a4-4534-acfd-938092f72643,552564e7-84a4-4534-acfd-938092f72643,0035c5bf-742a-4ff6-9e23-941764d58bb9,2026-04-29,visited,,,,automatic,2026-04-16 12:11:00,2026-04-29 10:47:00
453d04bb-ee68-4c36-a44e-2d1afb71b822,89a55214-8cd2-48b2-a53a-dd6085378efd,552564e7-84a4-4534-acfd-938092f72643,552564e7-84a4-4534-acfd-938092f72643,f3161305-31e6-47c0-8597-e00f4ddec847,2026-05-16,visited,,,,automatic,2026-04-29 08:28:00,2026-05-16 12:37:00
58442faf-03f2-45dc-99ee-0cd3cea00d36,89a55214-8cd2-48b2-a53a-dd6085378efd,552564e7-84a4-4534-acfd-938092f72643,552564e7-84a4-4534-acfd-938092f72643,213c0975-3815-4ea4-ba67-23c54c2546da,2026-06-01,visited,,,,automatic,2026-05-16 14:53:00,2026-06-01 11:30:00
ceea6e92-9719-467f-ae72-6ab2c2924f1a,89a55214-8cd2-48b2-a53a-dd6085378efd,552564e7-84a4-4534-acfd-938092f72643,552564e7-84a4-4534-acfd-938092f72643,213c0975-3815-4ea4-ba67-23c54c2546da,2026-06-28,visited,,,,automatic,2026-06-01 15:08:00,2026-06-28 13:23:00
f827a986-b4f1-4fd2-aca1-0d354847bbbb,89a55214-8cd2-48b2-a53a-dd6085378efd,552564e7-84a4-4534-acfd-938092f72643,552564e7-84a4-4534-acfd-938092f72643,0035c5bf-742a-4ff6-9e23-941764d58bb9,2026-08-23,visited,,,,automatic,2026-06-28 10:24:00,2026-08-24 14:48:00
cb69c980-a34f-42fc-ae50-83ca85fa6b2a,89a55214-8cd2-48b2-a53a-dd6085378efd,552564e7-84a4-4534-acfd-938092f72643,552564e7-84a4-4534-acfd-938092f72643,0035c5bf-742a-4ff6-9e23-941764d58bb9,2026-10-22,scheduled,,,,automatic,2026-08-24 14:24:00,2026-08-24 14:24:00
0160a98f-8637-4b51-a0ea-0d4c59f40fe8,8c463ec7-74d0-401b-ab96-ea372d06410b,5f213a58-b179-42d7-9c05-e29474526e82,5f213a58-b179-42d7-9c05-e29474526e82,8e0d0bd7-32bc-44e0-8bb3-7f4f4b13cf78,2025-12-28,visited,,2025-12-31,,automatic,2025-10-08 12:03:00,2026-04-22 12:14:00
69ccfe18-f773-48e6-bdab-89a9910d6cde,8c463ec7-74d0-401b-ab96-ea372d06410b,5f213a58-b179-42d7-9c05-e29474526e82,5f213a58-b179-42d7-9c05-e29474526e82,2db9a55b-d59a-4a30-a4c8-bf7ae0a1e014,2026-07-13,scheduled,,2026-07-16,,automatic,2026-04-22 13:12:00,2026-04-22 13:12:00
04f6404c-486a-468b-8f67-35044886df91,37aa0e55-28bf-4af7-9ace-d684de6b5f72,552564e7-84a4-4534-acfd-938092f72643,552564e7-84a4-4534-acfd-938092f72643,0035c5bf-742a-4ff6-9e23-941764d58bb9,2026-04-09,visited,,,,automatic,2026-03-26 12:26:00,2026-04-09 13:04:00
85f45e0a-d3b6-4e80-9e68-d8a3d738bd00,37aa0e55-28bf-4af7-9ace-d684de6b5f72,552564e7-84a4-4534-acfd-938092f72643,552564e7-84a4-4534-acfd-938092f72643,19f2d2b9-737d-4029-8250-945229084df8,2026-04-20,visited,,,,automatic,2026-04-09 10:34:00,2026-04-19 15:52:00
91139546-64bc-4ffb-899a-a63f356d6e19,37aa0e55-28bf-4af7-9ace-d684de6b5f72,552564e7-84a4-4534-acfd-938092f72643,552564e7-84a4-4534-acfd-938092f72643,c762646d-3ec2-420a-956d-f1b73ea05187,2026-05-18,visited,,,,automatic,2026-04-19 08:39:00,2026-05-19 11:31:00
cc53d145-7ac0-4788-b48c-607ec0caa815,37aa0e55-28bf-4af7-9ace-d684de6b5f72,552564e7-84a4-4534-acfd-938092f72643,552564e7-84a4-4534-acfd-938092f72643,213c0975-3815-4ea4-ba67-23c54c2546da,2026-06-14,scheduled,,2026-06-29,,automatic,2026-05-19 11:13:00,2026-05-19 11:13:00
ed5105cd-6f19-4889-9560-7c53ea7d44f9,9c943843-aed1-4463-a2f7-ddeba6563799,906096d6-f0f6-4da5-9c19-dc403afb4bb8,906096d6-f0f6-4da5-9c19-dc403afb4bb8,8cc3bb69-3add-47d5-9cd2-8cff31252948,2025-07-01,visited,,2025-07-04,True,automatic,2025-06-18 08:36:00,2025-08-29 14:49:00
6bde47af-b25c-433c-abbb-c669ebecd23c,9c943843-aed1-4463-a2f7-ddeba6563799,906096d6-f0f6-4da5-9c19-dc403afb4bb8,906096d6-f0f6-4da5-9c19-dc403afb4bb8,8cc3bb69-3add-47d5-9cd2-8cff31252948,2025-09-28,visited,,2025-10-01,,automatic,2025-08-29 10:07:00,2026-01-02 08:24:00
ac95c252-9c3d-40e6-97dd-820b2ccd31c0,9c943843-aed1-4463-a2f7-ddeba6563799,906096d6-f0f6-4da5-9c19-dc403afb4bb8,906096d6-f0f6-4da5-9c19-dc403afb4bb8,9bae34d8-d312-48ce-9bbf-17fa6222b3f6,2026-01-29,visited,,,,automatic,2026-01-02 11:22:00,2026-01-29 10:21:00
bbbc5fc6-f037-48c5-88be-6dd7594b38ce,9c943843-aed1-4463-a2f7-ddeba6563799,906096d6-f0f6-4da5-9c19-dc403afb4bb8,906096d6-f0f6-4da5-9c19-dc403afb4bb8,8cc3bb69-3add-47d5-9cd2-8cff31252948,2026-02-25,visited,,,,automatic,2026-01-29 10:06:00,2026-02-22 13:13:00
4b26dfde-9686-4722-90be-0072cd5024f5,9c943843-aed1-4463-a2f7-ddeba6563799,906096d6-f0f6-4da5-9c19-dc403afb4bb8,906096d6-f0f6-4da5-9c19-dc403afb4bb8,b0715258-4719-4ce5-8a85-03ccda2c376c,2026-03-25,scheduled,,2026-04-20,,automatic,2026-02-22 13:14:00,2026-02-22 13:14:00
df22c9e5-905c-403b-94bc-337502c6ec08,7d05720a-d007-493d-9454-a82b980b73ce,552564e7-84a4-4534-acfd-938092f72643,552564e7-84a4-4534-acfd-938092f72643,f3161305-31e6-47c0-8597-e00f4ddec847,2025-06-17,visited,,,,automatic,2025-05-17 13:06:00,2025-06-16 15:23:00
33fafccb-89fc-47db-9df3-9fa686d2d9b7,7d05720a-d007-493d-9454-a82b980b73ce,552564e7-84a4-4534-acfd-938092f72643,552564e7-84a4-4534-acfd-938092f72643,19f2d2b9-737d-4029-8250-945229084df8,2025-07-02,visited,,2025-07-05,True,automatic,2025-06-16 08:36:00,2025-07-29 15:12:00
7f25ddb8-18f8-427b-b0dd-15f13e8d4d1d,7d05720a-d007-493d-9454-a82b980b73ce,552564e7-84a4-4534-acfd-938092f72643,552564e7-84a4-4534-acfd-938092f72643,448fb26c-4d06-4d9f-a11d-a2745fb4d4c6,2025-08-27,visited,,,,automatic,2025-07-29 13:35:00,2025-08-27 15:46:00
77a822b5-0fee-49ee-8315-57dee99cde9c,7d05720a-d007-493d-9454-a82b980b73ce,552564e7-84a4-4534-acfd-938092f72643,552564e7-84a4-4534-acfd-938092f72643,c762646d-3ec2-420a-956d-f1b73ea05187,2025-09-25,visited,,,,automatic,2025-08-27 11:22:00,2025-09-25 09:52:00
ce9691ba-0fea-4562-addd-d366519f91af,7d05720a-d007-493d-9454-a82b980b73ce,552564e7-84a4-4534-acfd-938092f72643,552564e7-84a4-4534-acfd-938092f72643,c762646d-3ec2-420a-956d-f1b73ea05187,2025-10-24,visited,,,,automatic,2025-09-25 12:31:00,2025-10-25 10:58:00
3d7346b4-2b81-4393-a079-d616cc8dbd6f,7d05720a-d007-493d-9454-a82b980b73ce,552564e7-84a4-4534-acfd-938092f72643,552564e7-84a4-4534-acfd-938092f72643,19f2d2b9-737d-4029-8250-945229084df8,2025-11-10,visited,,2025-11-13,True,automatic,2025-10-25 14:54:00,2026-05-13 12:53:00
2ce8f483-35d4-49e2-b75f-4c967ea1b70c,7d05720a-d007-493d-9454-a82b980b73ce,552564e7-84a4-4534-acfd-938092f72643,552564e7-84a4-4534-acfd-938092f72643,c762646d-3ec2-420a-956d-f1b73ea05187,2026-06-09,visited,,,,automatic,2026-05-13 12:27:00,2026-06-07 11:38:00
d9b8c2ae-5cb4-4dae-8549-7b10496f9011,7d05720a-d007-493d-9454-a82b980b73ce,552564e7-84a4-4534-acfd-938092f72643,552564e7-84a4-4534-acfd-938092f72643,0035c5bf-742a-4ff6-9e23-941764d58bb9,2026-06-20,visited,,,,automatic,2026-06-07 08:15:00,2026-06-18 15:16:00
b8edd605-fe8a-4c61-884b-82377eab491e,7d05720a-d007-493d-9454-a82b980b73ce,552564e7-84a4-4534-acfd-938092f72643,552564e7-84a4-4534-acfd-938092f72643,448fb26c-4d06-4d9f-a11d-a2745fb4d4c6,2026-07-15,visited,,,,automatic,2026-06-18 14:42:00,2026-07-22 10:03:00
4df244c3-1054-4fe0-ad59-f1b182758fe3,7d05720a-d007-493d-9454-a82b980b73ce,552564e7-84a4-4534-acfd-938092f72643,552564e7-84a4-4534-acfd-938092f72643,c762646d-3ec2-420a-956d-f1b73ea05187,2026-08-07,visited,,,,automatic,2026-07-22 10:37:00,2026-08-05 09:38:00
906c9ca1-e594-4a69-bf03-32b8b6435c5f,7d05720a-d007-493d-9454-a82b980b73ce,552564e7-84a4-4534-acfd-938092f72643,552564e7-84a4-4534-acfd-938092f72643,f3161305-31e6-47c0-8597-e00f4ddec847,2026-09-04,scheduled,,2026-09-07,True,automatic,2026-08-05 15:10:00,2026-08-05 15:10:00
464dc78a-15e7-4587-b223-8fe417f0a266,54b6facf-ec4f-4b56-b199-1f4c49327b13,da845e7d-fedd-47ac-b12d-fb734b6449eb,da845e7d-fedd-47ac-b12d-fb734b6449eb,e18956f3-25d3-4ad3-9e29-e476c974b1e2,2026-03-04,visited,,,,automatic,2026-02-17 09:31:00,2026-03-04 11:31:00
fb0f774a-4b64-45be-95e4-d724e477c3b9,54b6facf-ec4f-4b56-b199-1f4c49327b13,da845e7d-fedd-47ac-b12d-fb734b6449eb,da845e7d-fedd-47ac-b12d-fb734b6449eb,447e99c5-592b-43d3-805b-eb75f1251d2a,2026-04-03,visited,,,,automatic,2026-03-04 12:59:00,2026-04-03 14:02:00
aad90416-b52e-4885-abe8-42ad5b886344,54b6facf-ec4f-4b56-b199-1f4c49327b13,da845e7d-fedd-47ac-b12d-fb734b6449eb,da845e7d-fedd-47ac-b12d-fb734b6449eb,447e99c5-592b-43d3-805b-eb75f1251d2a,2026-04-17,scheduled,,2026-04-20,,automatic,2026-04-03 10:29:00,2026-04-03 10:29:00
4590d3b8-2b4e-46d6-8719-80c09d2bc680,a9955436-0e7b-49fa-abe3-d8f91805d028,ffe42279-f3bd-4683-a6a8-52c1bb9651f3,ffe42279-f3bd-4683-a6a8-52c1bb9651f3,246dee45-3351-44d3-8a3a-ca414c46c168,2025-10-08,visited,,,,automatic,2025-09-10 11:06:00,2025-10-08 08:51:00
94750531-f23f-42ab-be88-7cc21c3b8ea8,a9955436-0e7b-49fa-abe3-d8f91805d028,ffe42279-f3bd-4683-a6a8-52c1bb9651f3,ffe42279-f3bd-4683-a6a8-52c1bb9651f3,cd18ec08-f6a4-4724-926f-acd2aeb0daf2,2025-11-06,visited,,,,automatic,2025-10-08 13:50:00,2025-11-04 09:10:00
2e400ef3-0144-4680-a827-6cb57e0e4a4e,a9955436-0e7b-49fa-abe3-d8f91805d028,ffe42279-f3bd-4683-a6a8-52c1bb9651f3,ffe42279-f3bd-4683-a6a8-52c1bb9651f3,246dee45-3351-44d3-8a3a-ca414c46c168,2025-11-15,visited,,,,automatic,2025-11-04 15:57:00,2025-11-15 14:18:00
025877f6-079b-4784-94d8-38cfd8d99091,a9955436-0e7b-49fa-abe3-d8f91805d028,ffe42279-f3bd-4683-a6a8-52c1bb9651f3,ffe42279-f3bd-4683-a6a8-52c1bb9651f3,353297dd-2e3c-46c0-a49c-7fd69ac2c389,2025-12-10,visited,,,,automatic,2025-11-15 10:36:00,2025-12-13 14:58:00
e10beabb-bdfc-480f-bb57-348e3b29a847,a9955436-0e7b-49fa-abe3-d8f91805d028,ffe42279-f3bd-4683-a6a8-52c1bb9651f3,ffe42279-f3bd-4683-a6a8-52c1bb9651f3,4519b91f-242d-4e4d-ae0c-da1f0c701874,2026-01-10,visited,,,,automatic,2025-12-13 08:42:00,2026-01-11 08:03:00
0490e277-5e6c-44fe-9ca4-91ffbda35996,a9955436-0e7b-49fa-abe3-d8f91805d028,ffe42279-f3bd-4683-a6a8-52c1bb9651f3,ffe42279-f3bd-4683-a6a8-52c1bb9651f3,353297dd-2e3c-46c0-a49c-7fd69ac2c389,2026-03-10,visited,,,,automatic,2026-01-11 12:33:00,2026-03-10 15:32:00
1b50cf4a-7b46-4af2-af95-a987230db78f,a9955436-0e7b-49fa-abe3-d8f91805d028,ffe42279-f3bd-4683-a6a8-52c1bb9651f3,ffe42279-f3bd-4683-a6a8-52c1bb9651f3,353297dd-2e3c-46c0-a49c-7fd69ac2c389,2026-05-02,visited,,,,automatic,2026-03-10 15:56:00,2026-05-05 08:20:00
5071f147-0dd4-4e6e-b289-9de4e835e4f4,a9955436-0e7b-49fa-abe3-d8f91805d028,ffe42279-f3bd-4683-a6a8-52c1bb9651f3,ffe42279-f3bd-4683-a6a8-52c1bb9651f3,4519b91f-242d-4e4d-ae0c-da1f0c701874,2026-07-01,visited,,,,automatic,2026-05-05 15:52:00,2026-06-30 11:17:00
fbdb561a-b247-440b-9085-e2a8ebd2ef24,a9955436-0e7b-49fa-abe3-d8f91805d028,ffe42279-f3bd-4683-a6a8-52c1bb9651f3,ffe42279-f3bd-4683-a6a8-52c1bb9651f3,4519b91f-242d-4e4d-ae0c-da1f0c701874,2026-07-25,visited,,,,automatic,2026-06-30 12:27:00,2026-07-26 15:44:00
11e7865e-b4ce-4020-8482-f45707ad9973,a9955436-0e7b-49fa-abe3-d8f91805d028,ffe42279-f3bd-4683-a6a8-52c1bb9651f3,ffe42279-f3bd-4683-a6a8-52c1bb9651f3,353297dd-2e3c-46c0-a49c-7fd69ac2c389,2026-08-20,visited,,,,automatic,2026-07-26 13:31:00,2026-08-20 10:36:00
9949fbe6-f128-45d0-89cd-8b5b0b5d56c2,a9955436-0e7b-49fa-abe3-d8f91805d028,ffe42279-f3bd-4683-a6a8-52c1bb9651f3,ffe42279-f3bd-4683-a6a8-52c1bb9651f3,cd18ec08-f6a4-4724-926f-acd2aeb0daf2,2026-09-14,visited,,,,automatic,2026-08-20 09:09:00,2026-09-15 12:59:00
54db2f78-2498-439d-b91e-c9a7451691d5,a9955436-0e7b-49fa-abe3-d8f91805d028,ffe42279-f3bd-4683-a6a8-52c1bb9651f3,ffe42279-f3bd-4683-a6a8-52c1bb9651f3,246dee45-3351-44d3-8a3a-ca414c46c168,2026-10-14,scheduled,,,,automatic,2026-09-15 10:51:00,2026-09-15 10:51:00
59de8624-6f04-49e7-9972-f943a68b32b4,c41ca486-dbe2-41ee-a981-b4037d879f4a,552564e7-84a4-4534-acfd-938092f72643,552564e7-84a4-4534-acfd-938092f72643,c762646d-3ec2-420a-956d-f1b73ea05187,2024-12-15,visited,,2024-12-18,,automatic,2024-11-15 09:26:00,2025-06-12 12:51:00
b666c83c-397a-407c-ae9f-a6b69daa68e3,c41ca486-dbe2-41ee-a981-b4037d879f4a,552564e7-84a4-4534-acfd-938092f72643,552564e7-84a4-4534-acfd-938092f72643,19f2d2b9-737d-4029-8250-945229084df8,2025-07-08,scheduled,,2025-07-11,,automatic,2025-06-12 08:07:00,2025-06-12 08:07:00
0d2a1642-1a3c-482a-8a89-6640240a1ea9,6d63ab74-5d08-4680-a74c-bdc1b37dca76,5f213a58-b179-42d7-9c05-e29474526e82,5f213a58-b179-42d7-9c05-e29474526e82,406a76ac-2a9d-4982-b6f8-1efb7296c6c0,2026-05-28,visited,,2026-05-31,True,automatic,2026-05-01 11:41:00,2026-07-20 10:01:00
e9008804-1ef5-4657-bcb8-581169df69de,6d63ab74-5d08-4680-a74c-bdc1b37dca76,5f213a58-b179-42d7-9c05-e29474526e82,5f213a58-b179-42d7-9c05-e29474526e82,406a76ac-2a9d-4982-b6f8-1efb7296c6c0,2026-08-15,visited,,2026-08-31,,automatic,2026-07-20 13:15:00,2026-08-28 14:07:00
0f88b2a2-1233-4aed-a82e-5be2b40c92a5,6d63ab74-5d08-4680-a74c-bdc1b37dca76,5f213a58-b179-42d7-9c05-e29474526e82,5f213a58-b179-42d7-9c05-e29474526e82,b302ab11-03e4-4bae-be36-6ec2662f7fc9,2026-09-12,scheduled,,2026-09-15,,automatic,2026-08-28 13:17:00,2026-08-28 13:17:00
59e2a9c1-7b7c-433e-8080-6ee59f64f6f7,1ff53102-f524-4e53-93fb-49e584cb164b,906096d6-f0f6-4da5-9c19-dc403afb4bb8,906096d6-f0f6-4da5-9c19-dc403afb4bb8,9bae34d8-d312-48ce-9bbf-17fa6222b3f6,2025-11-03,visited,,,,automatic,2025-10-09 15:05:00,2025-11-02 10:17:00
6f472ed9-f42f-470e-81da-ae5c408aaf76,1ff53102-f524-4e53-93fb-49e584cb164b,906096d6-f0f6-4da5-9c19-dc403afb4bb8,906096d6-f0f6-4da5-9c19-dc403afb4bb8,8cc3bb69-3add-47d5-9cd2-8cff31252948,2025-12-02,visited,,,,automatic,2025-11-02 14:39:00,2025-12-02 13:38:00
3ac1862b-52ca-44ed-88f0-4dfcd0160555,1ff53102-f524-4e53-93fb-49e584cb164b,906096d6-f0f6-4da5-9c19-dc403afb4bb8,906096d6-f0f6-4da5-9c19-dc403afb4bb8,8cc3bb69-3add-47d5-9cd2-8cff31252948,2025-12-14,visited,,2025-12-17,True,automatic,2025-12-02 15:23:00,2026-01-08 15:46:00
586457b1-73d1-497a-ad72-11f37ef7b657,1ff53102-f524-4e53-93fb-49e584cb164b,906096d6-f0f6-4da5-9c19-dc403afb4bb8,906096d6-f0f6-4da5-9c19-dc403afb4bb8,b0715258-4719-4ce5-8a85-03ccda2c376c,2026-01-24,visited,,,,automatic,2026-01-08 14:25:00,2026-01-25 10:29:00
3f369d27-6893-43ad-b501-8d1ab5a5cb8d,1ff53102-f524-4e53-93fb-49e584cb164b,906096d6-f0f6-4da5-9c19-dc403afb4bb8,906096d6-f0f6-4da5-9c19-dc403afb4bb8,b0715258-4719-4ce5-8a85-03ccda2c376c,2026-02-21,visited,,,,automatic,2026-01-25 13:09:00,2026-02-21 14:56:00
b50bfc4a-ab5c-4c9f-a530-5b15dee3ad42,1ff53102-f524-4e53-93fb-49e584cb164b,906096d6-f0f6-4da5-9c19-dc403afb4bb8,906096d6-f0f6-4da5-9c19-dc403afb4bb8,9bae34d8-d312-48ce-9bbf-17fa6222b3f6,2026-03-23,scheduled,,2026-03-26,,automatic,2026-02-21 13:34:00,2026-02-21 13:34:00
309d04e5-f8d2-4ed6-806c-052659cc5316,00b17037-d400-4dff-9015-8b25f6f490f9,906096d6-f0f6-4da5-9c19-dc403afb4bb8,906096d6-f0f6-4da5-9c19-dc403afb4bb8,8cc3bb69-3add-47d5-9cd2-8cff31252948,2026-08-12,visited,,,,automatic,2026-07-12 14:13:00,2026-08-12 10:46:00
477aeaec-a7ae-4059-a2c3-95a4aacd52cc,00b17037-d400-4dff-9015-8b25f6f490f9,906096d6-f0f6-4da5-9c19-dc403afb4bb8,906096d6-f0f6-4da5-9c19-dc403afb4bb8,8cc3bb69-3add-47d5-9cd2-8cff31252948,2026-09-08,visited,,,,automatic,2026-08-12 14:28:00,2026-09-09 15:28:00
c955bf78-d838-43b3-83b4-f0a6a15449d5,00b17037-d400-4dff-9015-8b25f6f490f9,906096d6-f0f6-4da5-9c19-dc403afb4bb8,906096d6-f0f6-4da5-9c19-dc403afb4bb8,b0715258-4719-4ce5-8a85-03ccda2c376c,2026-12-03,scheduled,,,,automatic,2026-09-09 08:24:00,2026-09-09 08:24:00
04fa8868-5aa1-4cac-91ee-d7d34f932cd2,f042c1c1-3dde-4647-bddc-aab05986d7b3,552564e7-84a4-4534-acfd-938092f72643,552564e7-84a4-4534-acfd-938092f72643,f3161305-31e6-47c0-8597-e00f4ddec847,2024-10-06,visited,,,,automatic,2024-09-10 15:33:00,2024-10-03 11:52:00
b8e1ffed-9fb6-4dd1-80cb-e01c508aa484,f042c1c1-3dde-4647-bddc-aab05986d7b3,552564e7-84a4-4534-acfd-938092f72643,552564e7-84a4-4534-acfd-938092f72643,f3161305-31e6-47c0-8597-e00f4ddec847,2024-10-30,visited,,,,automatic,2024-10-03 09:11:00,2024-10-29 08:33:00
dc1b9155-11cc-4a63-8567-ca092eed2d6e,f042c1c1-3dde-4647-bddc-aab05986d7b3,552564e7-84a4-4534-acfd-938092f72643,552564e7-84a4-4534-acfd-938092f72643,0035c5bf-742a-4ff6-9e23-941764d58bb9,2024-12-23,scheduled,,2024-12-26,,automatic,2024-10-29 08:18:00,2024-10-29 08:18:00
b3139979-b41a-4b0f-aa74-83aaac32614c,fe05bf35-3b97-44c6-a7dd-757350f4d983,ffe42279-f3bd-4683-a6a8-52c1bb9651f3,ffe42279-f3bd-4683-a6a8-52c1bb9651f3,cd18ec08-f6a4-4724-926f-acd2aeb0daf2,2025-07-02,visited,,,,automatic,2025-06-01 14:54:00,2025-07-02 10:14:00
ef1afaaf-281b-4d04-bb61-780c0859d3bf,fe05bf35-3b97-44c6-a7dd-757350f4d983,ffe42279-f3bd-4683-a6a8-52c1bb9651f3,ffe42279-f3bd-4683-a6a8-52c1bb9651f3,246dee45-3351-44d3-8a3a-ca414c46c168,2025-07-17,visited,,,,automatic,2025-07-02 14:22:00,2025-07-17 13:50:00
d50ccfa2-90d1-49fc-be45-8aa6dd551564,fe05bf35-3b97-44c6-a7dd-757350f4d983,ffe42279-f3bd-4683-a6a8-52c1bb9651f3,ffe42279-f3bd-4683-a6a8-52c1bb9651f3,353297dd-2e3c-46c0-a49c-7fd69ac2c389,2025-08-03,visited,,,,automatic,2025-07-17 15:08:00,2025-08-03 11:03:00
ef5caae0-19ba-4992-bee9-89fb26930060,fe05bf35-3b97-44c6-a7dd-757350f4d983,ffe42279-f3bd-4683-a6a8-52c1bb9651f3,ffe42279-f3bd-4683-a6a8-52c1bb9651f3,353297dd-2e3c-46c0-a49c-7fd69ac2c389,2025-09-01,scheduled,,2025-09-20,,automatic,2025-08-03 09:26:00,2025-08-03 09:26:00
39c19ea7-cb7b-4c2c-a9a4-d945d71f3d08,75bfba9d-4dc2-414d-bf30-01153edd908a,906096d6-f0f6-4da5-9c19-dc403afb4bb8,906096d6-f0f6-4da5-9c19-dc403afb4bb8,9bae34d8-d312-48ce-9bbf-17fa6222b3f6,2026-05-15,visited,,,,automatic,2026-05-04 11:49:00,2026-05-14 14:08:00
05b5191c-b6b1-4136-adc4-819351e55f51,75bfba9d-4dc2-414d-bf30-01153edd908a,906096d6-f0f6-4da5-9c19-dc403afb4bb8,906096d6-f0f6-4da5-9c19-dc403afb4bb8,8cc3bb69-3add-47d5-9cd2-8cff31252948,2026-06-14,visited,,,,automatic,2026-05-14 13:21:00,2026-06-14 09:08:00
4634215b-7ecc-4296-8bf2-70830c5f8128,75bfba9d-4dc2-414d-bf30-01153edd908a,906096d6-f0f6-4da5-9c19-dc403afb4bb8,906096d6-f0f6-4da5-9c19-dc403afb4bb8,8cc3bb69-3add-47d5-9cd2-8cff31252948,2026-07-01,visited,,2026-07-16,,automatic,2026-06-14 14:09:00,2026-07-13 15:11:00
0bb2f65d-716e-4f8c-9cbd-1431cabf6416,75bfba9d-4dc2-414d-bf30-01153edd908a,906096d6-f0f6-4da5-9c19-dc403afb4bb8,906096d6-f0f6-4da5-9c19-dc403afb4bb8,8cc3bb69-3add-47d5-9cd2-8cff31252948,2026-08-13,visited,,,,automatic,2026-07-13 15:52:00,2026-08-13 09:46:00
1ab34c52-51ca-4c05-9bc2-884edd24a797,75bfba9d-4dc2-414d-bf30-01153edd908a,906096d6-f0f6-4da5-9c19-dc403afb4bb8,906096d6-f0f6-4da5-9c19-dc403afb4bb8,9bae34d8-d312-48ce-9bbf-17fa6222b3f6,2026-09-12,visited,,,,automatic,2026-08-13 08:45:00,2026-09-11 14:20:00
e3d6d561-4e80-4b7c-9114-a2b0b50c3912,75bfba9d-4dc2-414d-bf30-01153edd908a,906096d6-f0f6-4da5-9c19-dc403afb4bb8,906096d6-f0f6-4da5-9c19-dc403afb4bb8,b0715258-4719-4ce5-8a85-03ccda2c376c,2026-10-10,scheduled,,,,automatic,2026-09-11 10:29:00,2026-09-11 10:29:00
e04ef909-2319-4c19-8aca-90a6cda371ae,d5aa1d60-d9c3-4956-b1b1-b8d9e7d7b5f5,906096d6-f0f6-4da5-9c19-dc403afb4bb8,906096d6-f0f6-4da5-9c19-dc403afb4bb8,8cc3bb69-3add-47d5-9cd2-8cff31252948,2026-06-07,scheduled,,2026-06-10,,automatic,2026-05-10 11:52:00,2026-05-10 11:52:00
9dff3940-c62f-4b37-9206-bf813913700c,b30d62fc-d861-41ab-b81c-8f5f8d624691,ffe42279-f3bd-4683-a6a8-52c1bb9651f3,ffe42279-f3bd-4683-a6a8-52c1bb9651f3,4519b91f-242d-4e4d-ae0c-da1f0c701874,2025-10-04,visited,,,,automatic,2025-09-06 15:56:00,2025-10-04 12:46:00
c7ed171d-9eb5-4aee-b8c3-213aaa881b8e,b30d62fc-d861-41ab-b81c-8f5f8d624691,ffe42279-f3bd-4683-a6a8-52c1bb9651f3,ffe42279-f3bd-4683-a6a8-52c1bb9651f3,246dee45-3351-44d3-8a3a-ca414c46c168,2025-11-04,visited,,,,automatic,2025-10-04 10:04:00,2025-11-02 08:36:00
0e9c1c4f-11d2-429f-ac4e-d8c80606dda1,b30d62fc-d861-41ab-b81c-8f5f8d624691,ffe42279-f3bd-4683-a6a8-52c1bb9651f3,ffe42279-f3bd-4683-a6a8-52c1bb9651f3,353297dd-2e3c-46c0-a49c-7fd69ac2c389,2025-12-02,visited,,,,automatic,2025-11-02 11:49:00,2025-12-02 13:36:00
683fee1a-b1a7-425c-a1d4-be4c7de0d234,b30d62fc-d861-41ab-b81c-8f5f8d624691,ffe42279-f3bd-4683-a6a8-52c1bb9651f3,ffe42279-f3bd-4683-a6a8-52c1bb9651f3,246dee45-3351-44d3-8a3a-ca414c46c168,2025-12-31,visited,,,,automatic,2025-12-02 11:55:00,2025-12-28 15:33:00
b63e53c7-1cf6-4a30-b63e-5454998a2a4c,b30d62fc-d861-41ab-b81c-8f5f8d624691,ffe42279-f3bd-4683-a6a8-52c1bb9651f3,ffe42279-f3bd-4683-a6a8-52c1bb9651f3,246dee45-3351-44d3-8a3a-ca414c46c168,2026-01-25,visited,,2026-01-28,,automatic,2025-12-28 12:18:00,2026-02-14 10:03:00
4ff9de81-c492-4642-ac24-19f1b6436914,b30d62fc-d861-41ab-b81c-8f5f8d624691,ffe42279-f3bd-4683-a6a8-52c1bb9651f3,ffe42279-f3bd-4683-a6a8-52c1bb9651f3,353297dd-2e3c-46c0-a49c-7fd69ac2c389,2026-05-09,visited,,2026-05-12,,automatic,2026-02-14 09:55:00,2026-08-09 10:09:00
a182e1e7-6426-41da-9ec5-760f85cc6b6a,b30d62fc-d861-41ab-b81c-8f5f8d624691,ffe42279-f3bd-4683-a6a8-52c1bb9651f3,ffe42279-f3bd-4683-a6a8-52c1bb9651f3,353297dd-2e3c-46c0-a49c-7fd69ac2c389,2026-09-06,visited,,,,automatic,2026-08-09 10:16:00,2026-09-07 08:08:00
b458fa3a-b023-4fb5-b8b1-4fe53fbdd62d,b30d62fc-d861-41ab-b81c-8f5f8d624691,ffe42279-f3bd-4683-a6a8-52c1bb9651f3,ffe42279-f3bd-4683-a6a8-52c1bb9651f3,246dee45-3351-44d3-8a3a-ca414c46c168,2026-11-05,scheduled,,,,automatic,2026-09-07 12:05:00,2026-09-07 12:05:00
883a099f-6692-4e05-8355-f2108de129f4,d09d09b0-c9ec-4723-9a60-c9ab8b291ea6,ffe42279-f3bd-4683-a6a8-52c1bb9651f3,ffe42279-f3bd-4683-a6a8-52c1bb9651f3,353297dd-2e3c-46c0-a49c-7fd69ac2c389,2025-06-23,visited,,,,automatic,2025-05-23 11:33:00,2025-06-22 15:49:00
dc0cbd9c-de69-4e67-b7ca-639a951cd020,d09d09b0-c9ec-4723-9a60-c9ab8b291ea6,ffe42279-f3bd-4683-a6a8-52c1bb9651f3,ffe42279-f3bd-4683-a6a8-52c1bb9651f3,246dee45-3351-44d3-8a3a-ca414c46c168,2025-07-04,visited,,,,automatic,2025-06-22 08:54:00,2025-07-04 11:55:00
6aa08973-c0cc-46e0-9edf-6831140480ad,d09d09b0-c9ec-4723-9a60-c9ab8b291ea6,ffe42279-f3bd-4683-a6a8-52c1bb9651f3,ffe42279-f3bd-4683-a6a8-52c1bb9651f3,cd18ec08-f6a4-4724-926f-acd2aeb0daf2,2025-08-04,visited,,,,automatic,2025-07-04 09:53:00,2025-08-04 13:19:00
55a5ac00-233b-4c9d-9cee-b9e3aefcbce5,d09d09b0-c9ec-4723-9a60-c9ab8b291ea6,ffe42279-f3bd-4683-a6a8-52c1bb9651f3,ffe42279-f3bd-4683-a6a8-52c1bb9651f3,353297dd-2e3c-46c0-a49c-7fd69ac2c389,2025-09-02,visited,,2025-09-05,,automatic,2025-08-04 10:15:00,2025-09-22 13:14:00
1108e516-79db-4243-a7e0-b5233edce2e3,d09d09b0-c9ec-4723-9a60-c9ab8b291ea6,ffe42279-f3bd-4683-a6a8-52c1bb9651f3,ffe42279-f3bd-4683-a6a8-52c1bb9651f3,353297dd-2e3c-46c0-a49c-7fd69ac2c389,2025-10-19,visited,,,,automatic,2025-09-22 09:53:00,2025-10-24 11:56:00
3dc6eecc-5dc6-4324-b967-e432727a73a6,d09d09b0-c9ec-4723-9a60-c9ab8b291ea6,ffe42279-f3bd-4683-a6a8-52c1bb9651f3,ffe42279-f3bd-4683-a6a8-52c1bb9651f3,353297dd-2e3c-46c0-a49c-7fd69ac2c389,2025-11-18,visited,,,,automatic,2025-10-24 11:46:00,2025-11-18 11:14:00
2d82dc50-2418-49f0-a00b-1ccb3b5e3d19,d09d09b0-c9ec-4723-9a60-c9ab8b291ea6,ffe42279-f3bd-4683-a6a8-52c1bb9651f3,ffe42279-f3bd-4683-a6a8-52c1bb9651f3,246dee45-3351-44d3-8a3a-ca414c46c168,2025-12-17,visited,,,,automatic,2025-11-18 10:43:00,2025-12-18 15:51:00
7c51d956-dbe8-410f-97a8-bfc71f924450,d09d09b0-c9ec-4723-9a60-c9ab8b291ea6,ffe42279-f3bd-4683-a6a8-52c1bb9651f3,ffe42279-f3bd-4683-a6a8-52c1bb9651f3,4519b91f-242d-4e4d-ae0c-da1f0c701874,2025-12-31,visited,,,,automatic,2025-12-18 10:42:00,2025-12-31 12:46:00
7318e7ae-0101-4dea-9dd7-5dfaf6f371f6,d09d09b0-c9ec-4723-9a60-c9ab8b291ea6,ffe42279-f3bd-4683-a6a8-52c1bb9651f3,ffe42279-f3bd-4683-a6a8-52c1bb9651f3,353297dd-2e3c-46c0-a49c-7fd69ac2c389,2026-01-31,visited,,,,automatic,2025-12-31 09:45:00,2026-01-31 14:24:00
a73c52f2-5a70-4cbc-8000-a2ca93b1a113,d09d09b0-c9ec-4723-9a60-c9ab8b291ea6,ffe42279-f3bd-4683-a6a8-52c1bb9651f3,ffe42279-f3bd-4683-a6a8-52c1bb9651f3,353297dd-2e3c-46c0-a49c-7fd69ac2c389,2026-03-26,visited,,,,automatic,2026-01-31 11:03:00,2026-03-27 08:18:00
e63ed60c-e167-4405-8727-4d558d29a04b,d09d09b0-c9ec-4723-9a60-c9ab8b291ea6,ffe42279-f3bd-4683-a6a8-52c1bb9651f3,ffe42279-f3bd-4683-a6a8-52c1bb9651f3,353297dd-2e3c-46c0-a49c-7fd69ac2c389,2026-05-23,visited,,,,automatic,2026-03-27 10:54:00,2026-05-23 11:27:00
a9750ee1-6270-4125-8ca9-1770e080df54,d09d09b0-c9ec-4723-9a60-c9ab8b291ea6,ffe42279-f3bd-4683-a6a8-52c1bb9651f3,ffe42279-f3bd-4683-a6a8-52c1bb9651f3,4519b91f-242d-4e4d-ae0c-da1f0c701874,2026-06-22,scheduled,,2026-06-25,,automatic,2026-05-23 14:12:00,2026-05-23 14:12:00
9d2be9ef-1559-4be0-88dc-eac3dc667d72,6911cfaa-23dd-4278-b8f6-8a557e268f32,5f213a58-b179-42d7-9c05-e29474526e82,5f213a58-b179-42d7-9c05-e29474526e82,2db9a55b-d59a-4a30-a4c8-bf7ae0a1e014,2025-08-11,visited,,,,automatic,2025-07-11 09:26:00,2025-08-11 10:28:00
257e6534-2854-4a8a-80c5-a5cfaf713561,6911cfaa-23dd-4278-b8f6-8a557e268f32,5f213a58-b179-42d7-9c05-e29474526e82,5f213a58-b179-42d7-9c05-e29474526e82,8e0d0bd7-32bc-44e0-8bb3-7f4f4b13cf78,2025-09-08,visited,,2025-09-11,,automatic,2025-08-11 11:18:00,2025-10-10 10:53:00
9f3fde75-266e-4719-afa6-33aaa2b7f0bb,6911cfaa-23dd-4278-b8f6-8a557e268f32,5f213a58-b179-42d7-9c05-e29474526e82,5f213a58-b179-42d7-9c05-e29474526e82,8e0d0bd7-32bc-44e0-8bb3-7f4f4b13cf78,2025-10-25,visited,,,,automatic,2025-10-10 15:14:00,2025-10-25 10:18:00
d1632bf1-dfdf-4062-9b95-21ab23477976,6911cfaa-23dd-4278-b8f6-8a557e268f32,5f213a58-b179-42d7-9c05-e29474526e82,5f213a58-b179-42d7-9c05-e29474526e82,2db9a55b-d59a-4a30-a4c8-bf7ae0a1e014,2025-11-22,visited,,,,automatic,2025-10-25 15:53:00,2025-11-22 14:55:00
3bad59e6-f8b6-47d4-8cb4-d4f0b97546ba,6911cfaa-23dd-4278-b8f6-8a557e268f32,5f213a58-b179-42d7-9c05-e29474526e82,5f213a58-b179-42d7-9c05-e29474526e82,8e0d0bd7-32bc-44e0-8bb3-7f4f4b13cf78,2025-12-20,visited,,,,automatic,2025-11-22 11:25:00,2025-12-20 08:58:00
61059bb2-4faa-4f59-bc6b-31e00c3897c9,6911cfaa-23dd-4278-b8f6-8a557e268f32,5f213a58-b179-42d7-9c05-e29474526e82,5f213a58-b179-42d7-9c05-e29474526e82,b302ab11-03e4-4bae-be36-6ec2662f7fc9,2026-01-15,visited,,2026-01-18,,automatic,2025-12-20 09:54:00,2026-03-21 10:59:00
3b6e4aae-3abc-42aa-8794-b5cb47bf5a59,6911cfaa-23dd-4278-b8f6-8a557e268f32,5f213a58-b179-42d7-9c05-e29474526e82,5f213a58-b179-42d7-9c05-e29474526e82,406a76ac-2a9d-4982-b6f8-1efb7296c6c0,2026-04-19,visited,,,,automatic,2026-03-21 14:57:00,2026-04-19 12:52:00
551132c2-fd53-45a3-a1c3-71d5dcd14f8a,6911cfaa-23dd-4278-b8f6-8a557e268f32,5f213a58-b179-42d7-9c05-e29474526e82,5f213a58-b179-42d7-9c05-e29474526e82,b302ab11-03e4-4bae-be36-6ec2662f7fc9,2026-05-18,visited,,,,automatic,2026-04-19 11:32:00,2026-05-18 08:46:00
ca5d72c8-779e-4b05-94fd-4f2c6fa22a8d,6911cfaa-23dd-4278-b8f6-8a557e268f32,5f213a58-b179-42d7-9c05-e29474526e82,5f213a58-b179-42d7-9c05-e29474526e82,2db9a55b-d59a-4a30-a4c8-bf7ae0a1e014,2026-06-13,visited,,2026-06-16,,automatic,2026-05-18 09:16:00,2026-07-12 10:59:00
42df1d36-ef93-411d-88e0-c7ae15bf71ea,6911cfaa-23dd-4278-b8f6-8a557e268f32,5f213a58-b179-42d7-9c05-e29474526e82,5f213a58-b179-42d7-9c05-e29474526e82,b302ab11-03e4-4bae-be36-6ec2662f7fc9,2026-07-29,visited,,,,automatic,2026-07-12 11:34:00,2026-07-29 08:05:00
af42f4c9-88da-45e4-8944-a28ffce8a066,6911cfaa-23dd-4278-b8f6-8a557e268f32,5f213a58-b179-42d7-9c05-e29474526e82,5f213a58-b179-42d7-9c05-e29474526e82,8e0d0bd7-32bc-44e0-8bb3-7f4f4b13cf78,2026-08-29,scheduled,,2026-09-01,,automatic,2026-07-29 09:54:00,2026-07-29 09:54:00
da753cd1-fa6e-493b-b355-4937311ac518,d2543b90-a9c9-4cd4-8244-3ab6223536b5,552564e7-84a4-4534-acfd-938092f72643,552564e7-84a4-4534-acfd-938092f72643,448fb26c-4d06-4d9f-a11d-a2745fb4d4c6,2024-10-30,visited,,,,automatic,2024-10-03 12:57:00,2024-10-30 14:22:00
1a6cbe4e-4afd-4692-bfab-d58eeac791d3,d2543b90-a9c9-4cd4-8244-3ab6223536b5,552564e7-84a4-4534-acfd-938092f72643,552564e7-84a4-4534-acfd-938092f72643,f3161305-31e6-47c0-8597-e00f4ddec847,2024-12-27,scheduled,,2024-12-30,,automatic,2024-10-30 14:05:00,2024-10-30 14:05:00
0e7bf056-d2f3-4d9c-befb-2ee684a048b7,0b23d63c-cf0d-4a35-a0cc-c1877d57eafd,552564e7-84a4-4534-acfd-938092f72643,552564e7-84a4-4534-acfd-938092f72643,f3161305-31e6-47c0-8597-e00f4ddec847,2025-11-13,scheduled,,2025-11-16,,automatic,2025-10-18 11:02:00,2025-10-18 11:02:00
57f17dbb-442a-48f2-bc30-b06e76631786,53c94caa-6c76-405d-b011-fdf88d4425ec,da845e7d-fedd-47ac-b12d-fb734b6449eb,da845e7d-fedd-47ac-b12d-fb734b6449eb,447e99c5-592b-43d3-805b-eb75f1251d2a,2026-06-27,scheduled,,2026-06-30,,automatic,2026-06-02 11:17:00,2026-06-02 11:17:00
a2a7904d-544c-4e85-beef-21da2f4a7787,1735900a-9b6b-4fce-a7f3-ad4fa5671acf,906096d6-f0f6-4da5-9c19-dc403afb4bb8,906096d6-f0f6-4da5-9c19-dc403afb4bb8,9bae34d8-d312-48ce-9bbf-17fa6222b3f6,2025-01-29,visited,,2025-02-20,,automatic,2025-01-02 09:06:00,2025-03-03 13:35:00
4d486749-eba6-4513-a7a1-b48943923ec3,1735900a-9b6b-4fce-a7f3-ad4fa5671acf,906096d6-f0f6-4da5-9c19-dc403afb4bb8,906096d6-f0f6-4da5-9c19-dc403afb4bb8,9bae34d8-d312-48ce-9bbf-17fa6222b3f6,2025-03-19,visited,,,,automatic,2025-03-03 11:26:00,2025-03-26 09:10:00
6b3e46a6-62db-4758-8fde-9246f3453081,1735900a-9b6b-4fce-a7f3-ad4fa5671acf,906096d6-f0f6-4da5-9c19-dc403afb4bb8,906096d6-f0f6-4da5-9c19-dc403afb4bb8,8cc3bb69-3add-47d5-9cd2-8cff31252948,2025-04-24,visited,,2025-05-07,,automatic,2025-03-26 15:56:00,2025-05-23 13:21:00
039593f8-932a-4097-89c9-67f5f9a0bb29,1735900a-9b6b-4fce-a7f3-ad4fa5671acf,906096d6-f0f6-4da5-9c19-dc403afb4bb8,906096d6-f0f6-4da5-9c19-dc403afb4bb8,b0715258-4719-4ce5-8a85-03ccda2c376c,2025-06-17,scheduled,,2025-06-20,,automatic,2025-05-23 08:57:00,2025-05-23 08:57:00
43c8e455-ceae-4aa1-aba2-57d2c834bcf1,169cd9ca-d881-45bc-a78e-c5c031b47fe6,906096d6-f0f6-4da5-9c19-dc403afb4bb8,906096d6-f0f6-4da5-9c19-dc403afb4bb8,8cc3bb69-3add-47d5-9cd2-8cff31252948,2024-11-09,visited,,2024-11-12,True,automatic,2024-10-12 09:07:00,2024-11-18 14:58:00
5722062a-870b-4360-beda-045edf6be967,169cd9ca-d881-45bc-a78e-c5c031b47fe6,906096d6-f0f6-4da5-9c19-dc403afb4bb8,906096d6-f0f6-4da5-9c19-dc403afb4bb8,9bae34d8-d312-48ce-9bbf-17fa6222b3f6,2024-12-19,visited,,2024-12-22,,automatic,2024-11-18 12:49:00,2025-03-22 12:19:00
d32d11bf-9812-4f2f-b67f-7a0ff31b015c,169cd9ca-d881-45bc-a78e-c5c031b47fe6,906096d6-f0f6-4da5-9c19-dc403afb4bb8,906096d6-f0f6-4da5-9c19-dc403afb4bb8,b0715258-4719-4ce5-8a85-03ccda2c376c,2025-04-19,visited,,2025-04-22,,automatic,2025-03-22 15:09:00,2025-05-09 08:14:00
39ce2c7a-f015-4a41-af63-87a0446e6cdb,169cd9ca-d881-45bc-a78e-c5c031b47fe6,906096d6-f0f6-4da5-9c19-dc403afb4bb8,906096d6-f0f6-4da5-9c19-dc403afb4bb8,9bae34d8-d312-48ce-9bbf-17fa6222b3f6,2025-06-09,scheduled,,2025-06-12,,automatic,2025-05-09 11:58:00,2025-05-09 11:58:00
04ad078f-4121-4441-a241-645bf9dd66d4,d94b9bdf-7e65-4d84-9b13-235e8e86a0d7,ffe42279-f3bd-4683-a6a8-52c1bb9651f3,ffe42279-f3bd-4683-a6a8-52c1bb9651f3,246dee45-3351-44d3-8a3a-ca414c46c168,2024-12-26,visited,,,,automatic,2024-12-01 10:23:00,2024-12-26 11:21:00
7c764b08-ba83-49ba-ad15-41ec8e0ced90,d94b9bdf-7e65-4d84-9b13-235e8e86a0d7,ffe42279-f3bd-4683-a6a8-52c1bb9651f3,ffe42279-f3bd-4683-a6a8-52c1bb9651f3,cd18ec08-f6a4-4724-926f-acd2aeb0daf2,2025-01-22,visited,,,,automatic,2024-12-26 11:59:00,2025-01-22 08:57:00
f8ba3cba-6796-44eb-a5d0-2a96e39a98b1,d94b9bdf-7e65-4d84-9b13-235e8e86a0d7,ffe42279-f3bd-4683-a6a8-52c1bb9651f3,ffe42279-f3bd-4683-a6a8-52c1bb9651f3,4519b91f-242d-4e4d-ae0c-da1f0c701874,2025-02-20,visited,,,,automatic,2025-01-22 09:04:00,2025-02-20 13:00:00
e71b3915-c17b-4bbd-a3d1-4f4fd6e48ac4,d94b9bdf-7e65-4d84-9b13-235e8e86a0d7,ffe42279-f3bd-4683-a6a8-52c1bb9651f3,ffe42279-f3bd-4683-a6a8-52c1bb9651f3,cd18ec08-f6a4-4724-926f-acd2aeb0daf2,2025-03-06,visited,,,,automatic,2025-02-20 10:36:00,2025-03-07 10:15:00
68e5fac2-29ce-4bcf-80fc-dea5233fd086,d94b9bdf-7e65-4d84-9b13-235e8e86a0d7,ffe42279-f3bd-4683-a6a8-52c1bb9651f3,ffe42279-f3bd-4683-a6a8-52c1bb9651f3,4519b91f-242d-4e4d-ae0c-da1f0c701874,2025-04-02,visited,,,,automatic,2025-03-07 09:23:00,2025-03-30 09:50:00
b18ebb2b-9dac-46db-92d5-6d65f7ad9951,d94b9bdf-7e65-4d84-9b13-235e8e86a0d7,ffe42279-f3bd-4683-a6a8-52c1bb9651f3,ffe42279-f3bd-4683-a6a8-52c1bb9651f3,246dee45-3351-44d3-8a3a-ca414c46c168,2025-04-27,visited,,2025-05-24,,automatic,2025-03-30 09:41:00,2025-06-11 12:04:00
f8b0b4a8-3cb9-4232-9c90-a94059873e5a,d94b9bdf-7e65-4d84-9b13-235e8e86a0d7,ffe42279-f3bd-4683-a6a8-52c1bb9651f3,ffe42279-f3bd-4683-a6a8-52c1bb9651f3,353297dd-2e3c-46c0-a49c-7fd69ac2c389,2025-07-10,visited,,2025-07-13,,automatic,2025-06-11 12:46:00,2025-08-14 09:16:00
9e990717-a0a4-47af-9257-a17537634742,d94b9bdf-7e65-4d84-9b13-235e8e86a0d7,ffe42279-f3bd-4683-a6a8-52c1bb9651f3,ffe42279-f3bd-4683-a6a8-52c1bb9651f3,353297dd-2e3c-46c0-a49c-7fd69ac2c389,2025-09-08,visited,,,,automatic,2025-08-14 15:31:00,2025-09-10 08:25:00
02dce4bd-3780-4272-88f5-8a7141d58550,d94b9bdf-7e65-4d84-9b13-235e8e86a0d7,ffe42279-f3bd-4683-a6a8-52c1bb9651f3,ffe42279-f3bd-4683-a6a8-52c1bb9651f3,353297dd-2e3c-46c0-a49c-7fd69ac2c389,2025-10-09,visited,,,,automatic,2025-09-10 12:02:00,2025-10-09 15:33:00
8f0a636f-2616-4d80-a4be-cd91538948ac,d94b9bdf-7e65-4d84-9b13-235e8e86a0d7,ffe42279-f3bd-4683-a6a8-52c1bb9651f3,ffe42279-f3bd-4683-a6a8-52c1bb9651f3,cd18ec08-f6a4-4724-926f-acd2aeb0daf2,2025-11-08,visited,,,,automatic,2025-10-09 11:33:00,2025-11-08 10:33:00
6a993eb7-739c-4268-b052-d3688b003411,d94b9bdf-7e65-4d84-9b13-235e8e86a0d7,ffe42279-f3bd-4683-a6a8-52c1bb9651f3,ffe42279-f3bd-4683-a6a8-52c1bb9651f3,353297dd-2e3c-46c0-a49c-7fd69ac2c389,2025-12-04,visited,,,,automatic,2025-11-08 12:12:00,2025-12-03 12:02:00
c0a571fb-da28-41e1-a08e-d6d17bc3f7bd,d94b9bdf-7e65-4d84-9b13-235e8e86a0d7,ffe42279-f3bd-4683-a6a8-52c1bb9651f3,ffe42279-f3bd-4683-a6a8-52c1bb9651f3,cd18ec08-f6a4-4724-926f-acd2aeb0daf2,2025-12-31,visited,,,,automatic,2025-12-03 15:46:00,2025-12-31 12:36:00
f730c596-712c-4b60-b731-4ff64a6a08ac,d94b9bdf-7e65-4d84-9b13-235e8e86a0d7,ffe42279-f3bd-4683-a6a8-52c1bb9651f3,ffe42279-f3bd-4683-a6a8-52c1bb9651f3,cd18ec08-f6a4-4724-926f-acd2aeb0daf2,2026-01-26,visited,,,,automatic,2025-12-31 10:33:00,2026-01-23 13:58:00
4bec1839-2ad2-4139-b139-1271d9c3867e,d94b9bdf-7e65-4d84-9b13-235e8e86a0d7,ffe42279-f3bd-4683-a6a8-52c1bb9651f3,ffe42279-f3bd-4683-a6a8-52c1bb9651f3,cd18ec08-f6a4-4724-926f-acd2aeb0daf2,2026-02-17,visited,,2026-02-20,True,automatic,2026-01-23 13:58:00,2026-04-02 12:03:00
9d261adf-61e1-4542-9114-025f4f8a47fd,d94b9bdf-7e65-4d84-9b13-235e8e86a0d7,ffe42279-f3bd-4683-a6a8-52c1bb9651f3,ffe42279-f3bd-4683-a6a8-52c1bb9651f3,246dee45-3351-44d3-8a3a-ca414c46c168,2026-05-02,visited,,,,automatic,2026-04-02 11:41:00,2026-05-02 08:43:00
8b85534a-c135-4866-a86f-81cf338dbc66,d94b9bdf-7e65-4d84-9b13-235e8e86a0d7,ffe42279-f3bd-4683-a6a8-52c1bb9651f3,ffe42279-f3bd-4683-a6a8-52c1bb9651f3,4519b91f-242d-4e4d-ae0c-da1f0c701874,2026-05-16,visited,,,,automatic,2026-05-02 08:12:00,2026-05-16 09:28:00
28262dc9-681a-4f03-aa88-aab3e6d5d77e,d94b9bdf-7e65-4d84-9b13-235e8e86a0d7,ffe42279-f3bd-4683-a6a8-52c1bb9651f3,ffe42279-f3bd-4683-a6a8-52c1bb9651f3,353297dd-2e3c-46c0-a49c-7fd69ac2c389,2026-05-29,visited,,,,automatic,2026-05-16 08:31:00,2026-05-29 09:33:00
89fe7fe9-0370-43a8-af74-865da6aeebcf,d94b9bdf-7e65-4d84-9b13-235e8e86a0d7,ffe42279-f3bd-4683-a6a8-52c1bb9651f3,ffe42279-f3bd-4683-a6a8-52c1bb9651f3,353297dd-2e3c-46c0-a49c-7fd69ac2c389,2026-06-15,visited,,,,automatic,2026-05-29 12:18:00,2026-06-15 15:22:00
aa3e7dd8-c262-4c0a-8bd2-7f0c67b90cee,d94b9bdf-7e65-4d84-9b13-235e8e86a0d7,ffe42279-f3bd-4683-a6a8-52c1bb9651f3,ffe42279-f3bd-4683-a6a8-52c1bb9651f3,246dee45-3351-44d3-8a3a-ca414c46c168,2026-07-10,scheduled,,2026-07-13,,automatic,2026-06-15 10:24:00,2026-06-15 10:24:00
4c04eeba-b1d1-4094-aff8-e4cd4afd2c87,d2acf484-385b-444c-9ff1-9bd6235e876c,5f213a58-b179-42d7-9c05-e29474526e82,5f213a58-b179-42d7-9c05-e29474526e82,406a76ac-2a9d-4982-b6f8-1efb7296c6c0,2025-09-14,visited,,,,automatic,2025-08-17 11:25:00,2025-09-14 14:17:00
1e2f3b5c-5716-4080-ad48-4ede4e94e86a,d2acf484-385b-444c-9ff1-9bd6235e876c,5f213a58-b179-42d7-9c05-e29474526e82,5f213a58-b179-42d7-9c05-e29474526e82,8e0d0bd7-32bc-44e0-8bb3-7f4f4b13cf78,2025-10-12,visited,,,,automatic,2025-09-14 13:24:00,2025-10-12 11:37:00
d49ac5d2-cb2f-49df-8055-96f45c8ee536,d2acf484-385b-444c-9ff1-9bd6235e876c,5f213a58-b179-42d7-9c05-e29474526e82,5f213a58-b179-42d7-9c05-e29474526e82,8e0d0bd7-32bc-44e0-8bb3-7f4f4b13cf78,2025-11-10,visited,,,,automatic,2025-10-12 12:15:00,2025-11-07 15:53:00
c4355842-e4ba-423c-be7f-76a6ba824bd0,d2acf484-385b-444c-9ff1-9bd6235e876c,5f213a58-b179-42d7-9c05-e29474526e82,5f213a58-b179-42d7-9c05-e29474526e82,406a76ac-2a9d-4982-b6f8-1efb7296c6c0,2025-11-23,visited,,2025-11-26,,automatic,2025-11-07 14:44:00,2025-12-22 13:29:00
3bcd0380-958e-4ef8-b823-0acbfdcf13a4,d2acf484-385b-444c-9ff1-9bd6235e876c,5f213a58-b179-42d7-9c05-e29474526e82,5f213a58-b179-42d7-9c05-e29474526e82,2db9a55b-d59a-4a30-a4c8-bf7ae0a1e014,2026-01-17,visited,,,,automatic,2025-12-22 15:11:00,2026-01-17 11:09:00
14278ff6-70bc-423d-a75f-eae4b88174fc,d2acf484-385b-444c-9ff1-9bd6235e876c,5f213a58-b179-42d7-9c05-e29474526e82,5f213a58-b179-42d7-9c05-e29474526e82,2db9a55b-d59a-4a30-a4c8-bf7ae0a1e014,2026-02-17,visited,,2026-02-20,,automatic,2026-01-17 09:16:00,2026-03-31 08:21:00
bcb6a6a1-3520-4b99-aa36-81ee00555284,d2acf484-385b-444c-9ff1-9bd6235e876c,5f213a58-b179-42d7-9c05-e29474526e82,5f213a58-b179-42d7-9c05-e29474526e82,2db9a55b-d59a-4a30-a4c8-bf7ae0a1e014,2026-04-14,visited,,2026-04-17,,automatic,2026-03-31 14:27:00,2026-05-19 10:37:00
b970e131-e93c-496f-aee6-6a6e3a58f8e5,d2acf484-385b-444c-9ff1-9bd6235e876c,5f213a58-b179-42d7-9c05-e29474526e82,5f213a58-b179-42d7-9c05-e29474526e82,b302ab11-03e4-4bae-be36-6ec2662f7fc9,2026-06-16,visited,,2026-06-19,True,automatic,2026-05-19 15:30:00,2026-07-01 12:24:00
59446596-9765-4e4f-8450-93769431e4ba,d2acf484-385b-444c-9ff1-9bd6235e876c,5f213a58-b179-42d7-9c05-e29474526e82,5f213a58-b179-42d7-9c05-e29474526e82,b302ab11-03e4-4bae-be36-6ec2662f7fc9,2026-07-26,visited,,,,automatic,2026-07-01 14:29:00,2026-07-26 13:40:00
756ed836-1d73-4aa8-8ff4-d30852168811,d2acf484-385b-444c-9ff1-9bd6235e876c,5f213a58-b179-42d7-9c05-e29474526e82,5f213a58-b179-42d7-9c05-e29474526e82,406a76ac-2a9d-4982-b6f8-1efb7296c6c0,2026-08-20,visited,,,,automatic,2026-07-26 14:55:00,2026-08-20 08:59:00
1f1d48dd-c9e0-4de2-99ff-a9845edb02ae,d2acf484-385b-444c-9ff1-9bd6235e876c,5f213a58-b179-42d7-9c05-e29474526e82,5f213a58-b179-42d7-9c05-e29474526e82,b302ab11-03e4-4bae-be36-6ec2662f7fc9,2026-11-14,scheduled,,,,automatic,2026-08-20 11:36:00,2026-08-20 11:36:00
05dc59bf-1252-4254-8fe5-524e2d265d78,10bfb3f5-36f7-444f-b7ab-a6c25971282b,5f213a58-b179-42d7-9c05-e29474526e82,5f213a58-b179-42d7-9c05-e29474526e82,8e0d0bd7-32bc-44e0-8bb3-7f4f4b13cf78,2025-10-12,visited,,,,automatic,2025-09-14 15:40:00,2025-10-14 10:55:00
3d1f79fd-85cd-4793-b55a-c4fa8efea004,10bfb3f5-36f7-444f-b7ab-a6c25971282b,5f213a58-b179-42d7-9c05-e29474526e82,5f213a58-b179-42d7-9c05-e29474526e82,406a76ac-2a9d-4982-b6f8-1efb7296c6c0,2025-11-14,visited,,,,automatic,2025-10-14 13:10:00,2025-11-14 12:20:00
3a817666-41f4-40e7-8394-2b7a65cd59bb,10bfb3f5-36f7-444f-b7ab-a6c25971282b,5f213a58-b179-42d7-9c05-e29474526e82,5f213a58-b179-42d7-9c05-e29474526e82,b302ab11-03e4-4bae-be36-6ec2662f7fc9,2025-12-14,visited,,,,automatic,2025-11-14 15:56:00,2025-12-15 09:27:00
34cfa0bc-0ac0-48a5-8236-983a0284f317,10bfb3f5-36f7-444f-b7ab-a6c25971282b,5f213a58-b179-42d7-9c05-e29474526e82,5f213a58-b179-42d7-9c05-e29474526e82,406a76ac-2a9d-4982-b6f8-1efb7296c6c0,2026-01-10,visited,,,,automatic,2025-12-15 13:37:00,2026-01-09 08:41:00
41ca74b8-eea6-4eba-b599-144b61bbcaed,10bfb3f5-36f7-444f-b7ab-a6c25971282b,5f213a58-b179-42d7-9c05-e29474526e82,5f213a58-b179-42d7-9c05-e29474526e82,406a76ac-2a9d-4982-b6f8-1efb7296c6c0,2026-01-22,visited,,,,automatic,2026-01-09 10:16:00,2026-01-23 09:58:00
fec5aafe-5a8f-4d61-82fd-2bf2a84b76da,10bfb3f5-36f7-444f-b7ab-a6c25971282b,5f213a58-b179-42d7-9c05-e29474526e82,5f213a58-b179-42d7-9c05-e29474526e82,b302ab11-03e4-4bae-be36-6ec2662f7fc9,2026-02-18,scheduled,,2026-03-03,,automatic,2026-01-23 12:37:00,2026-01-23 12:37:00
69bc0198-e4d4-461e-b1f3-32ae92503ec4,29ea352a-4a1e-4376-afb8-972e8fdecc76,5f213a58-b179-42d7-9c05-e29474526e82,5f213a58-b179-42d7-9c05-e29474526e82,b302ab11-03e4-4bae-be36-6ec2662f7fc9,2025-06-10,visited,,,,automatic,2025-05-16 12:14:00,2025-06-08 12:18:00
2e04aaaf-a136-4c81-bce6-9621faab7c39,29ea352a-4a1e-4376-afb8-972e8fdecc76,5f213a58-b179-42d7-9c05-e29474526e82,5f213a58-b179-42d7-9c05-e29474526e82,2db9a55b-d59a-4a30-a4c8-bf7ae0a1e014,2025-07-04,visited,,,,automatic,2025-06-08 10:35:00,2025-07-11 10:24:00
24b8a9e4-156f-42db-a807-a9e2d0f38898,29ea352a-4a1e-4376-afb8-972e8fdecc76,5f213a58-b179-42d7-9c05-e29474526e82,5f213a58-b179-42d7-9c05-e29474526e82,2db9a55b-d59a-4a30-a4c8-bf7ae0a1e014,2025-07-23,visited,,2025-07-26,,automatic,2025-07-11 14:18:00,2025-08-21 14:43:00
25b8edb5-6e24-4fa6-82cf-2d581e785487,29ea352a-4a1e-4376-afb8-972e8fdecc76,5f213a58-b179-42d7-9c05-e29474526e82,5f213a58-b179-42d7-9c05-e29474526e82,2db9a55b-d59a-4a30-a4c8-bf7ae0a1e014,2025-09-01,visited,,,,automatic,2025-08-21 11:34:00,2025-09-01 11:17:00
8b44fb64-de26-4543-b218-ff1d329075d3,29ea352a-4a1e-4376-afb8-972e8fdecc76,5f213a58-b179-42d7-9c05-e29474526e82,5f213a58-b179-42d7-9c05-e29474526e82,8e0d0bd7-32bc-44e0-8bb3-7f4f4b13cf78,2025-09-27,scheduled,,2025-10-23,,automatic,2025-09-01 12:48:00,2025-09-01 12:48:00
28954f49-0f2a-4e2a-940a-ac3556447a64,84205bf5-8a7d-4ac6-ab4e-963cd366dabc,5f213a58-b179-42d7-9c05-e29474526e82,5f213a58-b179-42d7-9c05-e29474526e82,2db9a55b-d59a-4a30-a4c8-bf7ae0a1e014,2026-07-24,visited,,,,automatic,2026-06-29 10:10:00,2026-07-29 11:41:00
53316bc7-620b-46b3-a62e-282cb83c1b6b,84205bf5-8a7d-4ac6-ab4e-963cd366dabc,5f213a58-b179-42d7-9c05-e29474526e82,5f213a58-b179-42d7-9c05-e29474526e82,8e0d0bd7-32bc-44e0-8bb3-7f4f4b13cf78,2026-08-27,visited,,,,automatic,2026-07-29 10:07:00,2026-08-24 11:54:00
43e4a074-5fe4-42c5-868f-e24e87e23796,84205bf5-8a7d-4ac6-ab4e-963cd366dabc,5f213a58-b179-42d7-9c05-e29474526e82,5f213a58-b179-42d7-9c05-e29474526e82,b302ab11-03e4-4bae-be36-6ec2662f7fc9,2026-09-18,visited,,,,automatic,2026-08-24 09:14:00,2026-09-18 15:45:00
6d51863a-b476-46e5-9a8c-739bed53db90,84205bf5-8a7d-4ac6-ab4e-963cd366dabc,5f213a58-b179-42d7-9c05-e29474526e82,5f213a58-b179-42d7-9c05-e29474526e82,2db9a55b-d59a-4a30-a4c8-bf7ae0a1e014,2026-10-19,scheduled,,,,automatic,2026-09-18 11:07:00,2026-09-18 11:07:00
2a95e49b-e92f-442a-8fb9-e1a2f2bd78b9,2a3950cf-9c04-4c94-a5e8-ee8e4a41769b,5f213a58-b179-42d7-9c05-e29474526e82,5f213a58-b179-42d7-9c05-e29474526e82,2db9a55b-d59a-4a30-a4c8-bf7ae0a1e014,2026-07-26,visited,,,,automatic,2026-06-28 08:55:00,2026-07-26 09:56:00
1b471861-0111-462c-9df7-3696ac899d85,2a3950cf-9c04-4c94-a5e8-ee8e4a41769b,5f213a58-b179-42d7-9c05-e29474526e82,5f213a58-b179-42d7-9c05-e29474526e82,406a76ac-2a9d-4982-b6f8-1efb7296c6c0,2026-08-20,visited,,,,automatic,2026-07-26 08:02:00,2026-08-19 12:54:00
71738946-46cd-482b-a698-dec6b77d533a,2a3950cf-9c04-4c94-a5e8-ee8e4a41769b,5f213a58-b179-42d7-9c05-e29474526e82,5f213a58-b179-42d7-9c05-e29474526e82,406a76ac-2a9d-4982-b6f8-1efb7296c6c0,2026-09-16,visited,,,,automatic,2026-08-19 13:13:00,2026-09-17 11:57:00
7bd81785-6068-4744-b9cc-4c728f5d7eef,2a3950cf-9c04-4c94-a5e8-ee8e4a41769b,5f213a58-b179-42d7-9c05-e29474526e82,5f213a58-b179-42d7-9c05-e29474526e82,406a76ac-2a9d-4982-b6f8-1efb7296c6c0,2026-10-18,scheduled,,,,automatic,2026-09-17 14:42:00,2026-09-17 14:42:00
8d82e3d0-c5a6-4fbf-8973-966948e520d6,097e2669-1214-47f4-a4b7-367068ebcb9f,5f213a58-b179-42d7-9c05-e29474526e82,5f213a58-b179-42d7-9c05-e29474526e82,8e0d0bd7-32bc-44e0-8bb3-7f4f4b13cf78,2026-03-18,scheduled,,2026-03-21,,automatic,2026-02-19 08:43:00,2026-02-19 08:43:00
d9185f83-5d52-44af-9e73-02062f59a0a7,07888b0c-585a-49bb-82e3-e4a98a3465c0,552564e7-84a4-4534-acfd-938092f72643,552564e7-84a4-4534-acfd-938092f72643,213c0975-3815-4ea4-ba67-23c54c2546da,2024-10-06,visited,,,,automatic,2024-09-07 09:21:00,2024-10-06 08:01:00
7c90dab8-56ed-4938-80ef-1d50e55c0b64,07888b0c-585a-49bb-82e3-e4a98a3465c0,552564e7-84a4-4534-acfd-938092f72643,552564e7-84a4-4534-acfd-938092f72643,19f2d2b9-737d-4029-8250-945229084df8,2024-11-06,visited,,,,automatic,2024-10-06 11:07:00,2024-11-11 15:03:00
a929833d-6792-4f02-9b19-2a4f75551423,07888b0c-585a-49bb-82e3-e4a98a3465c0,552564e7-84a4-4534-acfd-938092f72643,552564e7-84a4-4534-acfd-938092f72643,0035c5bf-742a-4ff6-9e23-941764d58bb9,2024-11-22,visited,,2024-11-25,,automatic,2024-11-11 08:54:00,2025-02-07 11:55:00
31ce7640-613c-437c-af10-2cfec9d8ce99,07888b0c-585a-49bb-82e3-e4a98a3465c0,552564e7-84a4-4534-acfd-938092f72643,552564e7-84a4-4534-acfd-938092f72643,19f2d2b9-737d-4029-8250-945229084df8,2025-02-20,visited,,,,automatic,2025-02-07 10:32:00,2025-02-20 08:13:00
4c50a4f3-2c27-44e8-ad8e-53c0830274ac,07888b0c-585a-49bb-82e3-e4a98a3465c0,552564e7-84a4-4534-acfd-938092f72643,552564e7-84a4-4534-acfd-938092f72643,c762646d-3ec2-420a-956d-f1b73ea05187,2025-03-23,visited,,,,automatic,2025-02-20 12:43:00,2025-03-23 15:19:00
4e4a6683-06e0-452b-9231-96d6c81e65f5,07888b0c-585a-49bb-82e3-e4a98a3465c0,552564e7-84a4-4534-acfd-938092f72643,552564e7-84a4-4534-acfd-938092f72643,19f2d2b9-737d-4029-8250-945229084df8,2025-04-20,visited,,,,automatic,2025-03-23 10:11:00,2025-04-25 15:33:00
5022e6f2-def0-46e3-8cbe-4d04ee98694c,07888b0c-585a-49bb-82e3-e4a98a3465c0,552564e7-84a4-4534-acfd-938092f72643,552564e7-84a4-4534-acfd-938092f72643,19f2d2b9-737d-4029-8250-945229084df8,2025-05-10,visited,,,,automatic,2025-04-25 14:38:00,2025-05-10 12:00:00
4276e4f1-30d6-461b-8001-ac03e9197645,07888b0c-585a-49bb-82e3-e4a98a3465c0,552564e7-84a4-4534-acfd-938092f72643,552564e7-84a4-4534-acfd-938092f72643,19f2d2b9-737d-4029-8250-945229084df8,2025-06-05,visited,,,,automatic,2025-05-10 11:37:00,2025-06-04 11:54:00
2d629838-7278-46c1-adfc-31184fb22c1c,07888b0c-585a-49bb-82e3-e4a98a3465c0,552564e7-84a4-4534-acfd-938092f72643,552564e7-84a4-4534-acfd-938092f72643,0035c5bf-742a-4ff6-9e23-941764d58bb9,2025-07-04,visited,,,,automatic,2025-06-04 10:23:00,2025-07-04 11:25:00
1062d4c8-417f-4bac-91d3-bdf7ee65a072,07888b0c-585a-49bb-82e3-e4a98a3465c0,552564e7-84a4-4534-acfd-938092f72643,552564e7-84a4-4534-acfd-938092f72643,19f2d2b9-737d-4029-8250-945229084df8,2025-08-31,visited,,,,automatic,2025-07-04 11:10:00,2025-08-31 13:07:00
6af07075-740b-4d32-81ef-1eaf6a786ad3,07888b0c-585a-49bb-82e3-e4a98a3465c0,552564e7-84a4-4534-acfd-938092f72643,552564e7-84a4-4534-acfd-938092f72643,f3161305-31e6-47c0-8597-e00f4ddec847,2025-10-23,visited,,2025-10-26,True,automatic,2025-08-31 13:35:00,2025-11-03 08:34:00
8934a77b-3756-42d2-bfca-96a097d6741c,07888b0c-585a-49bb-82e3-e4a98a3465c0,552564e7-84a4-4534-acfd-938092f72643,552564e7-84a4-4534-acfd-938092f72643,19f2d2b9-737d-4029-8250-945229084df8,2025-12-28,visited,,,,automatic,2025-11-03 12:41:00,2025-12-28 08:26:00
6264fea0-78ba-48f6-9ae6-8b87ce24720e,07888b0c-585a-49bb-82e3-e4a98a3465c0,552564e7-84a4-4534-acfd-938092f72643,552564e7-84a4-4534-acfd-938092f72643,213c0975-3815-4ea4-ba67-23c54c2546da,2026-01-22,visited,,,,automatic,2025-12-28 13:04:00,2026-01-22 14:11:00
dd972b80-38ee-4c43-af4e-4c97b3b40b91,07888b0c-585a-49bb-82e3-e4a98a3465c0,552564e7-84a4-4534-acfd-938092f72643,552564e7-84a4-4534-acfd-938092f72643,19f2d2b9-737d-4029-8250-945229084df8,2026-04-17,cancelled,moved,2026-04-20,,automatic,2026-01-22 11:12:00,2026-04-24 11:40:00
2fc70651-4a4a-4b96-a14d-bc16d0d85513,1f3d92df-bd4c-455b-ae16-1c2bbf143724,5f213a58-b179-42d7-9c05-e29474526e82,5f213a58-b179-42d7-9c05-e29474526e82,b302ab11-03e4-4bae-be36-6ec2662f7fc9,2025-07-17,visited,,2025-07-20,True,automatic,2025-06-18 15:17:00,2025-11-22 11:40:00
eb4acd14-430a-4a60-ba70-22d61d44acf5,1f3d92df-bd4c-455b-ae16-1c2bbf143724,5f213a58-b179-42d7-9c05-e29474526e82,5f213a58-b179-42d7-9c05-e29474526e82,8e0d0bd7-32bc-44e0-8bb3-7f4f4b13cf78,2025-12-17,visited,,,,automatic,2025-11-22 13:52:00,2025-12-16 08:07:00
1325450e-69a2-434c-b9d9-5c1ca7aa8d2d,1f3d92df-bd4c-455b-ae16-1c2bbf143724,5f213a58-b179-42d7-9c05-e29474526e82,5f213a58-b179-42d7-9c05-e29474526e82,8e0d0bd7-32bc-44e0-8bb3-7f4f4b13cf78,2026-01-13,visited,,2026-01-16,,automatic,2025-12-16 08:22:00,2026-01-21 09:54:00
50275a68-475d-4201-8081-3fc99e86fad2,1f3d92df-bd4c-455b-ae16-1c2bbf143724,5f213a58-b179-42d7-9c05-e29474526e82,5f213a58-b179-42d7-9c05-e29474526e82,b302ab11-03e4-4bae-be36-6ec2662f7fc9,2026-02-19,scheduled,,2026-02-22,,automatic,2026-01-21 08:57:00,2026-01-21 08:57:00
64efdcd4-cf99-4755-a0ae-e006d35d2e36,eedd09c9-d902-4a33-a350-94fd6ed36f43,ffe42279-f3bd-4683-a6a8-52c1bb9651f3,ffe42279-f3bd-4683-a6a8-52c1bb9651f3,4519b91f-242d-4e4d-ae0c-da1f0c701874,2025-02-08,visited,,,,automatic,2025-01-26 15:29:00,2025-02-08 10:43:00
01c46b5b-1830-41f2-a8f5-8a53b9781360,eedd09c9-d902-4a33-a350-94fd6ed36f43,ffe42279-f3bd-4683-a6a8-52c1bb9651f3,ffe42279-f3bd-4683-a6a8-52c1bb9651f3,246dee45-3351-44d3-8a3a-ca414c46c168,2025-03-08,visited,,,,automatic,2025-02-08 14:52:00,2025-03-08 08:14:00
75eb7da1-707c-4ac0-aff1-fd42cf21a46e,eedd09c9-d902-4a33-a350-94fd6ed36f43,ffe42279-f3bd-4683-a6a8-52c1bb9651f3,ffe42279-f3bd-4683-a6a8-52c1bb9651f3,cd18ec08-f6a4-4724-926f-acd2aeb0daf2,2025-04-04,visited,,,,automatic,2025-03-08 11:06:00,2025-04-03 11:34:00
7a0776b2-3231-49ce-9323-a1118c36bae4,eedd09c9-d902-4a33-a350-94fd6ed36f43,ffe42279-f3bd-4683-a6a8-52c1bb9651f3,ffe42279-f3bd-4683-a6a8-52c1bb9651f3,246dee45-3351-44d3-8a3a-ca414c46c168,2025-04-30,visited,,,,automatic,2025-04-03 11:58:00,2025-05-02 11:15:00
5d5a55fb-eaa7-48bb-b583-83225f0dd53a,eedd09c9-d902-4a33-a350-94fd6ed36f43,ffe42279-f3bd-4683-a6a8-52c1bb9651f3,ffe42279-f3bd-4683-a6a8-52c1bb9651f3,cd18ec08-f6a4-4724-926f-acd2aeb0daf2,2025-06-02,visited,,,,automatic,2025-05-02 13:11:00,2025-06-05 13:02:00
5c124d67-21bd-4d94-b8d6-4164975a91cd,eedd09c9-d902-4a33-a350-94fd6ed36f43,ffe42279-f3bd-4683-a6a8-52c1bb9651f3,ffe42279-f3bd-4683-a6a8-52c1bb9651f3,cd18ec08-f6a4-4724-926f-acd2aeb0daf2,2025-07-06,visited,,,,automatic,2025-06-05 09:06:00,2025-07-04 08:47:00
826ebb6c-fac9-4220-88a1-3c7c3bf00031,eedd09c9-d902-4a33-a350-94fd6ed36f43,ffe42279-f3bd-4683-a6a8-52c1bb9651f3,ffe42279-f3bd-4683-a6a8-52c1bb9651f3,353297dd-2e3c-46c0-a49c-7fd69ac2c389,2025-08-03,visited,,,,automatic,2025-07-04 15:33:00,2025-08-02 08:27:00
8c4ed379-6619-46c3-8f9c-1a1a41fdccc4,eedd09c9-d902-4a33-a350-94fd6ed36f43,ffe42279-f3bd-4683-a6a8-52c1bb9651f3,ffe42279-f3bd-4683-a6a8-52c1bb9651f3,246dee45-3351-44d3-8a3a-ca414c46c168,2025-10-25,visited,,,,automatic,2025-08-02 13:42:00,2025-10-25 11:41:00
c829181a-3763-4632-b80d-e62084faa546,eedd09c9-d902-4a33-a350-94fd6ed36f43,ffe42279-f3bd-4683-a6a8-52c1bb9651f3,ffe42279-f3bd-4683-a6a8-52c1bb9651f3,353297dd-2e3c-46c0-a49c-7fd69ac2c389,2025-12-20,visited,,,,automatic,2025-10-25 14:44:00,2025-12-20 08:05:00
ff43d846-3874-4217-882a-707b5abcb154,eedd09c9-d902-4a33-a350-94fd6ed36f43,ffe42279-f3bd-4683-a6a8-52c1bb9651f3,ffe42279-f3bd-4683-a6a8-52c1bb9651f3,4519b91f-242d-4e4d-ae0c-da1f0c701874,2026-02-13,visited,,,,automatic,2025-12-20 14:17:00,2026-02-13 15:18:00
a48fddea-951b-4e4d-836e-347c7a32229a,eedd09c9-d902-4a33-a350-94fd6ed36f43,ffe42279-f3bd-4683-a6a8-52c1bb9651f3,ffe42279-f3bd-4683-a6a8-52c1bb9651f3,4519b91f-242d-4e4d-ae0c-da1f0c701874,2026-04-09,visited,,,,automatic,2026-02-13 15:22:00,2026-04-09 10:33:00
1f323881-6b46-4416-85f9-7c589c055e2c,eedd09c9-d902-4a33-a350-94fd6ed36f43,ffe42279-f3bd-4683-a6a8-52c1bb9651f3,ffe42279-f3bd-4683-a6a8-52c1bb9651f3,246dee45-3351-44d3-8a3a-ca414c46c168,2026-06-02,visited,,,,automatic,2026-04-09 11:13:00,2026-06-02 11:33:00
b7b5eaf9-cd49-4244-8f5f-a3e96db2263d,eedd09c9-d902-4a33-a350-94fd6ed36f43,ffe42279-f3bd-4683-a6a8-52c1bb9651f3,ffe42279-f3bd-4683-a6a8-52c1bb9651f3,4519b91f-242d-4e4d-ae0c-da1f0c701874,2026-06-30,visited,,,,automatic,2026-06-02 15:42:00,2026-06-30 09:53:00
6566452d-c7f4-4e68-8c60-cd2661738418,eedd09c9-d902-4a33-a350-94fd6ed36f43,ffe42279-f3bd-4683-a6a8-52c1bb9651f3,ffe42279-f3bd-4683-a6a8-52c1bb9651f3,353297dd-2e3c-46c0-a49c-7fd69ac2c389,2026-08-28,visited,,,,automatic,2026-06-30 12:23:00,2026-08-28 11:48:00
207ce6ad-65cd-47c6-9ab5-172a44afd9dc,eedd09c9-d902-4a33-a350-94fd6ed36f43,ffe42279-f3bd-4683-a6a8-52c1bb9651f3,ffe42279-f3bd-4683-a6a8-52c1bb9651f3,246dee45-3351-44d3-8a3a-ca414c46c168,2026-11-18,scheduled,,,,automatic,2026-08-28 15:02:00,2026-08-28 15:02:00
24ec6a10-58c3-4ae0-9ea1-f52dbad78b2d,32c5aeac-6fcc-4edc-95ce-1a140b1a29d0,da845e7d-fedd-47ac-b12d-fb734b6449eb,da845e7d-fedd-47ac-b12d-fb734b6449eb,5e76f2ad-b087-4dc4-9d25-73e3e0503036,2024-10-09,visited,,,,automatic,2024-09-09 08:56:00,2024-10-10 08:49:00
f2a8ff75-2fad-49b9-bbab-19bfc0b8057b,32c5aeac-6fcc-4edc-95ce-1a140b1a29d0,da845e7d-fedd-47ac-b12d-fb734b6449eb,da845e7d-fedd-47ac-b12d-fb734b6449eb,e18956f3-25d3-4ad3-9e29-e476c974b1e2,2024-10-24,visited,,,,automatic,2024-10-10 14:00:00,2024-10-26 11:09:00
e2ab7c66-2c94-4c79-b1d1-2f94d0bdad34,32c5aeac-6fcc-4edc-95ce-1a140b1a29d0,da845e7d-fedd-47ac-b12d-fb734b6449eb,da845e7d-fedd-47ac-b12d-fb734b6449eb,447e99c5-592b-43d3-805b-eb75f1251d2a,2024-11-24,visited,,,,automatic,2024-10-26 13:48:00,2024-11-24 14:31:00
5b61d564-72b9-4ea6-a557-673da9902382,32c5aeac-6fcc-4edc-95ce-1a140b1a29d0,da845e7d-fedd-47ac-b12d-fb734b6449eb,da845e7d-fedd-47ac-b12d-fb734b6449eb,447e99c5-592b-43d3-805b-eb75f1251d2a,2024-12-21,visited,,,,automatic,2024-11-24 11:27:00,2024-12-22 14:53:00
37fe9b14-ba38-4dff-a55f-b5f3dc5e1d39,32c5aeac-6fcc-4edc-95ce-1a140b1a29d0,da845e7d-fedd-47ac-b12d-fb734b6449eb,da845e7d-fedd-47ac-b12d-fb734b6449eb,5e76f2ad-b087-4dc4-9d25-73e3e0503036,2025-01-04,visited,,,,automatic,2024-12-22 09:45:00,2025-01-05 15:18:00
85a279d0-4adc-4c59-83d7-f8b53d022803,32c5aeac-6fcc-4edc-95ce-1a140b1a29d0,da845e7d-fedd-47ac-b12d-fb734b6449eb,da845e7d-fedd-47ac-b12d-fb734b6449eb,447e99c5-592b-43d3-805b-eb75f1251d2a,2025-02-05,visited,,2025-02-08,True,automatic,2025-01-05 08:32:00,2025-02-24 09:50:00
d7f29116-0adf-4661-9b1b-f03d4b0043b0,32c5aeac-6fcc-4edc-95ce-1a140b1a29d0,da845e7d-fedd-47ac-b12d-fb734b6449eb,da845e7d-fedd-47ac-b12d-fb734b6449eb,e18956f3-25d3-4ad3-9e29-e476c974b1e2,2025-04-19,visited,,2025-04-22,True,automatic,2025-02-24 11:47:00,2025-05-05 10:57:00
d66941b8-218c-4aed-b94d-f335eaa8e63e,32c5aeac-6fcc-4edc-95ce-1a140b1a29d0,da845e7d-fedd-47ac-b12d-fb734b6449eb,da845e7d-fedd-47ac-b12d-fb734b6449eb,447e99c5-592b-43d3-805b-eb75f1251d2a,2025-06-27,visited,,2025-07-23,,automatic,2025-05-05 12:40:00,2025-08-06 10:20:00
37c22ccb-6967-4efc-b117-82288f113527,32c5aeac-6fcc-4edc-95ce-1a140b1a29d0,da845e7d-fedd-47ac-b12d-fb734b6449eb,da845e7d-fedd-47ac-b12d-fb734b6449eb,e18956f3-25d3-4ad3-9e29-e476c974b1e2,2025-09-06,visited,,2025-09-09,,automatic,2025-08-06 15:09:00,2026-03-23 11:51:00
922cb4af-fcaa-490a-9171-2a09649e37a2,32c5aeac-6fcc-4edc-95ce-1a140b1a29d0,da845e7d-fedd-47ac-b12d-fb734b6449eb,da845e7d-fedd-47ac-b12d-fb734b6449eb,5e76f2ad-b087-4dc4-9d25-73e3e0503036,2026-04-20,visited,,,,automatic,2026-03-23 13:53:00,2026-04-20 08:01:00
812d2a3e-5722-440c-8717-212e8c7b0326,32c5aeac-6fcc-4edc-95ce-1a140b1a29d0,da845e7d-fedd-47ac-b12d-fb734b6449eb,da845e7d-fedd-47ac-b12d-fb734b6449eb,447e99c5-592b-43d3-805b-eb75f1251d2a,2026-05-18,visited,,,,automatic,2026-04-20 13:36:00,2026-05-19 15:25:00
be7e91e1-a0cc-4adc-86b1-cd9b2cb5c3a6,32c5aeac-6fcc-4edc-95ce-1a140b1a29d0,da845e7d-fedd-47ac-b12d-fb734b6449eb,da845e7d-fedd-47ac-b12d-fb734b6449eb,5e76f2ad-b087-4dc4-9d25-73e3e0503036,2026-07-11,visited,,2026-07-14,,automatic,2026-05-19 15:50:00,2026-08-14 14:33:00
1eb7e0a9-65a0-4404-83e2-83ea06628c59,32c5aeac-6fcc-4edc-95ce-1a140b1a29d0,da845e7d-fedd-47ac-b12d-fb734b6449eb,da845e7d-fedd-47ac-b12d-fb734b6449eb,447e99c5-592b-43d3-805b-eb75f1251d2a,2026-10-11,scheduled,,,,automatic,2026-08-14 08:52:00,2026-08-14 08:52:00
72451b88-1eb9-4b05-90b5-8f0edd7df730,c045e5f5-45c9-4de2-bb3e-e849493b1aac,906096d6-f0f6-4da5-9c19-dc403afb4bb8,906096d6-f0f6-4da5-9c19-dc403afb4bb8,8cc3bb69-3add-47d5-9cd2-8cff31252948,2024-11-29,visited,,,,automatic,2024-11-17 14:07:00,2024-12-04 13:18:00
183ae517-e6ad-48da-b4c0-e65dc3eab38d,c045e5f5-45c9-4de2-bb3e-e849493b1aac,906096d6-f0f6-4da5-9c19-dc403afb4bb8,906096d6-f0f6-4da5-9c19-dc403afb4bb8,9bae34d8-d312-48ce-9bbf-17fa6222b3f6,2024-12-30,visited,,,,automatic,2024-12-04 12:01:00,2024-12-30 10:39:00
0db2c130-7885-4752-a193-66edd3112766,c045e5f5-45c9-4de2-bb3e-e849493b1aac,906096d6-f0f6-4da5-9c19-dc403afb4bb8,906096d6-f0f6-4da5-9c19-dc403afb4bb8,b0715258-4719-4ce5-8a85-03ccda2c376c,2025-01-28,visited,,,,automatic,2024-12-30 09:34:00,2025-01-29 12:47:00
f1ebd672-6570-4d75-b4a3-27fab63aa234,c045e5f5-45c9-4de2-bb3e-e849493b1aac,906096d6-f0f6-4da5-9c19-dc403afb4bb8,906096d6-f0f6-4da5-9c19-dc403afb4bb8,8cc3bb69-3add-47d5-9cd2-8cff31252948,2025-02-27,visited,,2025-03-02,True,automatic,2025-01-29 11:13:00,2025-04-06 14:22:00
719124ce-0b04-4dce-a35e-64ce99f29d18,c045e5f5-45c9-4de2-bb3e-e849493b1aac,906096d6-f0f6-4da5-9c19-dc403afb4bb8,906096d6-f0f6-4da5-9c19-dc403afb4bb8,8cc3bb69-3add-47d5-9cd2-8cff31252948,2025-05-07,visited,,2025-05-10,True,automatic,2025-04-06 12:13:00,2025-05-30 11:56:00
ae2f0196-291c-44c2-9891-a5b5b047d39f,c045e5f5-45c9-4de2-bb3e-e849493b1aac,906096d6-f0f6-4da5-9c19-dc403afb4bb8,906096d6-f0f6-4da5-9c19-dc403afb4bb8,9bae34d8-d312-48ce-9bbf-17fa6222b3f6,2025-06-25,visited,,2025-06-28,True,automatic,2025-05-30 11:52:00,2025-07-16 09:56:00
de6f2ebf-1c03-4e06-85eb-1aee1b3012fe,c045e5f5-45c9-4de2-bb3e-e849493b1aac,906096d6-f0f6-4da5-9c19-dc403afb4bb8,906096d6-f0f6-4da5-9c19-dc403afb4bb8,8cc3bb69-3add-47d5-9cd2-8cff31252948,2025-08-01,scheduled,,2025-08-04,True,automatic,2025-07-16 12:19:00,2025-07-16 12:19:00
53df30c1-d933-4e61-8871-bbf76fe006ff,5f72d095-3e4c-4e84-8a86-76dc02cbed12,5f213a58-b179-42d7-9c05-e29474526e82,5f213a58-b179-42d7-9c05-e29474526e82,2db9a55b-d59a-4a30-a4c8-bf7ae0a1e014,2025-05-22,visited,,,,automatic,2025-03-25 14:57:00,2025-05-22 10:07:00
99b1e78e-b6e0-406e-ab9b-1da7cf6c3c21,5f72d095-3e4c-4e84-8a86-76dc02cbed12,5f213a58-b179-42d7-9c05-e29474526e82,5f213a58-b179-42d7-9c05-e29474526e82,b302ab11-03e4-4bae-be36-6ec2662f7fc9,2025-06-20,visited,,,,automatic,2025-05-22 09:42:00,2025-06-25 10:01:00
09d6e81a-59ee-49ec-bb19-bd8948c954e1,5f72d095-3e4c-4e84-8a86-76dc02cbed12,5f213a58-b179-42d7-9c05-e29474526e82,5f213a58-b179-42d7-9c05-e29474526e82,406a76ac-2a9d-4982-b6f8-1efb7296c6c0,2025-08-17,visited,,,,automatic,2025-06-25 09:28:00,2025-08-17 14:40:00
69ce5f46-4db7-4849-887d-c54432b97f86,5f72d095-3e4c-4e84-8a86-76dc02cbed12,5f213a58-b179-42d7-9c05-e29474526e82,5f213a58-b179-42d7-9c05-e29474526e82,406a76ac-2a9d-4982-b6f8-1efb7296c6c0,2025-09-11,visited,,,,automatic,2025-08-17 10:17:00,2025-09-11 14:05:00
f66aee39-3160-4e49-87ad-f16a0e7db7b6,5f72d095-3e4c-4e84-8a86-76dc02cbed12,5f213a58-b179-42d7-9c05-e29474526e82,5f213a58-b179-42d7-9c05-e29474526e82,2db9a55b-d59a-4a30-a4c8-bf7ae0a1e014,2025-10-08,visited,,,,automatic,2025-09-11 08:27:00,2025-10-08 10:35:00
12c238fa-8795-4b7c-a650-39bf80a82a20,5f72d095-3e4c-4e84-8a86-76dc02cbed12,5f213a58-b179-42d7-9c05-e29474526e82,5f213a58-b179-42d7-9c05-e29474526e82,b302ab11-03e4-4bae-be36-6ec2662f7fc9,2025-11-06,visited,,,,automatic,2025-10-08 09:45:00,2025-11-06 14:15:00
3ca2e217-2dec-44a0-8b54-332a6bb79841,5f72d095-3e4c-4e84-8a86-76dc02cbed12,5f213a58-b179-42d7-9c05-e29474526e82,5f213a58-b179-42d7-9c05-e29474526e82,b302ab11-03e4-4bae-be36-6ec2662f7fc9,2025-12-31,visited,,,,automatic,2025-11-06 10:06:00,2025-12-31 14:49:00
a94f2e78-04e4-4b07-b111-98d26979d44e,5f72d095-3e4c-4e84-8a86-76dc02cbed12,5f213a58-b179-42d7-9c05-e29474526e82,5f213a58-b179-42d7-9c05-e29474526e82,406a76ac-2a9d-4982-b6f8-1efb7296c6c0,2026-02-24,visited,,,,automatic,2025-12-31 10:29:00,2026-02-24 15:19:00
1f20a5e0-7d55-4198-9cf3-5f9a4242112d,5f72d095-3e4c-4e84-8a86-76dc02cbed12,5f213a58-b179-42d7-9c05-e29474526e82,5f213a58-b179-42d7-9c05-e29474526e82,b302ab11-03e4-4bae-be36-6ec2662f7fc9,2026-04-22,visited,,,,automatic,2026-02-24 09:06:00,2026-04-22 09:26:00
0fe17b43-f549-4431-babe-beccd9f7e088,5f72d095-3e4c-4e84-8a86-76dc02cbed12,5f213a58-b179-42d7-9c05-e29474526e82,5f213a58-b179-42d7-9c05-e29474526e82,8e0d0bd7-32bc-44e0-8bb3-7f4f4b13cf78,2026-05-22,visited,,,,automatic,2026-04-22 09:33:00,2026-05-22 09:36:00
ebc8e2e2-52b9-4786-bb22-e124d32dabd0,5f72d095-3e4c-4e84-8a86-76dc02cbed12,5f213a58-b179-42d7-9c05-e29474526e82,5f213a58-b179-42d7-9c05-e29474526e82,8e0d0bd7-32bc-44e0-8bb3-7f4f4b13cf78,2026-07-15,visited,,,,automatic,2026-05-22 11:54:00,2026-07-15 11:01:00
9e50a1db-6c80-414f-96ed-45c830b50b49,5f72d095-3e4c-4e84-8a86-76dc02cbed12,5f213a58-b179-42d7-9c05-e29474526e82,5f213a58-b179-42d7-9c05-e29474526e82,8e0d0bd7-32bc-44e0-8bb3-7f4f4b13cf78,2026-09-07,visited,,,,automatic,2026-07-15 15:26:00,2026-09-14 10:42:00
e4156188-869c-4118-9e21-3940c901656b,5f72d095-3e4c-4e84-8a86-76dc02cbed12,5f213a58-b179-42d7-9c05-e29474526e82,5f213a58-b179-42d7-9c05-e29474526e82,8e0d0bd7-32bc-44e0-8bb3-7f4f4b13cf78,2026-10-13,scheduled,,,,automatic,2026-09-14 09:19:00,2026-09-14 09:19:00
c846d3b8-f3c3-4506-bbb3-c2f837eb6d41,962776f3-0dee-457a-bfcc-5b416669541a,906096d6-f0f6-4da5-9c19-dc403afb4bb8,906096d6-f0f6-4da5-9c19-dc403afb4bb8,9bae34d8-d312-48ce-9bbf-17fa6222b3f6,2026-07-26,visited,,,,automatic,2026-06-29 14:45:00,2026-07-28 10:17:00
306aac58-8beb-4df4-8286-12ad0762eb94,962776f3-0dee-457a-bfcc-5b416669541a,906096d6-f0f6-4da5-9c19-dc403afb4bb8,906096d6-f0f6-4da5-9c19-dc403afb4bb8,b0715258-4719-4ce5-8a85-03ccda2c376c,2026-09-23,visited,,,,automatic,2026-07-28 08:21:00,2026-09-23 08:39:00
f5298313-670d-4701-8844-69833dac84e6,962776f3-0dee-457a-bfcc-5b416669541a,906096d6-f0f6-4da5-9c19-dc403afb4bb8,906096d6-f0f6-4da5-9c19-dc403afb4bb8,b0715258-4719-4ce5-8a85-03ccda2c376c,2026-12-16,scheduled,,,,automatic,2026-09-23 15:23:00,2026-09-23 15:23:00
4153f32a-59e3-43c5-9f79-44ee61787e00,984bfce1-442f-4ebf-8b83-f13ee16dcc72,ffe42279-f3bd-4683-a6a8-52c1bb9651f3,ffe42279-f3bd-4683-a6a8-52c1bb9651f3,246dee45-3351-44d3-8a3a-ca414c46c168,2025-01-13,visited,,,,automatic,2024-12-14 14:06:00,2025-01-15 15:40:00
36f93b6c-d5bf-494f-bb5e-1b231aec84ac,984bfce1-442f-4ebf-8b83-f13ee16dcc72,ffe42279-f3bd-4683-a6a8-52c1bb9651f3,ffe42279-f3bd-4683-a6a8-52c1bb9651f3,cd18ec08-f6a4-4724-926f-acd2aeb0daf2,2025-02-09,visited,,,,automatic,2025-01-15 08:49:00,2025-02-09 13:38:00
568881e8-435d-4c56-b80c-038f33a9cafd,984bfce1-442f-4ebf-8b83-f13ee16dcc72,ffe42279-f3bd-4683-a6a8-52c1bb9651f3,ffe42279-f3bd-4683-a6a8-52c1bb9651f3,cd18ec08-f6a4-4724-926f-acd2aeb0daf2,2025-02-24,visited,,,,automatic,2025-02-09 11:06:00,2025-02-24 13:03:00
5ac2cbe7-2119-4811-8b97-01d8aa87cbd3,984bfce1-442f-4ebf-8b83-f13ee16dcc72,ffe42279-f3bd-4683-a6a8-52c1bb9651f3,ffe42279-f3bd-4683-a6a8-52c1bb9651f3,353297dd-2e3c-46c0-a49c-7fd69ac2c389,2025-03-11,visited,,2025-03-14,True,automatic,2025-02-24 11:53:00,2025-03-27 14:04:00
22e713f9-1c6e-4c47-8b20-3481e2ed5a68,984bfce1-442f-4ebf-8b83-f13ee16dcc72,ffe42279-f3bd-4683-a6a8-52c1bb9651f3,ffe42279-f3bd-4683-a6a8-52c1bb9651f3,cd18ec08-f6a4-4724-926f-acd2aeb0daf2,2025-04-27,visited,,,,automatic,2025-03-27 10:46:00,2025-04-27 14:34:00
8917eda5-b399-4a4d-8f14-4afec4029cff,984bfce1-442f-4ebf-8b83-f13ee16dcc72,ffe42279-f3bd-4683-a6a8-52c1bb9651f3,ffe42279-f3bd-4683-a6a8-52c1bb9651f3,4519b91f-242d-4e4d-ae0c-da1f0c701874,2025-05-24,visited,,,,automatic,2025-04-27 09:05:00,2025-05-24 12:22:00
87f77450-d86b-48f3-879a-6cbf801bc610,984bfce1-442f-4ebf-8b83-f13ee16dcc72,ffe42279-f3bd-4683-a6a8-52c1bb9651f3,ffe42279-f3bd-4683-a6a8-52c1bb9651f3,4519b91f-242d-4e4d-ae0c-da1f0c701874,2025-07-22,visited,,,,automatic,2025-05-24 14:25:00,2025-07-24 09:09:00
18a40e80-e660-46b8-ae38-07f4508fb551,984bfce1-442f-4ebf-8b83-f13ee16dcc72,ffe42279-f3bd-4683-a6a8-52c1bb9651f3,ffe42279-f3bd-4683-a6a8-52c1bb9651f3,353297dd-2e3c-46c0-a49c-7fd69ac2c389,2025-09-21,visited,,,,automatic,2025-07-24 08:51:00,2025-09-22 10:31:00
25c5789e-f021-47ec-bb48-cb532fc82309,984bfce1-442f-4ebf-8b83-f13ee16dcc72,ffe42279-f3bd-4683-a6a8-52c1bb9651f3,ffe42279-f3bd-4683-a6a8-52c1bb9651f3,246dee45-3351-44d3-8a3a-ca414c46c168,2025-11-19,visited,,,,automatic,2025-09-22 11:26:00,2025-11-21 10:45:00
f8c3c20c-84b6-411c-b232-1ed7b48c7b74,984bfce1-442f-4ebf-8b83-f13ee16dcc72,ffe42279-f3bd-4683-a6a8-52c1bb9651f3,ffe42279-f3bd-4683-a6a8-52c1bb9651f3,cd18ec08-f6a4-4724-926f-acd2aeb0daf2,2025-12-18,visited,,,,automatic,2025-11-21 15:30:00,2025-12-21 10:10:00
32b2b815-d40b-468f-b3fa-ae7366a54e43,984bfce1-442f-4ebf-8b83-f13ee16dcc72,ffe42279-f3bd-4683-a6a8-52c1bb9651f3,ffe42279-f3bd-4683-a6a8-52c1bb9651f3,cd18ec08-f6a4-4724-926f-acd2aeb0daf2,2026-01-20,visited,,,,automatic,2025-12-21 09:06:00,2026-01-20 12:10:00
8d81d945-c28c-4adf-85be-bbba009aec10,984bfce1-442f-4ebf-8b83-f13ee16dcc72,ffe42279-f3bd-4683-a6a8-52c1bb9651f3,ffe42279-f3bd-4683-a6a8-52c1bb9651f3,cd18ec08-f6a4-4724-926f-acd2aeb0daf2,2026-04-13,visited,,,,automatic,2026-01-20 09:39:00,2026-04-13 13:35:00
7c3be64a-8fd7-4c15-a857-d5f1ae19623e,984bfce1-442f-4ebf-8b83-f13ee16dcc72,ffe42279-f3bd-4683-a6a8-52c1bb9651f3,ffe42279-f3bd-4683-a6a8-52c1bb9651f3,cd18ec08-f6a4-4724-926f-acd2aeb0daf2,2026-07-04,visited,,,,automatic,2026-04-13 13:03:00,2026-07-05 13:37:00
11df422d-7fe8-4ddf-a6dc-cc878b2dd1e5,984bfce1-442f-4ebf-8b83-f13ee16dcc72,ffe42279-f3bd-4683-a6a8-52c1bb9651f3,ffe42279-f3bd-4683-a6a8-52c1bb9651f3,4519b91f-242d-4e4d-ae0c-da1f0c701874,2026-08-02,visited,,2026-08-05,True,automatic,2026-07-05 09:58:00,2026-08-29 11:17:00
ce0edd00-0ec5-462a-80c1-2d39b0fcb80c,984bfce1-442f-4ebf-8b83-f13ee16dcc72,ffe42279-f3bd-4683-a6a8-52c1bb9651f3,ffe42279-f3bd-4683-a6a8-52c1bb9651f3,353297dd-2e3c-46c0-a49c-7fd69ac2c389,2026-10-26,scheduled,,,,automatic,2026-08-29 09:00:00,2026-08-29 09:00:00
41b6a45f-9791-441a-a787-500d8f4fb11c,0f658961-6275-4a34-bd90-7e758f369210,5f213a58-b179-42d7-9c05-e29474526e82,5f213a58-b179-42d7-9c05-e29474526e82,406a76ac-2a9d-4982-b6f8-1efb7296c6c0,2026-04-12,visited,,,,automatic,2026-03-31 13:04:00,2026-04-12 11:58:00
3b9db355-6fb9-493f-919d-7de60fb742b0,0f658961-6275-4a34-bd90-7e758f369210,5f213a58-b179-42d7-9c05-e29474526e82,5f213a58-b179-42d7-9c05-e29474526e82,8e0d0bd7-32bc-44e0-8bb3-7f4f4b13cf78,2026-05-13,scheduled,,2026-05-16,,automatic,2026-04-12 10:08:00,2026-04-12 10:08:00
be6fbc1a-04f3-4fa6-946b-e799e17e9ba2,61a96335-da59-40a5-aee8-a643dc5fbf24,552564e7-84a4-4534-acfd-938092f72643,552564e7-84a4-4534-acfd-938092f72643,0035c5bf-742a-4ff6-9e23-941764d58bb9,2025-06-15,visited,,,,automatic,2025-05-17 15:01:00,2025-06-15 14:53:00
9e739c68-f64d-4cfc-b689-7afbda4954db,61a96335-da59-40a5-aee8-a643dc5fbf24,552564e7-84a4-4534-acfd-938092f72643,552564e7-84a4-4534-acfd-938092f72643,c762646d-3ec2-420a-956d-f1b73ea05187,2025-07-14,visited,,,,automatic,2025-06-15 11:12:00,2025-07-14 12:21:00
705bf4cb-8c7d-4fef-b1bf-2af92378b320,61a96335-da59-40a5-aee8-a643dc5fbf24,552564e7-84a4-4534-acfd-938092f72643,552564e7-84a4-4534-acfd-938092f72643,448fb26c-4d06-4d9f-a11d-a2745fb4d4c6,2025-08-14,visited,,,,automatic,2025-07-14 11:01:00,2025-08-14 08:40:00
e3530fc8-7fd3-4b38-bac7-166895c165a0,61a96335-da59-40a5-aee8-a643dc5fbf24,552564e7-84a4-4534-acfd-938092f72643,552564e7-84a4-4534-acfd-938092f72643,19f2d2b9-737d-4029-8250-945229084df8,2025-09-14,visited,,,,automatic,2025-08-14 12:44:00,2025-09-21 11:22:00
77590bdf-1f03-4b7b-8eb1-d85ae10da8b6,61a96335-da59-40a5-aee8-a643dc5fbf24,552564e7-84a4-4534-acfd-938092f72643,552564e7-84a4-4534-acfd-938092f72643,19f2d2b9-737d-4029-8250-945229084df8,2025-10-22,visited,,,,automatic,2025-09-21 13:58:00,2025-10-22 11:04:00
59acf144-7ef8-4b63-88f6-f90169ec237d,61a96335-da59-40a5-aee8-a643dc5fbf24,552564e7-84a4-4534-acfd-938092f72643,552564e7-84a4-4534-acfd-938092f72643,448fb26c-4d06-4d9f-a11d-a2745fb4d4c6,2025-11-17,visited,,,,automatic,2025-10-22 12:04:00,2025-11-17 10:51:00
f8232e49-c4f3-4ca0-9c89-ef59f6be19ef,61a96335-da59-40a5-aee8-a643dc5fbf24,552564e7-84a4-4534-acfd-938092f72643,552564e7-84a4-4534-acfd-938092f72643,19f2d2b9-737d-4029-8250-945229084df8,2026-01-13,visited,,,,automatic,2025-11-17 14:33:00,2026-01-13 08:56:00
33e07076-334d-4b44-bcb3-41e7600f139d,61a96335-da59-40a5-aee8-a643dc5fbf24,552564e7-84a4-4534-acfd-938092f72643,552564e7-84a4-4534-acfd-938092f72643,448fb26c-4d06-4d9f-a11d-a2745fb4d4c6,2026-03-07,visited,,,,automatic,2026-01-13 09:42:00,2026-03-04 08:24:00
14bf60be-8a42-4d6f-a2af-b0287ce5c15e,61a96335-da59-40a5-aee8-a643dc5fbf24,552564e7-84a4-4534-acfd-938092f72643,552564e7-84a4-4534-acfd-938092f72643,c762646d-3ec2-420a-956d-f1b73ea05187,2026-03-31,visited,,,,automatic,2026-03-04 10:13:00,2026-03-31 09:53:00
6050d3d5-641f-4947-be8f-8cd0fc653a4d,61a96335-da59-40a5-aee8-a643dc5fbf24,552564e7-84a4-4534-acfd-938092f72643,552564e7-84a4-4534-acfd-938092f72643,19f2d2b9-737d-4029-8250-945229084df8,2026-05-27,visited,,2026-05-30,,automatic,2026-03-31 10:31:00,2026-09-22 08:19:00
387ee261-8f33-4b70-9d19-f325b8bcb35d,61a96335-da59-40a5-aee8-a643dc5fbf24,552564e7-84a4-4534-acfd-938092f72643,552564e7-84a4-4534-acfd-938092f72643,448fb26c-4d06-4d9f-a11d-a2745fb4d4c6,2026-11-20,scheduled,,,,automatic,2026-09-22 15:45:00,2026-09-22 15:45:00
2338a978-92ec-44cc-a55b-13c3d32541ee,8b793d39-ae70-418d-89a5-2f02decae029,906096d6-f0f6-4da5-9c19-dc403afb4bb8,906096d6-f0f6-4da5-9c19-dc403afb4bb8,b0715258-4719-4ce5-8a85-03ccda2c376c,2026-03-30,visited,,,,automatic,2026-01-30 15:54:00,2026-03-31 13:10:00
742a2676-b591-4722-ae4a-0646d146fbf8,8b793d39-ae70-418d-89a5-2f02decae029,906096d6-f0f6-4da5-9c19-dc403afb4bb8,906096d6-f0f6-4da5-9c19-dc403afb4bb8,8cc3bb69-3add-47d5-9cd2-8cff31252948,2026-04-29,visited,,,,automatic,2026-03-31 12:10:00,2026-04-29 13:36:00
ca844b50-8988-4304-bc0b-f0881e79f5c4,8b793d39-ae70-418d-89a5-2f02decae029,906096d6-f0f6-4da5-9c19-dc403afb4bb8,906096d6-f0f6-4da5-9c19-dc403afb4bb8,9bae34d8-d312-48ce-9bbf-17fa6222b3f6,2026-05-30,visited,,,,automatic,2026-04-29 13:52:00,2026-05-30 09:36:00
0365f2a1-e833-404f-8213-924d707b5e76,8b793d39-ae70-418d-89a5-2f02decae029,906096d6-f0f6-4da5-9c19-dc403afb4bb8,906096d6-f0f6-4da5-9c19-dc403afb4bb8,8cc3bb69-3add-47d5-9cd2-8cff31252948,2026-08-21,visited,,,,automatic,2026-05-30 09:02:00,2026-08-19 10:17:00
3b0847c1-aa65-43c4-b968-7b4048901e5a,8b793d39-ae70-418d-89a5-2f02decae029,906096d6-f0f6-4da5-9c19-dc403afb4bb8,906096d6-f0f6-4da5-9c19-dc403afb4bb8,9bae34d8-d312-48ce-9bbf-17fa6222b3f6,2026-09-17,visited,,,,automatic,2026-08-19 15:46:00,2026-09-18 14:08:00
fdcb99f6-d195-425b-810f-150eb4c2a5c0,8b793d39-ae70-418d-89a5-2f02decae029,906096d6-f0f6-4da5-9c19-dc403afb4bb8,906096d6-f0f6-4da5-9c19-dc403afb4bb8,9bae34d8-d312-48ce-9bbf-17fa6222b3f6,2026-09-30,scheduled,,,,automatic,2026-09-18 13:06:00,2026-09-18 13:06:00
785ada5f-8dd3-4819-b4f3-08560b862dfe,38e426f9-49e6-43aa-b097-5128012ba62d,552564e7-84a4-4534-acfd-938092f72643,552564e7-84a4-4534-acfd-938092f72643,19f2d2b9-737d-4029-8250-945229084df8,2025-02-13,visited,,,,automatic,2025-01-19 08:46:00,2025-02-12 10:30:00
b0669b05-447b-42d4-9ff3-7237ee582637,38e426f9-49e6-43aa-b097-5128012ba62d,552564e7-84a4-4534-acfd-938092f72643,552564e7-84a4-4534-acfd-938092f72643,213c0975-3815-4ea4-ba67-23c54c2546da,2025-03-15,visited,,,,automatic,2025-02-12 14:47:00,2025-03-15 10:00:00
02d0af62-309f-4759-b322-e567f2fd6fc5,38e426f9-49e6-43aa-b097-5128012ba62d,552564e7-84a4-4534-acfd-938092f72643,552564e7-84a4-4534-acfd-938092f72643,f3161305-31e6-47c0-8597-e00f4ddec847,2025-04-10,visited,,,,automatic,2025-03-15 11:42:00,2025-04-10 15:18:00
57ba1e26-5682-4309-89f4-afa29bceed35,38e426f9-49e6-43aa-b097-5128012ba62d,552564e7-84a4-4534-acfd-938092f72643,552564e7-84a4-4534-acfd-938092f72643,c762646d-3ec2-420a-956d-f1b73ea05187,2025-04-22,visited,,,,automatic,2025-04-10 09:25:00,2025-04-19 14:24:00
697305b2-022c-49d4-a9fb-374db8c189e7,38e426f9-49e6-43aa-b097-5128012ba62d,552564e7-84a4-4534-acfd-938092f72643,552564e7-84a4-4534-acfd-938092f72643,c762646d-3ec2-420a-956d-f1b73ea05187,2025-05-04,visited,,,,automatic,2025-04-19 12:06:00,2025-05-01 10:30:00
933accc3-95dc-4e62-8090-9e9e8e0a57ca,38e426f9-49e6-43aa-b097-5128012ba62d,552564e7-84a4-4534-acfd-938092f72643,552564e7-84a4-4534-acfd-938092f72643,0035c5bf-742a-4ff6-9e23-941764d58bb9,2025-05-27,visited,,,,automatic,2025-05-01 13:19:00,2025-05-27 08:12:00
8bb58e20-e640-4c49-85bc-2406a643376c,38e426f9-49e6-43aa-b097-5128012ba62d,552564e7-84a4-4534-acfd-938092f72643,552564e7-84a4-4534-acfd-938092f72643,448fb26c-4d06-4d9f-a11d-a2745fb4d4c6,2025-06-26,visited,,,,automatic,2025-05-27 10:48:00,2025-06-24 12:53:00
ddd9f87d-ed79-4e93-8ae3-4be838c41412,38e426f9-49e6-43aa-b097-5128012ba62d,552564e7-84a4-4534-acfd-938092f72643,552564e7-84a4-4534-acfd-938092f72643,0035c5bf-742a-4ff6-9e23-941764d58bb9,2025-08-18,visited,,,,automatic,2025-06-24 11:54:00,2025-08-18 15:58:00
7248ce7b-cfe2-4351-b197-1ed66d263da9,38e426f9-49e6-43aa-b097-5128012ba62d,552564e7-84a4-4534-acfd-938092f72643,552564e7-84a4-4534-acfd-938092f72643,0035c5bf-742a-4ff6-9e23-941764d58bb9,2025-11-10,visited,,2025-11-13,,automatic,2025-08-18 08:26:00,2025-12-17 10:57:00
ad1f3431-420c-4811-8035-2ab44a76284e,38e426f9-49e6-43aa-b097-5128012ba62d,552564e7-84a4-4534-acfd-938092f72643,552564e7-84a4-4534-acfd-938092f72643,0035c5bf-742a-4ff6-9e23-941764d58bb9,2026-01-14,visited,,,,automatic,2025-12-17 09:14:00,2026-01-14 13:22:00
beca90bc-ecef-4115-9344-af169e25070a,38e426f9-49e6-43aa-b097-5128012ba62d,552564e7-84a4-4534-acfd-938092f72643,552564e7-84a4-4534-acfd-938092f72643,f3161305-31e6-47c0-8597-e00f4ddec847,2026-04-06,visited,,2026-04-09,True,automatic,2026-01-14 14:56:00,2026-04-23 08:18:00
95bbf5ab-c4f2-42a7-800c-65b9d1b96a12,38e426f9-49e6-43aa-b097-5128012ba62d,552564e7-84a4-4534-acfd-938092f72643,552564e7-84a4-4534-acfd-938092f72643,f3161305-31e6-47c0-8597-e00f4ddec847,2026-06-15,visited,,,,automatic,2026-04-23 13:05:00,2026-06-14 12:34:00
d33a8eb6-9c1a-4485-aad5-3093050cc1f3,38e426f9-49e6-43aa-b097-5128012ba62d,552564e7-84a4-4534-acfd-938092f72643,552564e7-84a4-4534-acfd-938092f72643,213c0975-3815-4ea4-ba67-23c54c2546da,2026-08-11,cancelled,moved,,,automatic,2026-06-14 11:53:00,2026-08-11 13:01:00
b30193f7-1efb-4e7b-a96b-389c9c0c4407,3d2cfb51-a2ab-4517-8a0c-2b24ce043e86,552564e7-84a4-4534-acfd-938092f72643,552564e7-84a4-4534-acfd-938092f72643,0035c5bf-742a-4ff6-9e23-941764d58bb9,2026-07-31,visited,,,,automatic,2026-07-18 12:58:00,2026-07-31 10:37:00
2e4f95e1-4582-48b6-895f-5e29461ed471,3d2cfb51-a2ab-4517-8a0c-2b24ce043e86,552564e7-84a4-4534-acfd-938092f72643,552564e7-84a4-4534-acfd-938092f72643,213c0975-3815-4ea4-ba67-23c54c2546da,2026-08-28,scheduled,,2026-09-15,,automatic,2026-07-31 11:52:00,2026-07-31 11:52:00
5c20c2b6-1c9d-4e10-b6cd-add94198afe6,aa284adf-058c-433d-8709-fceb3d3a59df,552564e7-84a4-4534-acfd-938092f72643,552564e7-84a4-4534-acfd-938092f72643,213c0975-3815-4ea4-ba67-23c54c2546da,2026-01-11,visited,,2026-01-14,,automatic,2025-12-11 14:29:00,2026-04-12 09:01:00
47753a3f-0af9-4fa8-bf82-3bfe823a5b22,aa284adf-058c-433d-8709-fceb3d3a59df,552564e7-84a4-4534-acfd-938092f72643,552564e7-84a4-4534-acfd-938092f72643,213c0975-3815-4ea4-ba67-23c54c2546da,2026-04-27,visited,,2026-04-30,,automatic,2026-04-12 09:38:00,2026-05-28 08:27:00
a8e08ace-2700-4e14-9e1d-92adf97f9fcb,aa284adf-058c-433d-8709-fceb3d3a59df,552564e7-84a4-4534-acfd-938092f72643,552564e7-84a4-4534-acfd-938092f72643,0035c5bf-742a-4ff6-9e23-941764d58bb9,2026-06-27,visited,,,,automatic,2026-05-28 14:06:00,2026-06-27 10:10:00
bac3746f-f3e6-4033-85f0-e9ac91136f1b,aa284adf-058c-433d-8709-fceb3d3a59df,552564e7-84a4-4534-acfd-938092f72643,552564e7-84a4-4534-acfd-938092f72643,f3161305-31e6-47c0-8597-e00f4ddec847,2026-07-25,scheduled,,2026-07-28,,automatic,2026-06-27 12:24:00,2026-06-27 12:24:00
6b950dad-a323-4ba6-ad97-1c138f03b5e3,c57c566a-8d6c-4e24-8164-e7cee334a183,906096d6-f0f6-4da5-9c19-dc403afb4bb8,906096d6-f0f6-4da5-9c19-dc403afb4bb8,8cc3bb69-3add-47d5-9cd2-8cff31252948,2025-08-10,visited,,,,automatic,2025-07-13 09:29:00,2025-08-10 15:13:00
d7badcf6-4daa-4177-9b94-d2c3b1c268ba,c57c566a-8d6c-4e24-8164-e7cee334a183,906096d6-f0f6-4da5-9c19-dc403afb4bb8,906096d6-f0f6-4da5-9c19-dc403afb4bb8,8cc3bb69-3add-47d5-9cd2-8cff31252948,2025-08-24,visited,,,,automatic,2025-08-10 12:26:00,2025-08-27 12:40:00
ac36aed3-26d7-4e3d-b5c2-dce83d6a2d14,c57c566a-8d6c-4e24-8164-e7cee334a183,906096d6-f0f6-4da5-9c19-dc403afb4bb8,906096d6-f0f6-4da5-9c19-dc403afb4bb8,9bae34d8-d312-48ce-9bbf-17fa6222b3f6,2025-09-21,visited,,2025-09-24,,automatic,2025-08-27 13:08:00,2025-11-23 08:44:00
99ed2a6a-03f6-4711-bffa-900ef578b14b,c57c566a-8d6c-4e24-8164-e7cee334a183,906096d6-f0f6-4da5-9c19-dc403afb4bb8,906096d6-f0f6-4da5-9c19-dc403afb4bb8,9bae34d8-d312-48ce-9bbf-17fa6222b3f6,2025-12-18,visited,,2025-12-21,,automatic,2025-11-23 15:16:00,2025-12-31 12:23:00
65c2b9de-5929-42f8-b9b0-65bf618c12ed,c57c566a-8d6c-4e24-8164-e7cee334a183,906096d6-f0f6-4da5-9c19-dc403afb4bb8,906096d6-f0f6-4da5-9c19-dc403afb4bb8,9bae34d8-d312-48ce-9bbf-17fa6222b3f6,2026-01-27,visited,,2026-02-19,,automatic,2025-12-31 09:38:00,2026-07-07 10:18:00
5070b00d-ccb4-407d-8f03-ac6e5ad067e0,c57c566a-8d6c-4e24-8164-e7cee334a183,906096d6-f0f6-4da5-9c19-dc403afb4bb8,906096d6-f0f6-4da5-9c19-dc403afb4bb8,b0715258-4719-4ce5-8a85-03ccda2c376c,2026-08-05,visited,,2026-08-22,,automatic,2026-07-07 08:06:00,2026-08-22 08:45:00
88c79917-8f6b-42a0-84ef-aa3eede76ceb,c57c566a-8d6c-4e24-8164-e7cee334a183,906096d6-f0f6-4da5-9c19-dc403afb4bb8,906096d6-f0f6-4da5-9c19-dc403afb4bb8,9bae34d8-d312-48ce-9bbf-17fa6222b3f6,2026-09-03,visited,,,,automatic,2026-08-22 10:48:00,2026-09-03 10:22:00
d9ef4189-1735-4f72-b16c-7d4aa68c9bd9,c57c566a-8d6c-4e24-8164-e7cee334a183,906096d6-f0f6-4da5-9c19-dc403afb4bb8,906096d6-f0f6-4da5-9c19-dc403afb4bb8,9bae34d8-d312-48ce-9bbf-17fa6222b3f6,2026-10-01,scheduled,,,,automatic,2026-09-03 15:21:00,2026-09-03 15:21:00
dc7fdd98-b4dc-4eac-98f8-5cd626f54faf,df258bc8-0fb4-4ba1-b4fd-0598b3cba6d1,5f213a58-b179-42d7-9c05-e29474526e82,5f213a58-b179-42d7-9c05-e29474526e82,b302ab11-03e4-4bae-be36-6ec2662f7fc9,2026-06-07,visited,,,,automatic,2026-05-27 11:45:00,2026-06-07 08:54:00
6c7630fc-99a4-4587-8fa8-eb15801e9f91,df258bc8-0fb4-4ba1-b4fd-0598b3cba6d1,5f213a58-b179-42d7-9c05-e29474526e82,5f213a58-b179-42d7-9c05-e29474526e82,2db9a55b-d59a-4a30-a4c8-bf7ae0a1e014,2026-06-19,visited,,,,automatic,2026-06-07 13:37:00,2026-06-19 11:58:00
0071de45-0288-492d-8458-19de9f9e634c,df258bc8-0fb4-4ba1-b4fd-0598b3cba6d1,5f213a58-b179-42d7-9c05-e29474526e82,5f213a58-b179-42d7-9c05-e29474526e82,b302ab11-03e4-4bae-be36-6ec2662f7fc9,2026-07-16,scheduled,,2026-07-19,,automatic,2026-06-19 09:03:00,2026-06-19 09:03:00
02dce3b4-8470-4a0e-8008-5c648988b5d1,eb2cd807-9074-43f9-889d-1890d1ccf593,ffe42279-f3bd-4683-a6a8-52c1bb9651f3,ffe42279-f3bd-4683-a6a8-52c1bb9651f3,246dee45-3351-44d3-8a3a-ca414c46c168,2026-05-09,visited,,,,automatic,2026-04-09 13:52:00,2026-05-09 10:40:00
f829e005-cf7f-4610-acf0-97180d3f09c7,eb2cd807-9074-43f9-889d-1890d1ccf593,ffe42279-f3bd-4683-a6a8-52c1bb9651f3,ffe42279-f3bd-4683-a6a8-52c1bb9651f3,4519b91f-242d-4e4d-ae0c-da1f0c701874,2026-08-02,visited,,,,automatic,2026-05-09 14:47:00,2026-08-02 09:52:00
19bf246d-0620-4d2a-87f2-8043ef5dbf3b,eb2cd807-9074-43f9-889d-1890d1ccf593,ffe42279-f3bd-4683-a6a8-52c1bb9651f3,ffe42279-f3bd-4683-a6a8-52c1bb9651f3,246dee45-3351-44d3-8a3a-ca414c46c168,2026-09-25,visited,,,,automatic,2026-08-02 13:11:00,2026-09-25 08:12:00
e40790d2-b85f-4327-ab00-fd48f4910619,eb2cd807-9074-43f9-889d-1890d1ccf593,ffe42279-f3bd-4683-a6a8-52c1bb9651f3,ffe42279-f3bd-4683-a6a8-52c1bb9651f3,cd18ec08-f6a4-4724-926f-acd2aeb0daf2,2026-11-17,scheduled,,,,automatic,2026-09-25 15:04:00,2026-09-25 15:04:00
2aa31833-b547-4731-a397-196a5785e5bd,d4683117-005b-49dc-956f-ea4435a0574c,552564e7-84a4-4534-acfd-938092f72643,552564e7-84a4-4534-acfd-938092f72643,448fb26c-4d06-4d9f-a11d-a2745fb4d4c6,2025-12-07,visited,,,,automatic,2025-11-07 14:10:00,2025-12-07 10:51:00
2af07ea7-30fb-4f79-992b-ff4ac42ef2db,d4683117-005b-49dc-956f-ea4435a0574c,552564e7-84a4-4534-acfd-938092f72643,552564e7-84a4-4534-acfd-938092f72643,0035c5bf-742a-4ff6-9e23-941764d58bb9,2026-01-05,visited,,2026-01-08,,automatic,2025-12-07 10:56:00,2026-04-10 11:48:00
21436b11-d752-4a1a-bf99-3bdfa72d118f,d4683117-005b-49dc-956f-ea4435a0574c,552564e7-84a4-4534-acfd-938092f72643,552564e7-84a4-4534-acfd-938092f72643,0035c5bf-742a-4ff6-9e23-941764d58bb9,2026-05-06,visited,,,,automatic,2026-04-10 13:20:00,2026-05-07 12:59:00
040f9311-cea9-4454-a9f3-9b986fb565a8,d4683117-005b-49dc-956f-ea4435a0574c,552564e7-84a4-4534-acfd-938092f72643,552564e7-84a4-4534-acfd-938092f72643,0035c5bf-742a-4ff6-9e23-941764d58bb9,2026-06-07,visited,,,,automatic,2026-05-07 08:21:00,2026-06-06 14:25:00
40fbbcbb-cd26-4437-a18c-b2a6201b73a3,d4683117-005b-49dc-956f-ea4435a0574c,552564e7-84a4-4534-acfd-938092f72643,552564e7-84a4-4534-acfd-938092f72643,448fb26c-4d06-4d9f-a11d-a2745fb4d4c6,2026-07-02,visited,,2026-07-16,,automatic,2026-06-06 14:24:00,2026-07-19 12:49:00
771a823b-2655-475f-82b0-412e5807b37d,d4683117-005b-49dc-956f-ea4435a0574c,552564e7-84a4-4534-acfd-938092f72643,552564e7-84a4-4534-acfd-938092f72643,0035c5bf-742a-4ff6-9e23-941764d58bb9,2026-08-16,visited,,,,automatic,2026-07-19 14:43:00,2026-08-18 11:34:00
1cb33728-8d29-4922-90ee-55ce0d18bd7a,d4683117-005b-49dc-956f-ea4435a0574c,552564e7-84a4-4534-acfd-938092f72643,552564e7-84a4-4534-acfd-938092f72643,0035c5bf-742a-4ff6-9e23-941764d58bb9,2026-09-15,visited,,,,automatic,2026-08-18 12:42:00,2026-09-16 11:00:00
5d225105-d8f2-44c6-8dde-773f14b0254c,d4683117-005b-49dc-956f-ea4435a0574c,552564e7-84a4-4534-acfd-938092f72643,552564e7-84a4-4534-acfd-938092f72643,f3161305-31e6-47c0-8597-e00f4ddec847,2026-10-17,scheduled,,,,automatic,2026-09-16 14:54:00,2026-09-16 14:54:00
fe9a3d1a-f969-4df0-a038-dc32294aaa30,8354aad5-e1c3-413c-98c6-85a6d7a9b4cc,ffe42279-f3bd-4683-a6a8-52c1bb9651f3,ffe42279-f3bd-4683-a6a8-52c1bb9651f3,4519b91f-242d-4e4d-ae0c-da1f0c701874,2026-04-03,visited,,,,automatic,2026-03-19 09:56:00,2026-04-08 09:14:00
1a6fb4f6-7c61-493a-88dc-d80704cb6f3c,8354aad5-e1c3-413c-98c6-85a6d7a9b4cc,ffe42279-f3bd-4683-a6a8-52c1bb9651f3,ffe42279-f3bd-4683-a6a8-52c1bb9651f3,246dee45-3351-44d3-8a3a-ca414c46c168,2026-04-20,visited,,2026-04-23,,automatic,2026-04-08 12:22:00,2026-06-25 13:15:00
5b9b9d1e-f3b3-4524-81bd-39f6fb3a6cef,8354aad5-e1c3-413c-98c6-85a6d7a9b4cc,ffe42279-f3bd-4683-a6a8-52c1bb9651f3,ffe42279-f3bd-4683-a6a8-52c1bb9651f3,4519b91f-242d-4e4d-ae0c-da1f0c701874,2026-07-07,visited,,,,automatic,2026-06-25 11:10:00,2026-07-07 11:06:00
aab2bc55-c9c0-4969-b9df-a426e2c45716,8354aad5-e1c3-413c-98c6-85a6d7a9b4cc,ffe42279-f3bd-4683-a6a8-52c1bb9651f3,ffe42279-f3bd-4683-a6a8-52c1bb9651f3,246dee45-3351-44d3-8a3a-ca414c46c168,2026-08-07,visited,,2026-08-10,True,automatic,2026-07-07 13:37:00,2026-09-05 14:34:00
988a74b9-6f14-4c30-9313-c207a4b768e3,8354aad5-e1c3-413c-98c6-85a6d7a9b4cc,ffe42279-f3bd-4683-a6a8-52c1bb9651f3,ffe42279-f3bd-4683-a6a8-52c1bb9651f3,cd18ec08-f6a4-4724-926f-acd2aeb0daf2,2026-10-01,scheduled,,,,automatic,2026-09-05 14:06:00,2026-09-05 14:06:00
846a4b02-bcef-470f-99d7-c9501b3cf084,d97c0704-4a90-44b9-a01a-63d9776d5830,5f213a58-b179-42d7-9c05-e29474526e82,5f213a58-b179-42d7-9c05-e29474526e82,8e0d0bd7-32bc-44e0-8bb3-7f4f4b13cf78,2025-02-09,visited,,,,automatic,2025-01-28 09:40:00,2025-02-10 08:04:00
e5b1c211-b6a1-4a4b-b7be-710a2e707c12,d97c0704-4a90-44b9-a01a-63d9776d5830,5f213a58-b179-42d7-9c05-e29474526e82,5f213a58-b179-42d7-9c05-e29474526e82,406a76ac-2a9d-4982-b6f8-1efb7296c6c0,2025-03-08,visited,,,,automatic,2025-02-10 10:39:00,2025-03-08 14:45:00
b41df9a3-7ed3-4bb3-8d8e-6c078a730118,d97c0704-4a90-44b9-a01a-63d9776d5830,5f213a58-b179-42d7-9c05-e29474526e82,5f213a58-b179-42d7-9c05-e29474526e82,b302ab11-03e4-4bae-be36-6ec2662f7fc9,2025-04-06,visited,,2025-04-09,,automatic,2025-03-08 11:57:00,2025-04-20 10:14:00
ebada09c-e674-4af2-88de-839d08e87da3,d97c0704-4a90-44b9-a01a-63d9776d5830,5f213a58-b179-42d7-9c05-e29474526e82,5f213a58-b179-42d7-9c05-e29474526e82,8e0d0bd7-32bc-44e0-8bb3-7f4f4b13cf78,2025-05-15,visited,,,,automatic,2025-04-20 08:17:00,2025-05-14 12:31:00
5ab85190-63ec-47bd-b281-327ee4b2d1b3,d97c0704-4a90-44b9-a01a-63d9776d5830,5f213a58-b179-42d7-9c05-e29474526e82,5f213a58-b179-42d7-9c05-e29474526e82,8e0d0bd7-32bc-44e0-8bb3-7f4f4b13cf78,2025-06-10,visited,,,,automatic,2025-05-14 12:14:00,2025-06-10 10:20:00
5f5ac70a-2fe5-4c3d-92e7-54e7b7f85f85,d97c0704-4a90-44b9-a01a-63d9776d5830,5f213a58-b179-42d7-9c05-e29474526e82,5f213a58-b179-42d7-9c05-e29474526e82,406a76ac-2a9d-4982-b6f8-1efb7296c6c0,2025-06-23,visited,,,,automatic,2025-06-10 10:46:00,2025-06-23 11:45:00
8bba6bab-5e62-43b8-83b0-264ea430dff4,d97c0704-4a90-44b9-a01a-63d9776d5830,5f213a58-b179-42d7-9c05-e29474526e82,5f213a58-b179-42d7-9c05-e29474526e82,8e0d0bd7-32bc-44e0-8bb3-7f4f4b13cf78,2025-08-15,visited,,,,automatic,2025-06-23 12:45:00,2025-08-16 08:03:00
bbff3bbf-0098-4c31-8da6-c69685116adb,d97c0704-4a90-44b9-a01a-63d9776d5830,5f213a58-b179-42d7-9c05-e29474526e82,5f213a58-b179-42d7-9c05-e29474526e82,2db9a55b-d59a-4a30-a4c8-bf7ae0a1e014,2025-11-10,visited,,,,automatic,2025-08-16 14:57:00,2025-11-10 14:46:00
7f9f64b5-8dfc-4595-b940-70333b83169d,d97c0704-4a90-44b9-a01a-63d9776d5830,5f213a58-b179-42d7-9c05-e29474526e82,5f213a58-b179-42d7-9c05-e29474526e82,b302ab11-03e4-4bae-be36-6ec2662f7fc9,2026-01-02,visited,,,,automatic,2025-11-10 15:44:00,2026-01-02 12:11:00
fdb2fd88-3b31-41ac-b71b-4f16e5eda428,d97c0704-4a90-44b9-a01a-63d9776d5830,5f213a58-b179-42d7-9c05-e29474526e82,5f213a58-b179-42d7-9c05-e29474526e82,b302ab11-03e4-4bae-be36-6ec2662f7fc9,2026-02-27,visited,,,,automatic,2026-01-02 11:41:00,2026-03-06 11:30:00
e92cd366-9ee5-467e-90fa-9ccff91a0ee3,d97c0704-4a90-44b9-a01a-63d9776d5830,5f213a58-b179-42d7-9c05-e29474526e82,5f213a58-b179-42d7-9c05-e29474526e82,406a76ac-2a9d-4982-b6f8-1efb7296c6c0,2026-05-01,visited,,,,automatic,2026-03-06 11:51:00,2026-05-01 13:44:00
c6bd2a32-6824-4682-ad1d-3bd490915ef4,d97c0704-4a90-44b9-a01a-63d9776d5830,5f213a58-b179-42d7-9c05-e29474526e82,5f213a58-b179-42d7-9c05-e29474526e82,406a76ac-2a9d-4982-b6f8-1efb7296c6c0,2026-06-28,visited,,,,automatic,2026-05-01 15:06:00,2026-07-03 09:48:00
4d2f9df1-ec65-4548-9327-8d24a7487458,d97c0704-4a90-44b9-a01a-63d9776d5830,5f213a58-b179-42d7-9c05-e29474526e82,5f213a58-b179-42d7-9c05-e29474526e82,2db9a55b-d59a-4a30-a4c8-bf7ae0a1e014,2026-08-28,visited,,,,automatic,2026-07-03 11:16:00,2026-08-28 09:56:00
c6e01b89-f21f-43b9-81ad-3b2e603622d4,d97c0704-4a90-44b9-a01a-63d9776d5830,5f213a58-b179-42d7-9c05-e29474526e82,5f213a58-b179-42d7-9c05-e29474526e82,b302ab11-03e4-4bae-be36-6ec2662f7fc9,2026-10-26,scheduled,,,,automatic,2026-08-28 12:57:00,2026-08-28 12:57:00
d10895c4-0063-44dc-b811-24ebdbd8996b,d3ee20fb-16ed-4484-9a14-3b2b96393502,552564e7-84a4-4534-acfd-938092f72643,552564e7-84a4-4534-acfd-938092f72643,448fb26c-4d06-4d9f-a11d-a2745fb4d4c6,2026-03-02,visited,,,,automatic,2026-01-31 08:15:00,2026-03-02 15:36:00
4c4bca84-2920-4acc-a36f-5457ad26eba8,d3ee20fb-16ed-4484-9a14-3b2b96393502,552564e7-84a4-4534-acfd-938092f72643,552564e7-84a4-4534-acfd-938092f72643,c762646d-3ec2-420a-956d-f1b73ea05187,2026-04-01,visited,,,,automatic,2026-03-02 11:59:00,2026-04-02 11:57:00
f822e162-4b7f-4c58-b080-9c4884c34dc8,d3ee20fb-16ed-4484-9a14-3b2b96393502,552564e7-84a4-4534-acfd-938092f72643,552564e7-84a4-4534-acfd-938092f72643,c762646d-3ec2-420a-956d-f1b73ea05187,2026-04-27,visited,,,,automatic,2026-04-02 12:23:00,2026-04-30 11:23:00
8e9bd43d-b8d5-4019-ba2c-11751db7510a,d3ee20fb-16ed-4484-9a14-3b2b96393502,552564e7-84a4-4534-acfd-938092f72643,552564e7-84a4-4534-acfd-938092f72643,448fb26c-4d06-4d9f-a11d-a2745fb4d4c6,2026-05-26,visited,,2026-05-29,,automatic,2026-04-30 09:32:00,2026-06-15 13:55:00
1227bfde-7e8e-4b8b-9c59-3a49580ad79a,d3ee20fb-16ed-4484-9a14-3b2b96393502,552564e7-84a4-4534-acfd-938092f72643,552564e7-84a4-4534-acfd-938092f72643,f3161305-31e6-47c0-8597-e00f4ddec847,2026-07-11,visited,,2026-07-14,,automatic,2026-06-15 12:25:00,2026-07-19 08:59:00
fbe22a5e-c5e9-4d60-86d3-82c9928d75ac,d3ee20fb-16ed-4484-9a14-3b2b96393502,552564e7-84a4-4534-acfd-938092f72643,552564e7-84a4-4534-acfd-938092f72643,19f2d2b9-737d-4029-8250-945229084df8,2026-08-19,scheduled,,2026-08-22,,automatic,2026-07-19 08:21:00,2026-07-19 08:21:00
26c191e2-d6fc-44db-83b9-286279845a6e,33b5ba30-7ed9-4242-8a3b-803dbe13a98d,5f213a58-b179-42d7-9c05-e29474526e82,5f213a58-b179-42d7-9c05-e29474526e82,406a76ac-2a9d-4982-b6f8-1efb7296c6c0,2025-09-13,visited,,,,automatic,2025-08-18 15:44:00,2025-09-12 11:01:00
51cfbf70-b6dd-4a59-b25c-6ae922c2ea25,33b5ba30-7ed9-4242-8a3b-803dbe13a98d,5f213a58-b179-42d7-9c05-e29474526e82,5f213a58-b179-42d7-9c05-e29474526e82,8e0d0bd7-32bc-44e0-8bb3-7f4f4b13cf78,2025-10-12,visited,,,,automatic,2025-09-12 14:21:00,2025-10-12 09:13:00
3723f729-5afa-47b0-bd05-22e956df69f7,33b5ba30-7ed9-4242-8a3b-803dbe13a98d,5f213a58-b179-42d7-9c05-e29474526e82,5f213a58-b179-42d7-9c05-e29474526e82,406a76ac-2a9d-4982-b6f8-1efb7296c6c0,2025-11-06,scheduled,,2025-11-09,,automatic,2025-10-12 09:22:00,2025-10-12 09:22:00
349e913b-897a-4fcc-8ffd-b93d3b7b3db5,6eab271d-0b68-4d89-aa74-3ef5f1fc6099,5f213a58-b179-42d7-9c05-e29474526e82,5f213a58-b179-42d7-9c05-e29474526e82,8e0d0bd7-32bc-44e0-8bb3-7f4f4b13cf78,2025-04-13,visited,,2025-04-16,,automatic,2025-04-02 14:20:00,2025-08-10 10:48:00
8fa5edb8-b526-453e-9b7e-ec64a73934f4,6eab271d-0b68-4d89-aa74-3ef5f1fc6099,5f213a58-b179-42d7-9c05-e29474526e82,5f213a58-b179-42d7-9c05-e29474526e82,2db9a55b-d59a-4a30-a4c8-bf7ae0a1e014,2025-08-25,visited,,2025-08-28,True,automatic,2025-08-10 13:34:00,2026-02-21 11:03:00
1d690d01-7b77-4255-a1ac-dee83c215a95,6eab271d-0b68-4d89-aa74-3ef5f1fc6099,5f213a58-b179-42d7-9c05-e29474526e82,5f213a58-b179-42d7-9c05-e29474526e82,406a76ac-2a9d-4982-b6f8-1efb7296c6c0,2026-03-24,visited,,2026-03-27,True,automatic,2026-02-21 11:31:00,2026-04-04 11:07:00
13123637-12d9-4e15-8075-ed4883747416,6eab271d-0b68-4d89-aa74-3ef5f1fc6099,5f213a58-b179-42d7-9c05-e29474526e82,5f213a58-b179-42d7-9c05-e29474526e82,2db9a55b-d59a-4a30-a4c8-bf7ae0a1e014,2026-04-17,visited,,2026-04-20,,automatic,2026-04-04 15:21:00,2026-06-29 09:41:00
fee3e120-77d4-4a9b-b1be-db40fa078ada,6eab271d-0b68-4d89-aa74-3ef5f1fc6099,5f213a58-b179-42d7-9c05-e29474526e82,5f213a58-b179-42d7-9c05-e29474526e82,b302ab11-03e4-4bae-be36-6ec2662f7fc9,2026-07-16,scheduled,,2026-07-19,,automatic,2026-06-29 14:11:00,2026-06-29 14:11:00
dcf27a0f-0ea1-4290-a9af-50145190db39,ee292f2c-af5c-475b-b92d-814a586e8b7c,ffe42279-f3bd-4683-a6a8-52c1bb9651f3,ffe42279-f3bd-4683-a6a8-52c1bb9651f3,4519b91f-242d-4e4d-ae0c-da1f0c701874,2026-08-19,visited,,,,automatic,2026-07-20 13:13:00,2026-08-21 14:47:00
23ebfb2e-12f8-4c77-9c62-c870afa4a207,ee292f2c-af5c-475b-b92d-814a586e8b7c,ffe42279-f3bd-4683-a6a8-52c1bb9651f3,ffe42279-f3bd-4683-a6a8-52c1bb9651f3,353297dd-2e3c-46c0-a49c-7fd69ac2c389,2026-09-21,scheduled,,2026-09-24,,automatic,2026-08-21 11:29:00,2026-08-21 11:29:00
6a5995d5-52b5-4422-a6a7-df2fa1dbf697,31b8cac3-12f2-4a7a-add1-49070d2a5a3a,da845e7d-fedd-47ac-b12d-fb734b6449eb,da845e7d-fedd-47ac-b12d-fb734b6449eb,e18956f3-25d3-4ad3-9e29-e476c974b1e2,2025-04-22,visited,,,,automatic,2025-04-11 11:34:00,2025-04-22 08:18:00
3aa8b713-a760-4ee3-82d9-5b9b84df4d72,31b8cac3-12f2-4a7a-add1-49070d2a5a3a,da845e7d-fedd-47ac-b12d-fb734b6449eb,da845e7d-fedd-47ac-b12d-fb734b6449eb,5e76f2ad-b087-4dc4-9d25-73e3e0503036,2025-05-20,visited,,,,automatic,2025-04-22 09:04:00,2025-05-20 14:06:00
d3d1dc2a-f49a-46a3-9df9-13337dc5d87a,31b8cac3-12f2-4a7a-add1-49070d2a5a3a,da845e7d-fedd-47ac-b12d-fb734b6449eb,da845e7d-fedd-47ac-b12d-fb734b6449eb,e18956f3-25d3-4ad3-9e29-e476c974b1e2,2025-06-01,visited,,,,automatic,2025-05-20 13:52:00,2025-05-31 09:51:00
b36f5a09-a190-4fc5-a645-1dc72fd9d980,31b8cac3-12f2-4a7a-add1-49070d2a5a3a,da845e7d-fedd-47ac-b12d-fb734b6449eb,da845e7d-fedd-47ac-b12d-fb734b6449eb,e18956f3-25d3-4ad3-9e29-e476c974b1e2,2025-06-15,visited,,,,automatic,2025-05-31 13:04:00,2025-06-16 15:08:00
0dd9eb48-0d1e-4181-886a-ea850ca8bf5d,31b8cac3-12f2-4a7a-add1-49070d2a5a3a,da845e7d-fedd-47ac-b12d-fb734b6449eb,da845e7d-fedd-47ac-b12d-fb734b6449eb,447e99c5-592b-43d3-805b-eb75f1251d2a,2025-07-11,visited,,,,automatic,2025-06-16 08:01:00,2025-07-10 10:44:00
4ec9ab1e-d076-4ab7-884d-03033c6c4db7,31b8cac3-12f2-4a7a-add1-49070d2a5a3a,da845e7d-fedd-47ac-b12d-fb734b6449eb,da845e7d-fedd-47ac-b12d-fb734b6449eb,5e76f2ad-b087-4dc4-9d25-73e3e0503036,2025-08-07,visited,,2025-08-10,,automatic,2025-07-10 10:32:00,2025-09-27 09:51:00
94411828-2845-4b2f-8778-f898f8d3cafb,31b8cac3-12f2-4a7a-add1-49070d2a5a3a,da845e7d-fedd-47ac-b12d-fb734b6449eb,da845e7d-fedd-47ac-b12d-fb734b6449eb,e18956f3-25d3-4ad3-9e29-e476c974b1e2,2025-10-23,visited,,,,automatic,2025-09-27 10:08:00,2025-10-30 14:58:00
cb46e0bb-f11a-4955-9ab9-0f36021ab451,31b8cac3-12f2-4a7a-add1-49070d2a5a3a,da845e7d-fedd-47ac-b12d-fb734b6449eb,da845e7d-fedd-47ac-b12d-fb734b6449eb,5e76f2ad-b087-4dc4-9d25-73e3e0503036,2025-11-15,visited,,,,automatic,2025-10-30 11:18:00,2025-11-22 08:41:00
1dfff50f-071b-4ace-85f2-f3c7e064d129,31b8cac3-12f2-4a7a-add1-49070d2a5a3a,da845e7d-fedd-47ac-b12d-fb734b6449eb,da845e7d-fedd-47ac-b12d-fb734b6449eb,5e76f2ad-b087-4dc4-9d25-73e3e0503036,2025-12-18,visited,,2026-01-13,,automatic,2025-11-22 12:49:00,2026-01-20 08:43:00
d5f70305-969d-4ca6-b8fa-30f87c52eb6e,31b8cac3-12f2-4a7a-add1-49070d2a5a3a,da845e7d-fedd-47ac-b12d-fb734b6449eb,da845e7d-fedd-47ac-b12d-fb734b6449eb,447e99c5-592b-43d3-805b-eb75f1251d2a,2026-02-19,visited,,2026-02-22,True,automatic,2026-01-20 12:19:00,2026-03-18 09:29:00
b8a37a0d-e73e-4c91-83c9-b49c06fbbe51,31b8cac3-12f2-4a7a-add1-49070d2a5a3a,da845e7d-fedd-47ac-b12d-fb734b6449eb,da845e7d-fedd-47ac-b12d-fb734b6449eb,5e76f2ad-b087-4dc4-9d25-73e3e0503036,2026-04-17,visited,,,,automatic,2026-03-18 10:00:00,2026-04-17 14:45:00
564029c6-db9b-4f2a-8867-acbd88701fa5,31b8cac3-12f2-4a7a-add1-49070d2a5a3a,da845e7d-fedd-47ac-b12d-fb734b6449eb,da845e7d-fedd-47ac-b12d-fb734b6449eb,447e99c5-592b-43d3-805b-eb75f1251d2a,2026-05-01,visited,,2026-05-18,,automatic,2026-04-17 15:48:00,2026-05-27 10:07:00
2e1f0c90-1b01-4e7f-a993-1032fbdff42d,31b8cac3-12f2-4a7a-add1-49070d2a5a3a,da845e7d-fedd-47ac-b12d-fb734b6449eb,da845e7d-fedd-47ac-b12d-fb734b6449eb,5e76f2ad-b087-4dc4-9d25-73e3e0503036,2026-06-27,visited,,2026-06-30,,automatic,2026-05-27 12:01:00,2026-07-08 08:28:00
c39bcfce-03ec-4c53-9705-c08b39fab08d,31b8cac3-12f2-4a7a-add1-49070d2a5a3a,da845e7d-fedd-47ac-b12d-fb734b6449eb,da845e7d-fedd-47ac-b12d-fb734b6449eb,e18956f3-25d3-4ad3-9e29-e476c974b1e2,2026-07-22,visited,,2026-07-25,,automatic,2026-07-08 15:46:00,2026-09-05 15:27:00
82e45975-1f3d-4f38-b3af-f040f5f7a54b,31b8cac3-12f2-4a7a-add1-49070d2a5a3a,da845e7d-fedd-47ac-b12d-fb734b6449eb,da845e7d-fedd-47ac-b12d-fb734b6449eb,e18956f3-25d3-4ad3-9e29-e476c974b1e2,2026-09-30,scheduled,,,,automatic,2026-09-05 08:33:00,2026-09-05 08:33:00
975d8d58-649b-4223-b999-67d945916b76,fa2f1bd2-3366-4667-a05f-7ced48c4c588,ffe42279-f3bd-4683-a6a8-52c1bb9651f3,ffe42279-f3bd-4683-a6a8-52c1bb9651f3,246dee45-3351-44d3-8a3a-ca414c46c168,2025-06-17,visited,,,,automatic,2025-05-18 08:17:00,2025-06-15 12:56:00
7f5dad1e-887a-4f2f-9b68-7e8f93518144,fa2f1bd2-3366-4667-a05f-7ced48c4c588,ffe42279-f3bd-4683-a6a8-52c1bb9651f3,ffe42279-f3bd-4683-a6a8-52c1bb9651f3,353297dd-2e3c-46c0-a49c-7fd69ac2c389,2025-07-15,visited,,,,automatic,2025-06-15 08:54:00,2025-07-15 08:49:00
2aa301e3-9ecb-4c19-8585-5c07eb34433a,fa2f1bd2-3366-4667-a05f-7ced48c4c588,ffe42279-f3bd-4683-a6a8-52c1bb9651f3,ffe42279-f3bd-4683-a6a8-52c1bb9651f3,cd18ec08-f6a4-4724-926f-acd2aeb0daf2,2025-08-14,visited,,,,automatic,2025-07-15 15:59:00,2025-08-14 10:36:00
630dab87-c33f-4094-9cda-86ec511e8c3c,fa2f1bd2-3366-4667-a05f-7ced48c4c588,ffe42279-f3bd-4683-a6a8-52c1bb9651f3,ffe42279-f3bd-4683-a6a8-52c1bb9651f3,cd18ec08-f6a4-4724-926f-acd2aeb0daf2,2025-09-11,visited,,,,automatic,2025-08-14 08:39:00,2025-09-10 14:43:00
8562bdc1-6f30-4d77-98c1-46d811ddd88f,fa2f1bd2-3366-4667-a05f-7ced48c4c588,ffe42279-f3bd-4683-a6a8-52c1bb9651f3,ffe42279-f3bd-4683-a6a8-52c1bb9651f3,246dee45-3351-44d3-8a3a-ca414c46c168,2025-11-08,visited,,,,automatic,2025-09-10 12:58:00,2025-11-15 09:00:00
dcf61a11-8256-4504-acb4-ad86b4a86cc1,fa2f1bd2-3366-4667-a05f-7ced48c4c588,ffe42279-f3bd-4683-a6a8-52c1bb9651f3,ffe42279-f3bd-4683-a6a8-52c1bb9651f3,4519b91f-242d-4e4d-ae0c-da1f0c701874,2026-01-11,visited,,2026-01-14,True,automatic,2025-11-15 09:09:00,2026-02-06 14:54:00
c1be0350-f055-4fe1-a8ec-ac0ffd133552,fa2f1bd2-3366-4667-a05f-7ced48c4c588,ffe42279-f3bd-4683-a6a8-52c1bb9651f3,ffe42279-f3bd-4683-a6a8-52c1bb9651f3,cd18ec08-f6a4-4724-926f-acd2aeb0daf2,2026-04-03,visited,,,,automatic,2026-02-06 14:40:00,2026-04-03 08:21:00
442b49c5-1d09-4263-8344-10e1d447a295,fa2f1bd2-3366-4667-a05f-7ced48c4c588,ffe42279-f3bd-4683-a6a8-52c1bb9651f3,ffe42279-f3bd-4683-a6a8-52c1bb9651f3,353297dd-2e3c-46c0-a49c-7fd69ac2c389,2026-05-28,visited,,2026-05-31,,automatic,2026-04-03 12:32:00,2026-07-07 09:38:00
914cb3de-3e38-4421-be87-bc1f9357ad21,fa2f1bd2-3366-4667-a05f-7ced48c4c588,ffe42279-f3bd-4683-a6a8-52c1bb9651f3,ffe42279-f3bd-4683-a6a8-52c1bb9651f3,cd18ec08-f6a4-4724-926f-acd2aeb0daf2,2026-09-04,visited,,,,automatic,2026-07-07 14:15:00,2026-09-04 08:50:00
280435a2-0855-4da2-a81a-eebade26b0a4,fa2f1bd2-3366-4667-a05f-7ced48c4c588,ffe42279-f3bd-4683-a6a8-52c1bb9651f3,ffe42279-f3bd-4683-a6a8-52c1bb9651f3,cd18ec08-f6a4-4724-926f-acd2aeb0daf2,2026-11-01,scheduled,,,,automatic,2026-09-04 09:40:00,2026-09-04 09:40:00
e3b8465e-9d03-4e8e-8cde-25027fcf5137,14b03848-e362-4931-be7f-5c99ad1acf51,906096d6-f0f6-4da5-9c19-dc403afb4bb8,906096d6-f0f6-4da5-9c19-dc403afb4bb8,b0715258-4719-4ce5-8a85-03ccda2c376c,2025-06-24,visited,,,,automatic,2025-06-08 15:51:00,2025-06-24 11:22:00
bbee3117-aede-408a-b0a5-09931ca7c58b,14b03848-e362-4931-be7f-5c99ad1acf51,906096d6-f0f6-4da5-9c19-dc403afb4bb8,906096d6-f0f6-4da5-9c19-dc403afb4bb8,8cc3bb69-3add-47d5-9cd2-8cff31252948,2025-07-24,visited,,,,automatic,2025-06-24 08:26:00,2025-07-25 10:55:00
b03265dd-9e8c-44b0-9bd6-149d97ed5350,14b03848-e362-4931-be7f-5c99ad1acf51,906096d6-f0f6-4da5-9c19-dc403afb4bb8,906096d6-f0f6-4da5-9c19-dc403afb4bb8,8cc3bb69-3add-47d5-9cd2-8cff31252948,2025-10-18,visited,,,,automatic,2025-07-25 13:37:00,2025-10-18 09:05:00
777f3f94-b56a-4290-9410-943bdc896454,14b03848-e362-4931-be7f-5c99ad1acf51,906096d6-f0f6-4da5-9c19-dc403afb4bb8,906096d6-f0f6-4da5-9c19-dc403afb4bb8,8cc3bb69-3add-47d5-9cd2-8cff31252948,2025-11-12,visited,,,,automatic,2025-10-18 12:37:00,2025-11-14 11:13:00
988f04fe-69fd-45b3-9b85-c2ca859a03be,14b03848-e362-4931-be7f-5c99ad1acf51,906096d6-f0f6-4da5-9c19-dc403afb4bb8,906096d6-f0f6-4da5-9c19-dc403afb4bb8,b0715258-4719-4ce5-8a85-03ccda2c376c,2025-12-12,visited,,,,automatic,2025-11-14 14:23:00,2025-12-13 14:31:00
0e6c7f8e-3474-4e56-bfdf-09161aff43c1,14b03848-e362-4931-be7f-5c99ad1acf51,906096d6-f0f6-4da5-9c19-dc403afb4bb8,906096d6-f0f6-4da5-9c19-dc403afb4bb8,8cc3bb69-3add-47d5-9cd2-8cff31252948,2026-01-12,visited,,,,automatic,2025-12-13 10:57:00,2026-01-12 11:48:00
5ca5eeaf-0317-452f-840f-0a0f0076b6d6,14b03848-e362-4931-be7f-5c99ad1acf51,906096d6-f0f6-4da5-9c19-dc403afb4bb8,906096d6-f0f6-4da5-9c19-dc403afb4bb8,8cc3bb69-3add-47d5-9cd2-8cff31252948,2026-02-07,visited,,,,automatic,2026-01-12 08:28:00,2026-02-08 11:59:00
3414800d-772f-448a-a4ad-f9adc21363dd,14b03848-e362-4931-be7f-5c99ad1acf51,906096d6-f0f6-4da5-9c19-dc403afb4bb8,906096d6-f0f6-4da5-9c19-dc403afb4bb8,8cc3bb69-3add-47d5-9cd2-8cff31252948,2026-03-10,visited,,,,automatic,2026-02-08 11:27:00,2026-03-12 08:18:00
bae5a540-2f97-4dc4-bf6e-7fc7b62e1990,14b03848-e362-4931-be7f-5c99ad1acf51,906096d6-f0f6-4da5-9c19-dc403afb4bb8,906096d6-f0f6-4da5-9c19-dc403afb4bb8,9bae34d8-d312-48ce-9bbf-17fa6222b3f6,2026-04-09,scheduled,,2026-04-22,,automatic,2026-03-12 10:09:00,2026-03-12 10:09:00
e92c2bfe-23e7-4b21-be87-c78f79ce01b3,ff3db565-8190-4ee3-b865-0cddf9ba8c8e,ffe42279-f3bd-4683-a6a8-52c1bb9651f3,ffe42279-f3bd-4683-a6a8-52c1bb9651f3,cd18ec08-f6a4-4724-926f-acd2aeb0daf2,2025-11-04,visited,,,,automatic,2025-10-10 09:54:00,2025-11-04 11:27:00
e010e23c-5c3b-4657-b2b4-71b09f2b3645,ff3db565-8190-4ee3-b865-0cddf9ba8c8e,ffe42279-f3bd-4683-a6a8-52c1bb9651f3,ffe42279-f3bd-4683-a6a8-52c1bb9651f3,353297dd-2e3c-46c0-a49c-7fd69ac2c389,2025-12-01,visited,,,,automatic,2025-11-04 14:37:00,2025-12-01 13:25:00
39ac599b-f746-4edd-9a89-b24a4a813546,ff3db565-8190-4ee3-b865-0cddf9ba8c8e,ffe42279-f3bd-4683-a6a8-52c1bb9651f3,ffe42279-f3bd-4683-a6a8-52c1bb9651f3,353297dd-2e3c-46c0-a49c-7fd69ac2c389,2025-12-28,visited,,,,automatic,2025-12-01 11:40:00,2025-12-28 15:30:00
1c6d1a7f-43a6-4a46-85b4-99492693235c,ff3db565-8190-4ee3-b865-0cddf9ba8c8e,ffe42279-f3bd-4683-a6a8-52c1bb9651f3,ffe42279-f3bd-4683-a6a8-52c1bb9651f3,353297dd-2e3c-46c0-a49c-7fd69ac2c389,2026-01-27,visited,,,,automatic,2025-12-28 15:34:00,2026-01-27 12:34:00
d0dbd5f7-ce80-4937-b822-b72d981e359d,ff3db565-8190-4ee3-b865-0cddf9ba8c8e,ffe42279-f3bd-4683-a6a8-52c1bb9651f3,ffe42279-f3bd-4683-a6a8-52c1bb9651f3,246dee45-3351-44d3-8a3a-ca414c46c168,2026-02-25,visited,,2026-02-28,,automatic,2026-01-27 08:28:00,2026-05-10 12:24:00
fc890363-aeab-49da-ba6b-3607b3c89801,ff3db565-8190-4ee3-b865-0cddf9ba8c8e,ffe42279-f3bd-4683-a6a8-52c1bb9651f3,ffe42279-f3bd-4683-a6a8-52c1bb9651f3,4519b91f-242d-4e4d-ae0c-da1f0c701874,2026-06-05,visited,,2026-06-08,,automatic,2026-05-10 10:21:00,2026-09-14 13:42:00
e70f8737-6ff8-428c-b7bb-fc3f5968a57e,ff3db565-8190-4ee3-b865-0cddf9ba8c8e,ffe42279-f3bd-4683-a6a8-52c1bb9651f3,ffe42279-f3bd-4683-a6a8-52c1bb9651f3,4519b91f-242d-4e4d-ae0c-da1f0c701874,2026-11-08,scheduled,,,,automatic,2026-09-14 15:40:00,2026-09-14 15:40:00
f8a82bf1-c372-487f-af1f-0f3cd0b6007f,718fe957-85f7-479f-a27d-32447ddaa748,906096d6-f0f6-4da5-9c19-dc403afb4bb8,906096d6-f0f6-4da5-9c19-dc403afb4bb8,9bae34d8-d312-48ce-9bbf-17fa6222b3f6,2025-04-27,visited,,,,automatic,2025-03-31 15:45:00,2025-04-27 11:07:00
0628a502-3d2a-4dc6-8e7e-f961d5dbe0b0,718fe957-85f7-479f-a27d-32447ddaa748,906096d6-f0f6-4da5-9c19-dc403afb4bb8,906096d6-f0f6-4da5-9c19-dc403afb4bb8,b0715258-4719-4ce5-8a85-03ccda2c376c,2025-05-28,visited,,,,automatic,2025-04-27 12:48:00,2025-05-28 15:23:00
a0f6eefa-f350-46e3-8bce-d09c6a11d8cd,718fe957-85f7-479f-a27d-32447ddaa748,906096d6-f0f6-4da5-9c19-dc403afb4bb8,906096d6-f0f6-4da5-9c19-dc403afb4bb8,9bae34d8-d312-48ce-9bbf-17fa6222b3f6,2025-06-23,visited,,2025-06-26,,automatic,2025-05-28 15:03:00,2025-07-23 08:20:00
bc006dc5-672d-4c03-b41c-0ddf879ffcee,718fe957-85f7-479f-a27d-32447ddaa748,906096d6-f0f6-4da5-9c19-dc403afb4bb8,906096d6-f0f6-4da5-9c19-dc403afb4bb8,8cc3bb69-3add-47d5-9cd2-8cff31252948,2025-08-06,scheduled,,2025-08-24,,automatic,2025-07-23 09:15:00,2025-07-23 09:15:00
c90d1cb9-b3cd-4967-9f3e-04f44f1e0cbf,a7344a0e-5832-441d-991c-6f3377ac69bd,ffe42279-f3bd-4683-a6a8-52c1bb9651f3,ffe42279-f3bd-4683-a6a8-52c1bb9651f3,246dee45-3351-44d3-8a3a-ca414c46c168,2024-10-09,visited,,,,automatic,2024-09-12 08:16:00,2024-10-09 08:56:00
7c6e9b7d-7abf-429b-a408-5b1a3cc1d85c,a7344a0e-5832-441d-991c-6f3377ac69bd,ffe42279-f3bd-4683-a6a8-52c1bb9651f3,ffe42279-f3bd-4683-a6a8-52c1bb9651f3,353297dd-2e3c-46c0-a49c-7fd69ac2c389,2024-11-03,visited,,,,automatic,2024-10-09 12:47:00,2024-11-03 12:21:00
de92c570-0b2b-486b-9926-4eaf247d157f,a7344a0e-5832-441d-991c-6f3377ac69bd,ffe42279-f3bd-4683-a6a8-52c1bb9651f3,ffe42279-f3bd-4683-a6a8-52c1bb9651f3,353297dd-2e3c-46c0-a49c-7fd69ac2c389,2024-12-01,visited,,,,automatic,2024-11-03 10:34:00,2024-12-01 14:55:00
27ea022a-4c19-4ee3-8aa2-478a57b65e3e,a7344a0e-5832-441d-991c-6f3377ac69bd,ffe42279-f3bd-4683-a6a8-52c1bb9651f3,ffe42279-f3bd-4683-a6a8-52c1bb9651f3,cd18ec08-f6a4-4724-926f-acd2aeb0daf2,2024-12-27,visited,,,,automatic,2024-12-01 08:28:00,2024-12-27 08:31:00
2c853bfc-26bb-46f2-af09-a41cae876918,a7344a0e-5832-441d-991c-6f3377ac69bd,ffe42279-f3bd-4683-a6a8-52c1bb9651f3,ffe42279-f3bd-4683-a6a8-52c1bb9651f3,cd18ec08-f6a4-4724-926f-acd2aeb0daf2,2025-01-26,visited,,,,automatic,2024-12-27 10:58:00,2025-01-26 11:55:00
8fb113f8-37b5-443d-9228-cb8ef4653f6f,a7344a0e-5832-441d-991c-6f3377ac69bd,ffe42279-f3bd-4683-a6a8-52c1bb9651f3,ffe42279-f3bd-4683-a6a8-52c1bb9651f3,246dee45-3351-44d3-8a3a-ca414c46c168,2025-02-20,visited,,,,automatic,2025-01-26 14:18:00,2025-02-20 08:23:00
d9c74ffe-de96-4198-bd86-b81583fbedb8,a7344a0e-5832-441d-991c-6f3377ac69bd,ffe42279-f3bd-4683-a6a8-52c1bb9651f3,ffe42279-f3bd-4683-a6a8-52c1bb9651f3,4519b91f-242d-4e4d-ae0c-da1f0c701874,2025-04-16,visited,,,,automatic,2025-02-20 11:05:00,2025-04-16 08:13:00
c3ba899e-54cd-4947-99de-c8471f074572,a7344a0e-5832-441d-991c-6f3377ac69bd,ffe42279-f3bd-4683-a6a8-52c1bb9651f3,ffe42279-f3bd-4683-a6a8-52c1bb9651f3,4519b91f-242d-4e4d-ae0c-da1f0c701874,2025-05-12,visited,,2025-05-30,,automatic,2025-04-16 15:05:00,2025-08-02 08:49:00
ff0984de-0cf2-4ea4-9d87-8111a372ade8,a7344a0e-5832-441d-991c-6f3377ac69bd,ffe42279-f3bd-4683-a6a8-52c1bb9651f3,ffe42279-f3bd-4683-a6a8-52c1bb9651f3,cd18ec08-f6a4-4724-926f-acd2aeb0daf2,2025-09-26,visited,,,,automatic,2025-08-02 10:45:00,2025-09-23 12:07:00
bbfe8625-e176-4e57-bc18-b1c2b3e7d8bb,a7344a0e-5832-441d-991c-6f3377ac69bd,ffe42279-f3bd-4683-a6a8-52c1bb9651f3,ffe42279-f3bd-4683-a6a8-52c1bb9651f3,cd18ec08-f6a4-4724-926f-acd2aeb0daf2,2025-11-16,visited,,2025-11-19,True,automatic,2025-09-23 12:19:00,2025-12-03 14:15:00
75f3cc21-6d33-4e97-88db-18868e59fd43,a7344a0e-5832-441d-991c-6f3377ac69bd,ffe42279-f3bd-4683-a6a8-52c1bb9651f3,ffe42279-f3bd-4683-a6a8-52c1bb9651f3,cd18ec08-f6a4-4724-926f-acd2aeb0daf2,2025-12-28,visited,,,,automatic,2025-12-03 13:13:00,2026-01-04 11:38:00
b364721f-9e54-4f4e-8f9f-3f7858374df3,a7344a0e-5832-441d-991c-6f3377ac69bd,ffe42279-f3bd-4683-a6a8-52c1bb9651f3,ffe42279-f3bd-4683-a6a8-52c1bb9651f3,cd18ec08-f6a4-4724-926f-acd2aeb0daf2,2026-01-18,visited,,,,automatic,2026-01-04 08:54:00,2026-01-20 08:23:00
27a4f686-00ea-4f8a-9706-bcd9bc701718,a7344a0e-5832-441d-991c-6f3377ac69bd,ffe42279-f3bd-4683-a6a8-52c1bb9651f3,ffe42279-f3bd-4683-a6a8-52c1bb9651f3,cd18ec08-f6a4-4724-926f-acd2aeb0daf2,2026-03-15,visited,,,,automatic,2026-01-20 10:33:00,2026-03-14 13:46:00
7f144ceb-d506-4c84-8578-c909439a8098,a7344a0e-5832-441d-991c-6f3377ac69bd,ffe42279-f3bd-4683-a6a8-52c1bb9651f3,ffe42279-f3bd-4683-a6a8-52c1bb9651f3,4519b91f-242d-4e4d-ae0c-da1f0c701874,2026-05-06,visited,,,,automatic,2026-03-14 12:04:00,2026-05-06 08:53:00
d8a740c6-02e6-4d47-8a2b-934ccf50c68c,a7344a0e-5832-441d-991c-6f3377ac69bd,ffe42279-f3bd-4683-a6a8-52c1bb9651f3,ffe42279-f3bd-4683-a6a8-52c1bb9651f3,4519b91f-242d-4e4d-ae0c-da1f0c701874,2026-06-30,visited,,2026-07-03,True,automatic,2026-05-06 14:20:00,2026-07-28 09:01:00
48a46357-6519-42a1-9c2f-a725abe8aa68,a7344a0e-5832-441d-991c-6f3377ac69bd,ffe42279-f3bd-4683-a6a8-52c1bb9651f3,ffe42279-f3bd-4683-a6a8-52c1bb9651f3,246dee45-3351-44d3-8a3a-ca414c46c168,2026-09-20,visited,,,,automatic,2026-07-28 11:06:00,2026-09-20 09:08:00
47613ad8-118d-4494-85ac-ce3701415a0e,a7344a0e-5832-441d-991c-6f3377ac69bd,ffe42279-f3bd-4683-a6a8-52c1bb9651f3,ffe42279-f3bd-4683-a6a8-52c1bb9651f3,cd18ec08-f6a4-4724-926f-acd2aeb0daf2,2026-11-16,scheduled,,,,automatic,2026-09-20 09:44:00,2026-09-20 09:44:00
4ac2d3ae-8a24-4463-9b67-b8e03863f43c,bcb1dfb3-952a-4c04-9830-b380e7c401fb,906096d6-f0f6-4da5-9c19-dc403afb4bb8,906096d6-f0f6-4da5-9c19-dc403afb4bb8,8cc3bb69-3add-47d5-9cd2-8cff31252948,2025-06-25,visited,,,,automatic,2025-05-27 13:33:00,2025-06-24 10:47:00
4f2e4375-ab58-4b3a-9171-c9051856aec5,bcb1dfb3-952a-4c04-9830-b380e7c401fb,906096d6-f0f6-4da5-9c19-dc403afb4bb8,906096d6-f0f6-4da5-9c19-dc403afb4bb8,9bae34d8-d312-48ce-9bbf-17fa6222b3f6,2025-07-22,visited,,,,automatic,2025-06-24 13:20:00,2025-07-24 14:28:00
d36a2a9b-6cad-462e-b8b3-95c6d8e3d3d0,bcb1dfb3-952a-4c04-9830-b380e7c401fb,906096d6-f0f6-4da5-9c19-dc403afb4bb8,906096d6-f0f6-4da5-9c19-dc403afb4bb8,b0715258-4719-4ce5-8a85-03ccda2c376c,2025-08-20,visited,,,,automatic,2025-07-24 10:29:00,2025-08-19 11:41:00
a1ceb96f-ba5f-4ffb-963b-ac227c8dcdc7,bcb1dfb3-952a-4c04-9830-b380e7c401fb,906096d6-f0f6-4da5-9c19-dc403afb4bb8,906096d6-f0f6-4da5-9c19-dc403afb4bb8,9bae34d8-d312-48ce-9bbf-17fa6222b3f6,2025-09-13,visited,,,,automatic,2025-08-19 08:17:00,2025-09-20 10:22:00
e277813e-a2b3-4dbf-8426-e63a245a6e1d,bcb1dfb3-952a-4c04-9830-b380e7c401fb,906096d6-f0f6-4da5-9c19-dc403afb4bb8,906096d6-f0f6-4da5-9c19-dc403afb4bb8,b0715258-4719-4ce5-8a85-03ccda2c376c,2025-10-15,visited,,,,automatic,2025-09-20 10:15:00,2025-10-15 08:09:00
2ed79fbf-690a-469a-833c-c89bfc86bea9,bcb1dfb3-952a-4c04-9830-b380e7c401fb,906096d6-f0f6-4da5-9c19-dc403afb4bb8,906096d6-f0f6-4da5-9c19-dc403afb4bb8,b0715258-4719-4ce5-8a85-03ccda2c376c,2025-11-14,visited,,,,automatic,2025-10-15 08:31:00,2025-11-14 09:15:00
f66afd57-5b59-47a9-9496-830e3462847d,bcb1dfb3-952a-4c04-9830-b380e7c401fb,906096d6-f0f6-4da5-9c19-dc403afb4bb8,906096d6-f0f6-4da5-9c19-dc403afb4bb8,9bae34d8-d312-48ce-9bbf-17fa6222b3f6,2026-01-12,visited,,,,automatic,2025-11-14 10:19:00,2026-01-12 15:05:00
07b50a78-9276-401c-a2f2-48e555d8e2ad,bcb1dfb3-952a-4c04-9830-b380e7c401fb,906096d6-f0f6-4da5-9c19-dc403afb4bb8,906096d6-f0f6-4da5-9c19-dc403afb4bb8,8cc3bb69-3add-47d5-9cd2-8cff31252948,2026-03-12,visited,,,,automatic,2026-01-12 15:09:00,2026-03-12 12:56:00
be1e4fad-821c-4845-bc88-fcd8f3468247,bcb1dfb3-952a-4c04-9830-b380e7c401fb,906096d6-f0f6-4da5-9c19-dc403afb4bb8,906096d6-f0f6-4da5-9c19-dc403afb4bb8,9bae34d8-d312-48ce-9bbf-17fa6222b3f6,2026-05-06,visited,,,,automatic,2026-03-12 12:27:00,2026-05-06 15:44:00
3f5eb164-00c3-49b4-94b6-1c7b8b61a884,bcb1dfb3-952a-4c04-9830-b380e7c401fb,906096d6-f0f6-4da5-9c19-dc403afb4bb8,906096d6-f0f6-4da5-9c19-dc403afb4bb8,8cc3bb69-3add-47d5-9cd2-8cff31252948,2026-07-04,visited,,,,automatic,2026-05-06 11:58:00,2026-07-07 09:19:00
2de7df7b-69a4-4f68-9cc4-2199ea7f98a6,bcb1dfb3-952a-4c04-9830-b380e7c401fb,906096d6-f0f6-4da5-9c19-dc403afb4bb8,906096d6-f0f6-4da5-9c19-dc403afb4bb8,b0715258-4719-4ce5-8a85-03ccda2c376c,2026-08-02,visited,,,,automatic,2026-07-07 09:35:00,2026-08-02 09:53:00
3c0ae9c7-62fe-41aa-859c-16b154980b0b,bcb1dfb3-952a-4c04-9830-b380e7c401fb,906096d6-f0f6-4da5-9c19-dc403afb4bb8,906096d6-f0f6-4da5-9c19-dc403afb4bb8,9bae34d8-d312-48ce-9bbf-17fa6222b3f6,2026-09-28,scheduled,,,,automatic,2026-08-02 10:52:00,2026-08-02 10:52:00
d73c66d0-bccb-4aee-8086-e6da538708d4,e7ca10e7-94f7-48c0-b661-63eb1b4c232d,ffe42279-f3bd-4683-a6a8-52c1bb9651f3,ffe42279-f3bd-4683-a6a8-52c1bb9651f3,cd18ec08-f6a4-4724-926f-acd2aeb0daf2,2026-01-21,visited,,,,automatic,2025-12-27 08:14:00,2026-01-22 14:21:00
d3e55511-665f-4b26-801b-c62d412fedaa,e7ca10e7-94f7-48c0-b661-63eb1b4c232d,ffe42279-f3bd-4683-a6a8-52c1bb9651f3,ffe42279-f3bd-4683-a6a8-52c1bb9651f3,cd18ec08-f6a4-4724-926f-acd2aeb0daf2,2026-02-17,visited,,2026-02-20,True,automatic,2026-01-22 11:19:00,2026-03-02 14:41:00
11f8f359-1086-4d9e-93e6-9fd05d17b1d3,e7ca10e7-94f7-48c0-b661-63eb1b4c232d,ffe42279-f3bd-4683-a6a8-52c1bb9651f3,ffe42279-f3bd-4683-a6a8-52c1bb9651f3,cd18ec08-f6a4-4724-926f-acd2aeb0daf2,2026-03-19,visited,,,,automatic,2026-03-02 08:29:00,2026-03-19 08:54:00
5cceba05-b751-4509-ae4c-fdc0c208c4b9,e7ca10e7-94f7-48c0-b661-63eb1b4c232d,ffe42279-f3bd-4683-a6a8-52c1bb9651f3,ffe42279-f3bd-4683-a6a8-52c1bb9651f3,353297dd-2e3c-46c0-a49c-7fd69ac2c389,2026-04-17,visited,,2026-04-20,,automatic,2026-03-19 10:18:00,2026-06-10 13:11:00
d0365a93-f67f-4bd3-8a50-f96b4e415e3a,e7ca10e7-94f7-48c0-b661-63eb1b4c232d,ffe42279-f3bd-4683-a6a8-52c1bb9651f3,ffe42279-f3bd-4683-a6a8-52c1bb9651f3,4519b91f-242d-4e4d-ae0c-da1f0c701874,2026-06-26,visited,,,,automatic,2026-06-10 08:55:00,2026-06-24 10:18:00
2a8387f4-17a2-4654-9766-27f9f788e214,e7ca10e7-94f7-48c0-b661-63eb1b4c232d,ffe42279-f3bd-4683-a6a8-52c1bb9651f3,ffe42279-f3bd-4683-a6a8-52c1bb9651f3,4519b91f-242d-4e4d-ae0c-da1f0c701874,2026-07-21,scheduled,,2026-07-24,,automatic,2026-06-24 13:09:00,2026-06-24 13:09:00
ae94216c-4406-4124-8980-6b077ece3f9b,dc18f7f9-8d88-4e04-8bce-c9c70c0b4a06,906096d6-f0f6-4da5-9c19-dc403afb4bb8,906096d6-f0f6-4da5-9c19-dc403afb4bb8,b0715258-4719-4ce5-8a85-03ccda2c376c,2026-05-29,visited,,,,automatic,2026-05-16 10:37:00,2026-05-29 12:24:00
dda3b82c-9ea7-4308-b488-f26f894af96c,dc18f7f9-8d88-4e04-8bce-c9c70c0b4a06,906096d6-f0f6-4da5-9c19-dc403afb4bb8,906096d6-f0f6-4da5-9c19-dc403afb4bb8,8cc3bb69-3add-47d5-9cd2-8cff31252948,2026-06-25,visited,,2026-06-28,,automatic,2026-05-29 14:07:00,2026-08-02 08:10:00
5add04a9-1c09-41a7-bc4f-245ee15bfc60,dc18f7f9-8d88-4e04-8bce-c9c70c0b4a06,906096d6-f0f6-4da5-9c19-dc403afb4bb8,906096d6-f0f6-4da5-9c19-dc403afb4bb8,8cc3bb69-3add-47d5-9cd2-8cff31252948,2026-08-30,scheduled,,2026-09-02,True,automatic,2026-08-02 10:41:00,2026-08-02 10:41:00
efbe1381-89b3-4741-a985-30e0b6332e21,b456e4e4-5085-452e-8ec4-03e8c5d16f29,da845e7d-fedd-47ac-b12d-fb734b6449eb,da845e7d-fedd-47ac-b12d-fb734b6449eb,e18956f3-25d3-4ad3-9e29-e476c974b1e2,2025-05-23,scheduled,,2025-05-26,,automatic,2025-04-26 12:36:00,2025-04-26 12:36:00
38ce4d70-66c3-486a-99e1-b6d924c5484c,d946cd20-bb4e-4a2a-b5e3-d24231a2b760,552564e7-84a4-4534-acfd-938092f72643,552564e7-84a4-4534-acfd-938092f72643,c762646d-3ec2-420a-956d-f1b73ea05187,2024-10-28,visited,,,,automatic,2024-09-05 12:04:00,2024-10-26 08:29:00
e461c58e-9ad1-44fa-b2eb-be7a3c431e6d,d946cd20-bb4e-4a2a-b5e3-d24231a2b760,552564e7-84a4-4534-acfd-938092f72643,552564e7-84a4-4534-acfd-938092f72643,448fb26c-4d06-4d9f-a11d-a2745fb4d4c6,2024-12-24,visited,,,,automatic,2024-10-26 09:50:00,2024-12-25 08:03:00
162a6687-9ae5-43e7-8fbd-096b778904f0,d946cd20-bb4e-4a2a-b5e3-d24231a2b760,552564e7-84a4-4534-acfd-938092f72643,552564e7-84a4-4534-acfd-938092f72643,19f2d2b9-737d-4029-8250-945229084df8,2025-02-18,visited,,,,automatic,2024-12-25 14:07:00,2025-02-15 11:19:00
7a290063-d7c4-486c-8c80-cdb87b85313e,d946cd20-bb4e-4a2a-b5e3-d24231a2b760,552564e7-84a4-4534-acfd-938092f72643,552564e7-84a4-4534-acfd-938092f72643,c762646d-3ec2-420a-956d-f1b73ea05187,2025-05-10,visited,,2025-05-13,True,automatic,2025-02-15 08:00:00,2025-06-09 10:09:00
f9a0aa3f-9017-474f-8c86-3ff1813311af,d946cd20-bb4e-4a2a-b5e3-d24231a2b760,552564e7-84a4-4534-acfd-938092f72643,552564e7-84a4-4534-acfd-938092f72643,213c0975-3815-4ea4-ba67-23c54c2546da,2025-08-05,visited,,,,automatic,2025-06-09 09:09:00,2025-08-05 08:47:00
3ff870bb-265b-4d7f-997a-ae2f8faed491,d946cd20-bb4e-4a2a-b5e3-d24231a2b760,552564e7-84a4-4534-acfd-938092f72643,552564e7-84a4-4534-acfd-938092f72643,f3161305-31e6-47c0-8597-e00f4ddec847,2025-09-30,visited,,,,automatic,2025-08-05 15:41:00,2025-09-30 15:21:00
f4e8f825-dfb4-449e-b675-a873c6df3e02,d946cd20-bb4e-4a2a-b5e3-d24231a2b760,552564e7-84a4-4534-acfd-938092f72643,552564e7-84a4-4534-acfd-938092f72643,0035c5bf-742a-4ff6-9e23-941764d58bb9,2025-12-21,visited,,2025-12-24,,automatic,2025-09-30 09:14:00,2026-01-28 15:40:00
589e9ec7-d3ae-4ff9-b4a9-d267de3472bc,d946cd20-bb4e-4a2a-b5e3-d24231a2b760,552564e7-84a4-4534-acfd-938092f72643,552564e7-84a4-4534-acfd-938092f72643,c762646d-3ec2-420a-956d-f1b73ea05187,2026-03-25,cancelled,moved,2026-03-28,,automatic,2026-01-28 09:51:00,2026-04-08 11:59:00
011c89d5-702f-429f-a952-2f26e151a69c,ae31e651-a450-432c-9d20-3aaea8a21ead,906096d6-f0f6-4da5-9c19-dc403afb4bb8,906096d6-f0f6-4da5-9c19-dc403afb4bb8,b0715258-4719-4ce5-8a85-03ccda2c376c,2025-12-26,visited,,2025-12-29,True,automatic,2025-11-28 12:32:00,2026-01-16 12:09:00
ea7271af-6ea2-4b5c-bb47-8dffc0dcf808,ae31e651-a450-432c-9d20-3aaea8a21ead,906096d6-f0f6-4da5-9c19-dc403afb4bb8,906096d6-f0f6-4da5-9c19-dc403afb4bb8,8cc3bb69-3add-47d5-9cd2-8cff31252948,2026-02-16,scheduled,,2026-02-19,,automatic,2026-01-16 11:33:00,2026-01-16 11:33:00
34701dfa-be0a-4fab-ad83-9b09dfc78420,3e8eb9cb-a10a-4144-814e-69b1c101ae99,552564e7-84a4-4534-acfd-938092f72643,552564e7-84a4-4534-acfd-938092f72643,213c0975-3815-4ea4-ba67-23c54c2546da,2025-07-25,visited,,,,automatic,2025-06-26 14:36:00,2025-07-28 10:26:00
02d8f3bc-bbc8-4143-a419-4c82a21707e7,3e8eb9cb-a10a-4144-814e-69b1c101ae99,552564e7-84a4-4534-acfd-938092f72643,552564e7-84a4-4534-acfd-938092f72643,448fb26c-4d06-4d9f-a11d-a2745fb4d4c6,2025-08-23,visited,,,,automatic,2025-07-28 08:07:00,2025-08-23 09:23:00
5395c460-596f-40f8-aca4-a9ad216c26f6,3e8eb9cb-a10a-4144-814e-69b1c101ae99,552564e7-84a4-4534-acfd-938092f72643,552564e7-84a4-4534-acfd-938092f72643,213c0975-3815-4ea4-ba67-23c54c2546da,2025-09-20,visited,,,,automatic,2025-08-23 12:58:00,2025-09-19 10:51:00
b9e2d769-b188-430a-b671-c2b4d3120681,3e8eb9cb-a10a-4144-814e-69b1c101ae99,552564e7-84a4-4534-acfd-938092f72643,552564e7-84a4-4534-acfd-938092f72643,0035c5bf-742a-4ff6-9e23-941764d58bb9,2025-10-03,visited,,,,automatic,2025-09-19 15:32:00,2025-10-03 08:11:00
8e256ddf-fa84-4e96-b575-4dad9eb94b51,3e8eb9cb-a10a-4144-814e-69b1c101ae99,552564e7-84a4-4534-acfd-938092f72643,552564e7-84a4-4534-acfd-938092f72643,19f2d2b9-737d-4029-8250-945229084df8,2025-11-03,visited,,,,automatic,2025-10-03 09:37:00,2025-10-31 13:16:00
2fb4b37c-572a-4805-9818-3a792f5935b7,3e8eb9cb-a10a-4144-814e-69b1c101ae99,552564e7-84a4-4534-acfd-938092f72643,552564e7-84a4-4534-acfd-938092f72643,213c0975-3815-4ea4-ba67-23c54c2546da,2025-11-30,visited,,,,automatic,2025-10-31 14:43:00,2025-11-29 10:51:00
11755cd7-f36a-404d-ae6c-2cc47de21b61,3e8eb9cb-a10a-4144-814e-69b1c101ae99,552564e7-84a4-4534-acfd-938092f72643,552564e7-84a4-4534-acfd-938092f72643,448fb26c-4d06-4d9f-a11d-a2745fb4d4c6,2025-12-25,visited,,,,automatic,2025-11-29 11:17:00,2025-12-23 10:26:00
20def38d-c0c5-4e56-ba41-f1d37acfc333,3e8eb9cb-a10a-4144-814e-69b1c101ae99,552564e7-84a4-4534-acfd-938092f72643,552564e7-84a4-4534-acfd-938092f72643,19f2d2b9-737d-4029-8250-945229084df8,2026-01-07,visited,,,,automatic,2025-12-23 09:38:00,2026-01-07 09:57:00
5221e198-5e3b-4b84-af0e-ce49ada2e8be,3e8eb9cb-a10a-4144-814e-69b1c101ae99,552564e7-84a4-4534-acfd-938092f72643,552564e7-84a4-4534-acfd-938092f72643,0035c5bf-742a-4ff6-9e23-941764d58bb9,2026-03-02,visited,,,,automatic,2026-01-07 11:04:00,2026-03-02 14:03:00
12010588-d55b-4002-a3e1-ddaa49414ee6,3e8eb9cb-a10a-4144-814e-69b1c101ae99,552564e7-84a4-4534-acfd-938092f72643,552564e7-84a4-4534-acfd-938092f72643,c762646d-3ec2-420a-956d-f1b73ea05187,2026-04-28,visited,,2026-05-01,,automatic,2026-03-02 13:59:00,2026-05-16 15:10:00
bac2913f-3d2e-44d5-a2ce-2fe9f448bcb3,3e8eb9cb-a10a-4144-814e-69b1c101ae99,552564e7-84a4-4534-acfd-938092f72643,552564e7-84a4-4534-acfd-938092f72643,0035c5bf-742a-4ff6-9e23-941764d58bb9,2026-06-15,visited,,,,automatic,2026-05-16 15:47:00,2026-06-16 11:22:00
67eec90f-9978-414e-8e59-dff89521ffe0,3e8eb9cb-a10a-4144-814e-69b1c101ae99,552564e7-84a4-4534-acfd-938092f72643,552564e7-84a4-4534-acfd-938092f72643,f3161305-31e6-47c0-8597-e00f4ddec847,2026-07-13,visited,,,,automatic,2026-06-16 15:59:00,2026-07-15 10:36:00
a2092ff7-652c-4fd4-9f3c-8bf2ef5126fb,3e8eb9cb-a10a-4144-814e-69b1c101ae99,552564e7-84a4-4534-acfd-938092f72643,552564e7-84a4-4534-acfd-938092f72643,19f2d2b9-737d-4029-8250-945229084df8,2026-10-06,scheduled,,,,automatic,2026-07-15 09:32:00,2026-07-15 09:32:00
4b83984e-bf16-43a5-b24b-2c22192aa399,7ec85339-0e33-4d5a-a098-df1c83ac7a00,da845e7d-fedd-47ac-b12d-fb734b6449eb,da845e7d-fedd-47ac-b12d-fb734b6449eb,e18956f3-25d3-4ad3-9e29-e476c974b1e2,2024-11-04,visited,,,,automatic,2024-10-23 15:43:00,2024-11-05 12:22:00
fd767492-3c17-4a18-8cc3-75647790bc9f,7ec85339-0e33-4d5a-a098-df1c83ac7a00,da845e7d-fedd-47ac-b12d-fb734b6449eb,da845e7d-fedd-47ac-b12d-fb734b6449eb,e18956f3-25d3-4ad3-9e29-e476c974b1e2,2024-12-04,visited,,2024-12-07,True,automatic,2024-11-05 09:41:00,2024-12-23 08:28:00
feecd947-f134-4879-9ba5-6d5fa3f4e6b1,7ec85339-0e33-4d5a-a098-df1c83ac7a00,da845e7d-fedd-47ac-b12d-fb734b6449eb,da845e7d-fedd-47ac-b12d-fb734b6449eb,5e76f2ad-b087-4dc4-9d25-73e3e0503036,2025-01-09,visited,,,,automatic,2024-12-23 09:16:00,2025-01-09 13:56:00
928700e7-8a51-4f4f-b035-bdeadbcf937c,7ec85339-0e33-4d5a-a098-df1c83ac7a00,da845e7d-fedd-47ac-b12d-fb734b6449eb,da845e7d-fedd-47ac-b12d-fb734b6449eb,e18956f3-25d3-4ad3-9e29-e476c974b1e2,2025-02-05,visited,,2025-02-08,,automatic,2025-01-09 15:16:00,2025-02-15 14:48:00
1e7cce6e-ccd1-4eae-8bfc-51d6f502f38f,7ec85339-0e33-4d5a-a098-df1c83ac7a00,da845e7d-fedd-47ac-b12d-fb734b6449eb,da845e7d-fedd-47ac-b12d-fb734b6449eb,447e99c5-592b-43d3-805b-eb75f1251d2a,2025-03-01,visited,,,,automatic,2025-02-15 15:01:00,2025-03-06 10:18:00
fe9cad86-4823-4664-bca4-57b1136921be,7ec85339-0e33-4d5a-a098-df1c83ac7a00,da845e7d-fedd-47ac-b12d-fb734b6449eb,da845e7d-fedd-47ac-b12d-fb734b6449eb,5e76f2ad-b087-4dc4-9d25-73e3e0503036,2025-04-01,visited,,,,automatic,2025-03-06 11:04:00,2025-04-01 12:12:00
428f4b04-15e4-4d7c-a2ce-34d555c32070,7ec85339-0e33-4d5a-a098-df1c83ac7a00,da845e7d-fedd-47ac-b12d-fb734b6449eb,da845e7d-fedd-47ac-b12d-fb734b6449eb,447e99c5-592b-43d3-805b-eb75f1251d2a,2025-04-17,visited,,,,automatic,2025-04-01 13:41:00,2025-04-17 12:07:00
4b62ef4a-046c-4709-959a-f782d586d218,7ec85339-0e33-4d5a-a098-df1c83ac7a00,da845e7d-fedd-47ac-b12d-fb734b6449eb,da845e7d-fedd-47ac-b12d-fb734b6449eb,5e76f2ad-b087-4dc4-9d25-73e3e0503036,2025-06-12,visited,,2025-06-15,,automatic,2025-04-17 11:15:00,2025-06-22 09:59:00
bcb670e1-43ed-428a-a355-61fddcdcad7d,7ec85339-0e33-4d5a-a098-df1c83ac7a00,da845e7d-fedd-47ac-b12d-fb734b6449eb,da845e7d-fedd-47ac-b12d-fb734b6449eb,447e99c5-592b-43d3-805b-eb75f1251d2a,2025-09-17,visited,,2025-09-20,,automatic,2025-06-22 10:45:00,2025-10-18 10:55:00
5fe57017-d557-449b-8d5f-626c58d7d612,7ec85339-0e33-4d5a-a098-df1c83ac7a00,da845e7d-fedd-47ac-b12d-fb734b6449eb,da845e7d-fedd-47ac-b12d-fb734b6449eb,5e76f2ad-b087-4dc4-9d25-73e3e0503036,2025-11-16,visited,,2025-11-19,True,automatic,2025-10-18 10:52:00,2025-12-04 09:36:00
31297469-ad8b-41e1-bee8-976354e2f68d,7ec85339-0e33-4d5a-a098-df1c83ac7a00,da845e7d-fedd-47ac-b12d-fb734b6449eb,da845e7d-fedd-47ac-b12d-fb734b6449eb,5e76f2ad-b087-4dc4-9d25-73e3e0503036,2026-01-28,visited,,2026-01-31,True,automatic,2025-12-04 11:32:00,2026-03-27 14:14:00
ea22805a-9dde-4a0e-8cc5-207e18043824,7ec85339-0e33-4d5a-a098-df1c83ac7a00,da845e7d-fedd-47ac-b12d-fb734b6449eb,da845e7d-fedd-47ac-b12d-fb734b6449eb,e18956f3-25d3-4ad3-9e29-e476c974b1e2,2026-04-23,visited,,,,automatic,2026-03-27 09:55:00,2026-04-22 09:20:00
0d9f6e42-b10d-4505-b74b-237336daa8b2,7ec85339-0e33-4d5a-a098-df1c83ac7a00,da845e7d-fedd-47ac-b12d-fb734b6449eb,da845e7d-fedd-47ac-b12d-fb734b6449eb,5e76f2ad-b087-4dc4-9d25-73e3e0503036,2026-07-18,visited,,,,automatic,2026-04-22 09:52:00,2026-07-18 10:09:00
ab733a38-e053-47ae-9da8-77f9d941a29f,7ec85339-0e33-4d5a-a098-df1c83ac7a00,da845e7d-fedd-47ac-b12d-fb734b6449eb,da845e7d-fedd-47ac-b12d-fb734b6449eb,5e76f2ad-b087-4dc4-9d25-73e3e0503036,2026-08-12,visited,,,,automatic,2026-07-18 12:44:00,2026-08-12 08:46:00
4bd23c1f-dc25-455c-81d3-3ada9a1522c6,7ec85339-0e33-4d5a-a098-df1c83ac7a00,da845e7d-fedd-47ac-b12d-fb734b6449eb,da845e7d-fedd-47ac-b12d-fb734b6449eb,447e99c5-592b-43d3-805b-eb75f1251d2a,2026-10-06,scheduled,,,,automatic,2026-08-12 09:47:00,2026-08-12 09:47:00
6487a3b2-bf56-46b4-9de6-b9ca3d3e2d76,fac769b3-c0ba-4c42-8d89-62d75c293d78,5f213a58-b179-42d7-9c05-e29474526e82,5f213a58-b179-42d7-9c05-e29474526e82,b302ab11-03e4-4bae-be36-6ec2662f7fc9,2025-09-22,visited,,2025-09-25,True,automatic,2025-09-08 10:44:00,2026-04-30 13:24:00
c196de2c-8ab1-4846-a3c3-cbd82134b3fc,fac769b3-c0ba-4c42-8d89-62d75c293d78,5f213a58-b179-42d7-9c05-e29474526e82,5f213a58-b179-42d7-9c05-e29474526e82,8e0d0bd7-32bc-44e0-8bb3-7f4f4b13cf78,2026-05-28,visited,,2026-05-31,True,automatic,2026-04-30 09:57:00,2026-06-19 11:38:00
6cdcba76-f39e-4314-b311-4e949cf6bc0d,fac769b3-c0ba-4c42-8d89-62d75c293d78,5f213a58-b179-42d7-9c05-e29474526e82,5f213a58-b179-42d7-9c05-e29474526e82,b302ab11-03e4-4bae-be36-6ec2662f7fc9,2026-07-18,scheduled,,2026-08-06,,automatic,2026-06-19 09:31:00,2026-06-19 09:31:00
19029c42-e91c-46fe-827e-f41d3032e8d2,3b7897b7-f9e1-482a-96ad-0e729d644d2e,552564e7-84a4-4534-acfd-938092f72643,552564e7-84a4-4534-acfd-938092f72643,c762646d-3ec2-420a-956d-f1b73ea05187,2025-03-08,visited,,2025-03-11,,automatic,2025-01-14 13:25:00,2025-07-20 10:46:00
00cff0aa-3223-498d-bdf2-7fe0d06a4d97,3b7897b7-f9e1-482a-96ad-0e729d644d2e,552564e7-84a4-4534-acfd-938092f72643,552564e7-84a4-4534-acfd-938092f72643,0035c5bf-742a-4ff6-9e23-941764d58bb9,2025-08-14,visited,,,,automatic,2025-07-20 09:48:00,2025-08-15 12:42:00
f5c545f8-f4fe-422d-9fb7-28bf37e5c359,3b7897b7-f9e1-482a-96ad-0e729d644d2e,552564e7-84a4-4534-acfd-938092f72643,552564e7-84a4-4534-acfd-938092f72643,0035c5bf-742a-4ff6-9e23-941764d58bb9,2025-09-15,visited,,,,automatic,2025-08-15 13:49:00,2025-09-15 13:07:00
b83886b3-db1b-48a2-8172-ba5e49a59a54,3b7897b7-f9e1-482a-96ad-0e729d644d2e,552564e7-84a4-4534-acfd-938092f72643,552564e7-84a4-4534-acfd-938092f72643,448fb26c-4d06-4d9f-a11d-a2745fb4d4c6,2025-09-28,visited,,2025-10-01,True,automatic,2025-09-15 14:23:00,2025-11-07 12:38:00
ef73b7d0-30f2-488a-85e3-25099568de4f,3b7897b7-f9e1-482a-96ad-0e729d644d2e,552564e7-84a4-4534-acfd-938092f72643,552564e7-84a4-4534-acfd-938092f72643,c762646d-3ec2-420a-956d-f1b73ea05187,2025-12-03,visited,,2025-12-06,,automatic,2025-11-07 09:11:00,2026-07-17 15:57:00
6bc8d783-0760-4873-bf5c-efead456d389,3b7897b7-f9e1-482a-96ad-0e729d644d2e,552564e7-84a4-4534-acfd-938092f72643,552564e7-84a4-4534-acfd-938092f72643,448fb26c-4d06-4d9f-a11d-a2745fb4d4c6,2026-08-03,visited,,,,automatic,2026-07-17 14:30:00,2026-08-03 09:48:00
3f60b7ff-7cf4-4667-8549-33b5f14ee165,3b7897b7-f9e1-482a-96ad-0e729d644d2e,552564e7-84a4-4534-acfd-938092f72643,552564e7-84a4-4534-acfd-938092f72643,c762646d-3ec2-420a-956d-f1b73ea05187,2026-10-23,scheduled,,,,automatic,2026-08-03 14:00:00,2026-08-03 14:00:00
7f321d28-d70b-4395-8768-e3614aa48206,b9cb3aba-e6d8-4177-abdf-efbfbdd1fcc4,552564e7-84a4-4534-acfd-938092f72643,552564e7-84a4-4534-acfd-938092f72643,19f2d2b9-737d-4029-8250-945229084df8,2025-02-21,visited,,,,automatic,2024-12-26 08:36:00,2025-02-21 09:20:00
e6f295f2-bb3d-40b7-be0b-ff1880b7bd6f,b9cb3aba-e6d8-4177-abdf-efbfbdd1fcc4,552564e7-84a4-4534-acfd-938092f72643,552564e7-84a4-4534-acfd-938092f72643,213c0975-3815-4ea4-ba67-23c54c2546da,2025-04-17,scheduled,,2025-05-09,,automatic,2025-02-21 10:40:00,2025-02-21 10:40:00
06281993-0f3c-4efb-9e8d-e6fc13bf24b0,428971ff-8629-40e8-bbc2-90dbb7307ea5,ffe42279-f3bd-4683-a6a8-52c1bb9651f3,ffe42279-f3bd-4683-a6a8-52c1bb9651f3,4519b91f-242d-4e4d-ae0c-da1f0c701874,2025-02-28,visited,,,,automatic,2025-01-28 14:24:00,2025-03-01 15:41:00
be0e0d76-b7b0-41ab-a0b0-fb82c043762e,428971ff-8629-40e8-bbc2-90dbb7307ea5,ffe42279-f3bd-4683-a6a8-52c1bb9651f3,ffe42279-f3bd-4683-a6a8-52c1bb9651f3,cd18ec08-f6a4-4724-926f-acd2aeb0daf2,2025-03-30,visited,,,,automatic,2025-03-01 14:39:00,2025-03-30 13:51:00
d6a7456c-5a57-4620-ad99-04810cf9fb9d,428971ff-8629-40e8-bbc2-90dbb7307ea5,ffe42279-f3bd-4683-a6a8-52c1bb9651f3,ffe42279-f3bd-4683-a6a8-52c1bb9651f3,246dee45-3351-44d3-8a3a-ca414c46c168,2025-04-24,visited,,,,automatic,2025-03-30 10:11:00,2025-04-27 14:05:00
e5b76109-5f66-4198-b616-109d4fdc97ab,428971ff-8629-40e8-bbc2-90dbb7307ea5,ffe42279-f3bd-4683-a6a8-52c1bb9651f3,ffe42279-f3bd-4683-a6a8-52c1bb9651f3,246dee45-3351-44d3-8a3a-ca414c46c168,2025-05-24,visited,,,,automatic,2025-04-27 14:10:00,2025-05-22 11:54:00
1ff17f71-e218-493b-b8e2-2ea6b1af3984,428971ff-8629-40e8-bbc2-90dbb7307ea5,ffe42279-f3bd-4683-a6a8-52c1bb9651f3,ffe42279-f3bd-4683-a6a8-52c1bb9651f3,246dee45-3351-44d3-8a3a-ca414c46c168,2025-06-06,visited,,,,automatic,2025-05-22 15:57:00,2025-06-09 12:14:00
60e81cd2-1b1d-4e66-ae5c-36accaeacf14,428971ff-8629-40e8-bbc2-90dbb7307ea5,ffe42279-f3bd-4683-a6a8-52c1bb9651f3,ffe42279-f3bd-4683-a6a8-52c1bb9651f3,246dee45-3351-44d3-8a3a-ca414c46c168,2025-08-07,visited,,,,automatic,2025-06-09 10:04:00,2025-08-07 08:23:00
3cb6535b-e1e2-49ce-af4e-c7f0f1a3ef1f,428971ff-8629-40e8-bbc2-90dbb7307ea5,ffe42279-f3bd-4683-a6a8-52c1bb9651f3,ffe42279-f3bd-4683-a6a8-52c1bb9651f3,246dee45-3351-44d3-8a3a-ca414c46c168,2025-09-06,visited,,,,automatic,2025-08-07 13:10:00,2025-09-04 15:32:00
b34102fc-5af1-448e-81e8-3e8c95ee451b,428971ff-8629-40e8-bbc2-90dbb7307ea5,ffe42279-f3bd-4683-a6a8-52c1bb9651f3,ffe42279-f3bd-4683-a6a8-52c1bb9651f3,246dee45-3351-44d3-8a3a-ca414c46c168,2025-10-28,visited,,,,automatic,2025-09-04 13:05:00,2025-10-30 10:37:00
e904473a-6da8-4dec-8fda-e09a968d933d,428971ff-8629-40e8-bbc2-90dbb7307ea5,ffe42279-f3bd-4683-a6a8-52c1bb9651f3,ffe42279-f3bd-4683-a6a8-52c1bb9651f3,246dee45-3351-44d3-8a3a-ca414c46c168,2025-11-28,visited,,,,automatic,2025-10-30 11:39:00,2025-11-30 13:49:00
0884c1d2-0654-4c12-bec4-54f3a9d1c835,428971ff-8629-40e8-bbc2-90dbb7307ea5,ffe42279-f3bd-4683-a6a8-52c1bb9651f3,ffe42279-f3bd-4683-a6a8-52c1bb9651f3,246dee45-3351-44d3-8a3a-ca414c46c168,2026-01-27,visited,,,,automatic,2025-11-30 15:20:00,2026-01-27 13:45:00
e89588b6-09d9-4af1-adb9-e54aff15cf50,428971ff-8629-40e8-bbc2-90dbb7307ea5,ffe42279-f3bd-4683-a6a8-52c1bb9651f3,ffe42279-f3bd-4683-a6a8-52c1bb9651f3,353297dd-2e3c-46c0-a49c-7fd69ac2c389,2026-04-18,visited,,,,automatic,2026-01-27 14:08:00,2026-04-18 08:26:00
46464ea6-806c-4ce5-ae41-28b01d856af8,428971ff-8629-40e8-bbc2-90dbb7307ea5,ffe42279-f3bd-4683-a6a8-52c1bb9651f3,ffe42279-f3bd-4683-a6a8-52c1bb9651f3,353297dd-2e3c-46c0-a49c-7fd69ac2c389,2026-05-19,visited,,,,automatic,2026-04-18 13:02:00,2026-05-19 15:11:00
1ebc1279-781f-48f0-bf50-0f0df75e62e3,428971ff-8629-40e8-bbc2-90dbb7307ea5,ffe42279-f3bd-4683-a6a8-52c1bb9651f3,ffe42279-f3bd-4683-a6a8-52c1bb9651f3,4519b91f-242d-4e4d-ae0c-da1f0c701874,2026-07-12,visited,,,,automatic,2026-05-19 09:19:00,2026-07-11 09:57:00
8aa70fcc-acfa-4b9b-969f-1bd7a94ec7b4,428971ff-8629-40e8-bbc2-90dbb7307ea5,ffe42279-f3bd-4683-a6a8-52c1bb9651f3,ffe42279-f3bd-4683-a6a8-52c1bb9651f3,4519b91f-242d-4e4d-ae0c-da1f0c701874,2026-08-06,visited,,,,automatic,2026-07-11 09:20:00,2026-08-06 14:36:00
8d7ea9c8-c9a5-41d1-a672-47ff6f5b4ac7,428971ff-8629-40e8-bbc2-90dbb7307ea5,ffe42279-f3bd-4683-a6a8-52c1bb9651f3,ffe42279-f3bd-4683-a6a8-52c1bb9651f3,cd18ec08-f6a4-4724-926f-acd2aeb0daf2,2026-09-28,scheduled,,,,automatic,2026-08-06 09:26:00,2026-08-06 09:26:00
e21ff81f-7b84-42ae-9bc6-cdf4ee8f7174,48eda7ae-f6b6-4ab1-9060-c46dea47ecef,5f213a58-b179-42d7-9c05-e29474526e82,5f213a58-b179-42d7-9c05-e29474526e82,2db9a55b-d59a-4a30-a4c8-bf7ae0a1e014,2025-01-12,visited,,,,automatic,2024-12-15 13:05:00,2025-01-19 12:27:00
26d6d6c3-c8a2-4ac5-93e9-9991bd1bc95a,48eda7ae-f6b6-4ab1-9060-c46dea47ecef,5f213a58-b179-42d7-9c05-e29474526e82,5f213a58-b179-42d7-9c05-e29474526e82,2db9a55b-d59a-4a30-a4c8-bf7ae0a1e014,2025-02-05,visited,,2025-02-08,,automatic,2025-01-19 10:16:00,2025-02-27 11:45:00
0bcae3cb-bdcc-4ce1-bf50-382514d28350,48eda7ae-f6b6-4ab1-9060-c46dea47ecef,5f213a58-b179-42d7-9c05-e29474526e82,5f213a58-b179-42d7-9c05-e29474526e82,406a76ac-2a9d-4982-b6f8-1efb7296c6c0,2025-03-26,visited,,,,automatic,2025-02-27 13:52:00,2025-03-26 12:52:00
d939376d-2602-4999-ab0d-1689daf5a1cb,48eda7ae-f6b6-4ab1-9060-c46dea47ecef,5f213a58-b179-42d7-9c05-e29474526e82,5f213a58-b179-42d7-9c05-e29474526e82,2db9a55b-d59a-4a30-a4c8-bf7ae0a1e014,2025-04-20,visited,,,,automatic,2025-03-26 10:36:00,2025-04-18 10:39:00
31568597-4fa4-4715-bb5f-a198b862d157,48eda7ae-f6b6-4ab1-9060-c46dea47ecef,5f213a58-b179-42d7-9c05-e29474526e82,5f213a58-b179-42d7-9c05-e29474526e82,b302ab11-03e4-4bae-be36-6ec2662f7fc9,2025-05-15,visited,,,,automatic,2025-04-18 10:25:00,2025-05-15 10:53:00
8031d77a-491e-469b-b913-ec9ea3cb0f46,48eda7ae-f6b6-4ab1-9060-c46dea47ecef,5f213a58-b179-42d7-9c05-e29474526e82,5f213a58-b179-42d7-9c05-e29474526e82,2db9a55b-d59a-4a30-a4c8-bf7ae0a1e014,2025-06-09,visited,,,,automatic,2025-05-15 11:32:00,2025-06-09 10:48:00
0b76e42a-61e8-4e13-9bbd-c7c53a94d8e9,48eda7ae-f6b6-4ab1-9060-c46dea47ecef,5f213a58-b179-42d7-9c05-e29474526e82,5f213a58-b179-42d7-9c05-e29474526e82,8e0d0bd7-32bc-44e0-8bb3-7f4f4b13cf78,2025-06-21,visited,,2025-06-24,True,automatic,2025-06-09 09:32:00,2025-07-14 09:15:00
b9fdc172-bbb1-4130-8812-af5990f3ee0b,48eda7ae-f6b6-4ab1-9060-c46dea47ecef,5f213a58-b179-42d7-9c05-e29474526e82,5f213a58-b179-42d7-9c05-e29474526e82,2db9a55b-d59a-4a30-a4c8-bf7ae0a1e014,2025-08-08,visited,,,,automatic,2025-07-14 12:48:00,2025-08-10 15:42:00
b2a85491-7a0d-40cd-ad21-15de399a2f0a,48eda7ae-f6b6-4ab1-9060-c46dea47ecef,5f213a58-b179-42d7-9c05-e29474526e82,5f213a58-b179-42d7-9c05-e29474526e82,2db9a55b-d59a-4a30-a4c8-bf7ae0a1e014,2025-09-05,visited,,,,automatic,2025-08-10 08:31:00,2025-09-05 11:10:00
a2886e5c-0844-4249-8328-57f4da860c74,48eda7ae-f6b6-4ab1-9060-c46dea47ecef,5f213a58-b179-42d7-9c05-e29474526e82,5f213a58-b179-42d7-9c05-e29474526e82,406a76ac-2a9d-4982-b6f8-1efb7296c6c0,2025-09-17,visited,,,,automatic,2025-09-05 08:26:00,2025-09-17 11:24:00
b7fbac44-bcaa-4de6-b970-e27922d51e37,48eda7ae-f6b6-4ab1-9060-c46dea47ecef,5f213a58-b179-42d7-9c05-e29474526e82,5f213a58-b179-42d7-9c05-e29474526e82,b302ab11-03e4-4bae-be36-6ec2662f7fc9,2025-12-10,visited,,2025-12-13,,automatic,2025-09-17 10:42:00,2025-12-26 15:53:00
9b26b4a7-f8bf-4a7f-813f-1030161ea6ff,48eda7ae-f6b6-4ab1-9060-c46dea47ecef,5f213a58-b179-42d7-9c05-e29474526e82,5f213a58-b179-42d7-9c05-e29474526e82,2db9a55b-d59a-4a30-a4c8-bf7ae0a1e014,2026-03-18,visited,,2026-03-21,True,automatic,2025-12-26 11:48:00,2026-04-10 15:09:00
d0722d78-7ee1-472c-ab75-d952183ffc05,48eda7ae-f6b6-4ab1-9060-c46dea47ecef,5f213a58-b179-42d7-9c05-e29474526e82,5f213a58-b179-42d7-9c05-e29474526e82,8e0d0bd7-32bc-44e0-8bb3-7f4f4b13cf78,2026-06-06,visited,,,,automatic,2026-04-10 14:11:00,2026-06-06 13:31:00
4b7e732e-44b4-43f5-8f3d-32050b903dfe,48eda7ae-f6b6-4ab1-9060-c46dea47ecef,5f213a58-b179-42d7-9c05-e29474526e82,5f213a58-b179-42d7-9c05-e29474526e82,b302ab11-03e4-4bae-be36-6ec2662f7fc9,2026-07-30,visited,,,,automatic,2026-06-06 09:20:00,2026-07-30 15:18:00
3310ab33-fcbd-4993-b7ee-2991a50d6ee7,48eda7ae-f6b6-4ab1-9060-c46dea47ecef,5f213a58-b179-42d7-9c05-e29474526e82,5f213a58-b179-42d7-9c05-e29474526e82,8e0d0bd7-32bc-44e0-8bb3-7f4f4b13cf78,2026-10-22,scheduled,,,,automatic,2026-07-30 13:59:00,2026-07-30 13:59:00
8218d26a-5e31-4672-b06a-d3b0418b0ffe,6ed169a9-9787-4fbe-a8c2-bb77ab0a51db,5f213a58-b179-42d7-9c05-e29474526e82,5f213a58-b179-42d7-9c05-e29474526e82,b302ab11-03e4-4bae-be36-6ec2662f7fc9,2025-03-10,visited,,,,automatic,2025-02-26 11:59:00,2025-03-10 10:05:00
19eecee5-262f-401e-96a4-7366386bbac7,6ed169a9-9787-4fbe-a8c2-bb77ab0a51db,5f213a58-b179-42d7-9c05-e29474526e82,5f213a58-b179-42d7-9c05-e29474526e82,2db9a55b-d59a-4a30-a4c8-bf7ae0a1e014,2025-04-05,visited,,,,automatic,2025-03-10 08:56:00,2025-04-05 14:02:00
274f9b99-70bf-44ae-b0d9-fc8281ed541b,6ed169a9-9787-4fbe-a8c2-bb77ab0a51db,5f213a58-b179-42d7-9c05-e29474526e82,5f213a58-b179-42d7-9c05-e29474526e82,b302ab11-03e4-4bae-be36-6ec2662f7fc9,2025-05-04,visited,,,,automatic,2025-04-05 14:36:00,2025-05-04 15:33:00
6b86d34e-cc9a-4e49-bb93-ae48cc55673a,6ed169a9-9787-4fbe-a8c2-bb77ab0a51db,5f213a58-b179-42d7-9c05-e29474526e82,5f213a58-b179-42d7-9c05-e29474526e82,b302ab11-03e4-4bae-be36-6ec2662f7fc9,2025-06-01,visited,,,,automatic,2025-05-04 09:40:00,2025-06-04 08:43:00
7078816a-54ba-47b3-83fa-60e0aa7a1d07,6ed169a9-9787-4fbe-a8c2-bb77ab0a51db,5f213a58-b179-42d7-9c05-e29474526e82,5f213a58-b179-42d7-9c05-e29474526e82,8e0d0bd7-32bc-44e0-8bb3-7f4f4b13cf78,2025-07-03,visited,,,,automatic,2025-06-04 15:04:00,2025-07-02 08:33:00
76530e26-9264-4533-8c9b-08cf0b0b4b97,6ed169a9-9787-4fbe-a8c2-bb77ab0a51db,5f213a58-b179-42d7-9c05-e29474526e82,5f213a58-b179-42d7-9c05-e29474526e82,8e0d0bd7-32bc-44e0-8bb3-7f4f4b13cf78,2025-07-27,visited,,,,automatic,2025-07-02 15:37:00,2025-07-27 10:42:00
29162b21-80bd-4692-ad42-2d25f52d2837,6ed169a9-9787-4fbe-a8c2-bb77ab0a51db,5f213a58-b179-42d7-9c05-e29474526e82,5f213a58-b179-42d7-9c05-e29474526e82,406a76ac-2a9d-4982-b6f8-1efb7296c6c0,2025-08-07,visited,,2025-08-10,,automatic,2025-07-27 14:02:00,2026-02-07 08:22:00
66b4eb5e-afe4-4e92-abd5-d95228f5509d,6ed169a9-9787-4fbe-a8c2-bb77ab0a51db,5f213a58-b179-42d7-9c05-e29474526e82,5f213a58-b179-42d7-9c05-e29474526e82,406a76ac-2a9d-4982-b6f8-1efb7296c6c0,2026-02-18,visited,,2026-02-21,,automatic,2026-02-07 10:17:00,2026-02-26 14:55:00
1a13cc4c-acb8-4eb1-9fcc-38b4363a1dbe,6ed169a9-9787-4fbe-a8c2-bb77ab0a51db,5f213a58-b179-42d7-9c05-e29474526e82,5f213a58-b179-42d7-9c05-e29474526e82,2db9a55b-d59a-4a30-a4c8-bf7ae0a1e014,2026-03-27,visited,,2026-03-30,,automatic,2026-02-26 09:33:00,2026-05-02 13:11:00
d5bb9a52-7ec2-4bc0-9a52-3aba19966f86,6ed169a9-9787-4fbe-a8c2-bb77ab0a51db,5f213a58-b179-42d7-9c05-e29474526e82,5f213a58-b179-42d7-9c05-e29474526e82,406a76ac-2a9d-4982-b6f8-1efb7296c6c0,2026-06-24,visited,,,,automatic,2026-05-02 10:39:00,2026-06-24 12:52:00
07a4b24d-ab25-464e-ab57-b85af9c8d877,6ed169a9-9787-4fbe-a8c2-bb77ab0a51db,5f213a58-b179-42d7-9c05-e29474526e82,5f213a58-b179-42d7-9c05-e29474526e82,2db9a55b-d59a-4a30-a4c8-bf7ae0a1e014,2026-07-20,visited,,,,automatic,2026-06-24 11:41:00,2026-07-20 15:25:00
460db1bd-1680-4c47-bc39-78e4b67359dc,6ed169a9-9787-4fbe-a8c2-bb77ab0a51db,5f213a58-b179-42d7-9c05-e29474526e82,5f213a58-b179-42d7-9c05-e29474526e82,2db9a55b-d59a-4a30-a4c8-bf7ae0a1e014,2026-09-12,visited,,,,automatic,2026-07-20 12:23:00,2026-09-10 11:48:00
fd7ae71f-a443-444b-ae62-85cfd2168b34,6ed169a9-9787-4fbe-a8c2-bb77ab0a51db,5f213a58-b179-42d7-9c05-e29474526e82,5f213a58-b179-42d7-9c05-e29474526e82,b302ab11-03e4-4bae-be36-6ec2662f7fc9,2026-10-07,scheduled,,,,automatic,2026-09-10 14:13:00,2026-09-10 14:13:00
143ca19e-0dda-4ba6-990a-5c353f9dfff2,4ef70b1d-9b57-4ef4-8c07-e497ac7b9ac3,5f213a58-b179-42d7-9c05-e29474526e82,5f213a58-b179-42d7-9c05-e29474526e82,8e0d0bd7-32bc-44e0-8bb3-7f4f4b13cf78,2024-12-08,visited,,,,automatic,2024-11-11 12:30:00,2024-12-08 15:14:00
0841f3ef-b284-4289-9231-11ac91561ca9,4ef70b1d-9b57-4ef4-8c07-e497ac7b9ac3,5f213a58-b179-42d7-9c05-e29474526e82,5f213a58-b179-42d7-9c05-e29474526e82,8e0d0bd7-32bc-44e0-8bb3-7f4f4b13cf78,2025-01-06,visited,,2025-01-09,,automatic,2024-12-08 13:01:00,2025-01-24 10:02:00
1b1a4b00-1166-40dc-a67a-06a7c748ab62,4ef70b1d-9b57-4ef4-8c07-e497ac7b9ac3,5f213a58-b179-42d7-9c05-e29474526e82,5f213a58-b179-42d7-9c05-e29474526e82,8e0d0bd7-32bc-44e0-8bb3-7f4f4b13cf78,2025-02-21,scheduled,,2025-02-24,,automatic,2025-01-24 10:09:00,2025-01-24 10:09:00
997dc562-7cad-48f1-a150-92254a897b6e,400a8f51-bb04-44e9-bfa1-5b585443ec62,ffe42279-f3bd-4683-a6a8-52c1bb9651f3,ffe42279-f3bd-4683-a6a8-52c1bb9651f3,4519b91f-242d-4e4d-ae0c-da1f0c701874,2026-09-06,visited,,,,automatic,2026-08-09 14:29:00,2026-09-06 10:04:00
9cca39a2-433c-4c70-b763-a9d04e2f3cb6,400a8f51-bb04-44e9-bfa1-5b585443ec62,ffe42279-f3bd-4683-a6a8-52c1bb9651f3,ffe42279-f3bd-4683-a6a8-52c1bb9651f3,353297dd-2e3c-46c0-a49c-7fd69ac2c389,2026-10-02,scheduled,,,,automatic,2026-09-06 13:56:00,2026-09-06 13:56:00
10db9ae9-7228-41e3-be82-7aa012b29de2,908c41ec-4f2e-43cc-805b-2e04860a4a59,552564e7-84a4-4534-acfd-938092f72643,552564e7-84a4-4534-acfd-938092f72643,0035c5bf-742a-4ff6-9e23-941764d58bb9,2025-10-08,visited,,,,automatic,2025-08-12 15:14:00,2025-10-10 12:59:00
26c51361-7112-4245-9ad1-4a0a34cd1058,908c41ec-4f2e-43cc-805b-2e04860a4a59,552564e7-84a4-4534-acfd-938092f72643,552564e7-84a4-4534-acfd-938092f72643,0035c5bf-742a-4ff6-9e23-941764d58bb9,2026-01-04,visited,,,,automatic,2025-10-10 14:26:00,2026-01-04 12:30:00
ee6d30b8-402c-422a-aeab-4aedb814a516,908c41ec-4f2e-43cc-805b-2e04860a4a59,552564e7-84a4-4534-acfd-938092f72643,552564e7-84a4-4534-acfd-938092f72643,f3161305-31e6-47c0-8597-e00f4ddec847,2026-03-04,scheduled,,2026-03-24,,automatic,2026-01-04 10:56:00,2026-01-04 10:56:00
855969b8-0251-4958-9377-9c37b65a200d,b8225637-e40f-4b86-874e-49f8382a70fa,5f213a58-b179-42d7-9c05-e29474526e82,5f213a58-b179-42d7-9c05-e29474526e82,8e0d0bd7-32bc-44e0-8bb3-7f4f4b13cf78,2026-03-27,visited,,2026-03-30,True,automatic,2026-02-01 10:18:00,2026-04-15 10:48:00
fad27775-e457-4357-a69d-f80de603aede,b8225637-e40f-4b86-874e-49f8382a70fa,5f213a58-b179-42d7-9c05-e29474526e82,5f213a58-b179-42d7-9c05-e29474526e82,2db9a55b-d59a-4a30-a4c8-bf7ae0a1e014,2026-05-11,visited,,,,automatic,2026-04-15 15:30:00,2026-05-12 09:17:00
c9e87038-93af-4f4d-a759-7d8d0666ecb2,b8225637-e40f-4b86-874e-49f8382a70fa,5f213a58-b179-42d7-9c05-e29474526e82,5f213a58-b179-42d7-9c05-e29474526e82,b302ab11-03e4-4bae-be36-6ec2662f7fc9,2026-06-08,visited,,,,automatic,2026-05-12 10:35:00,2026-06-11 10:08:00
7b991f5e-e5b4-4506-9f07-550ae41bb518,b8225637-e40f-4b86-874e-49f8382a70fa,5f213a58-b179-42d7-9c05-e29474526e82,5f213a58-b179-42d7-9c05-e29474526e82,2db9a55b-d59a-4a30-a4c8-bf7ae0a1e014,2026-07-10,visited,,,,automatic,2026-06-11 08:15:00,2026-07-10 12:47:00
81ae4217-fee0-4eb7-a6fb-34a1e3182a7b,b8225637-e40f-4b86-874e-49f8382a70fa,5f213a58-b179-42d7-9c05-e29474526e82,5f213a58-b179-42d7-9c05-e29474526e82,406a76ac-2a9d-4982-b6f8-1efb7296c6c0,2026-08-06,visited,,,,automatic,2026-07-10 12:24:00,2026-08-06 15:04:00
ad3a9d97-36f4-4d4e-be8f-a045a4ec64c0,b8225637-e40f-4b86-874e-49f8382a70fa,5f213a58-b179-42d7-9c05-e29474526e82,5f213a58-b179-42d7-9c05-e29474526e82,406a76ac-2a9d-4982-b6f8-1efb7296c6c0,2026-08-31,visited,,,,automatic,2026-08-06 14:00:00,2026-08-31 12:25:00
c3c5310c-98bc-49f1-b173-9a300460d234,b8225637-e40f-4b86-874e-49f8382a70fa,5f213a58-b179-42d7-9c05-e29474526e82,5f213a58-b179-42d7-9c05-e29474526e82,406a76ac-2a9d-4982-b6f8-1efb7296c6c0,2026-10-28,scheduled,,,,automatic,2026-08-31 09:25:00,2026-08-31 09:25:00
f6705839-254d-4bf8-a028-c14146533035,2de4eae0-1b62-4b0a-aaa8-bca128159b03,da845e7d-fedd-47ac-b12d-fb734b6449eb,da845e7d-fedd-47ac-b12d-fb734b6449eb,447e99c5-592b-43d3-805b-eb75f1251d2a,2024-11-27,visited,,2024-11-30,,automatic,2024-10-27 12:53:00,2025-03-13 12:24:00
b472234b-cd77-4310-8ba7-d802b063d63c,2de4eae0-1b62-4b0a-aaa8-bca128159b03,da845e7d-fedd-47ac-b12d-fb734b6449eb,da845e7d-fedd-47ac-b12d-fb734b6449eb,5e76f2ad-b087-4dc4-9d25-73e3e0503036,2025-04-10,visited,,,,automatic,2025-03-13 08:22:00,2025-04-11 11:11:00
d882d707-ab3f-4dd9-9fa6-8927546a6abe,2de4eae0-1b62-4b0a-aaa8-bca128159b03,da845e7d-fedd-47ac-b12d-fb734b6449eb,da845e7d-fedd-47ac-b12d-fb734b6449eb,5e76f2ad-b087-4dc4-9d25-73e3e0503036,2025-04-25,visited,,2025-04-28,,automatic,2025-04-11 09:33:00,2025-08-03 15:22:00
8f9a777b-2cf6-4804-9c4a-cb10cbe28ede,2de4eae0-1b62-4b0a-aaa8-bca128159b03,da845e7d-fedd-47ac-b12d-fb734b6449eb,da845e7d-fedd-47ac-b12d-fb734b6449eb,e18956f3-25d3-4ad3-9e29-e476c974b1e2,2025-09-03,visited,,,,automatic,2025-08-03 14:51:00,2025-09-03 14:32:00
2f6f5ea8-7eed-4e58-b858-739db7d38367,2de4eae0-1b62-4b0a-aaa8-bca128159b03,da845e7d-fedd-47ac-b12d-fb734b6449eb,da845e7d-fedd-47ac-b12d-fb734b6449eb,447e99c5-592b-43d3-805b-eb75f1251d2a,2025-09-30,visited,,,,automatic,2025-09-03 09:21:00,2025-09-29 09:55:00
88616d89-d943-47f2-8f5e-151d982950a3,2de4eae0-1b62-4b0a-aaa8-bca128159b03,da845e7d-fedd-47ac-b12d-fb734b6449eb,da845e7d-fedd-47ac-b12d-fb734b6449eb,5e76f2ad-b087-4dc4-9d25-73e3e0503036,2025-10-28,visited,,,,automatic,2025-09-29 15:26:00,2025-10-25 14:19:00
006f3d2e-365e-4032-bb81-5086296c264a,2de4eae0-1b62-4b0a-aaa8-bca128159b03,da845e7d-fedd-47ac-b12d-fb734b6449eb,da845e7d-fedd-47ac-b12d-fb734b6449eb,447e99c5-592b-43d3-805b-eb75f1251d2a,2025-11-08,visited,,,,automatic,2025-10-25 12:01:00,2025-11-08 13:19:00
e3d00340-04c0-4e26-aa53-f74e2028dc2b,2de4eae0-1b62-4b0a-aaa8-bca128159b03,da845e7d-fedd-47ac-b12d-fb734b6449eb,da845e7d-fedd-47ac-b12d-fb734b6449eb,e18956f3-25d3-4ad3-9e29-e476c974b1e2,2025-12-08,visited,,,,automatic,2025-11-08 09:42:00,2025-12-05 15:36:00
733c0e88-3120-4eb6-9482-25e53a67edf2,2de4eae0-1b62-4b0a-aaa8-bca128159b03,da845e7d-fedd-47ac-b12d-fb734b6449eb,da845e7d-fedd-47ac-b12d-fb734b6449eb,5e76f2ad-b087-4dc4-9d25-73e3e0503036,2026-01-01,visited,,,,automatic,2025-12-05 10:47:00,2026-01-02 13:05:00
23a95edc-7571-4269-a80f-a6778acb115e,2de4eae0-1b62-4b0a-aaa8-bca128159b03,da845e7d-fedd-47ac-b12d-fb734b6449eb,da845e7d-fedd-47ac-b12d-fb734b6449eb,447e99c5-592b-43d3-805b-eb75f1251d2a,2026-02-26,scheduled,,2026-03-01,,automatic,2026-01-02 14:46:00,2026-01-02 14:46:00
2dde20f1-53f2-4704-b62a-b8b03828ddfa,5187bd10-c004-46af-b5bd-d23cfc87a8f7,5f213a58-b179-42d7-9c05-e29474526e82,5f213a58-b179-42d7-9c05-e29474526e82,2db9a55b-d59a-4a30-a4c8-bf7ae0a1e014,2025-07-30,visited,,,,automatic,2025-07-04 15:35:00,2025-07-31 11:31:00
a4e5f237-26bd-4f21-aecd-9041d65ca97b,5187bd10-c004-46af-b5bd-d23cfc87a8f7,5f213a58-b179-42d7-9c05-e29474526e82,5f213a58-b179-42d7-9c05-e29474526e82,2db9a55b-d59a-4a30-a4c8-bf7ae0a1e014,2025-08-28,visited,,,,automatic,2025-07-31 13:34:00,2025-08-28 15:58:00
5dee9aab-05c7-4c88-85bf-4877cd52b500,5187bd10-c004-46af-b5bd-d23cfc87a8f7,5f213a58-b179-42d7-9c05-e29474526e82,5f213a58-b179-42d7-9c05-e29474526e82,8e0d0bd7-32bc-44e0-8bb3-7f4f4b13cf78,2025-09-23,visited,,,,automatic,2025-08-28 08:35:00,2025-09-23 11:44:00
647bceff-6a59-45fb-acfe-c46403bce74d,5187bd10-c004-46af-b5bd-d23cfc87a8f7,5f213a58-b179-42d7-9c05-e29474526e82,5f213a58-b179-42d7-9c05-e29474526e82,b302ab11-03e4-4bae-be36-6ec2662f7fc9,2025-10-22,visited,,2025-10-25,True,automatic,2025-09-23 10:52:00,2025-11-19 09:16:00
598b60ef-0919-4753-9b4b-812e191acd5d,5187bd10-c004-46af-b5bd-d23cfc87a8f7,5f213a58-b179-42d7-9c05-e29474526e82,5f213a58-b179-42d7-9c05-e29474526e82,2db9a55b-d59a-4a30-a4c8-bf7ae0a1e014,2025-12-20,visited,,,,automatic,2025-11-19 08:26:00,2025-12-20 14:59:00
b640abde-efbb-48cc-a72d-286592d08483,5187bd10-c004-46af-b5bd-d23cfc87a8f7,5f213a58-b179-42d7-9c05-e29474526e82,5f213a58-b179-42d7-9c05-e29474526e82,b302ab11-03e4-4bae-be36-6ec2662f7fc9,2026-01-20,visited,,,,automatic,2025-12-20 12:11:00,2026-01-19 10:44:00
3ababa40-ac74-43b0-b74c-64b75687fa59,5187bd10-c004-46af-b5bd-d23cfc87a8f7,5f213a58-b179-42d7-9c05-e29474526e82,5f213a58-b179-42d7-9c05-e29474526e82,b302ab11-03e4-4bae-be36-6ec2662f7fc9,2026-02-01,visited,,,,automatic,2026-01-19 13:13:00,2026-02-04 14:16:00
8ed6600a-9fd6-4cb9-b625-31d60f465a5b,5187bd10-c004-46af-b5bd-d23cfc87a8f7,5f213a58-b179-42d7-9c05-e29474526e82,5f213a58-b179-42d7-9c05-e29474526e82,8e0d0bd7-32bc-44e0-8bb3-7f4f4b13cf78,2026-03-07,visited,,,,automatic,2026-02-04 15:10:00,2026-03-07 11:07:00
3ac1ecbd-2abc-4470-82f7-dc888d4ca11b,5187bd10-c004-46af-b5bd-d23cfc87a8f7,5f213a58-b179-42d7-9c05-e29474526e82,5f213a58-b179-42d7-9c05-e29474526e82,406a76ac-2a9d-4982-b6f8-1efb7296c6c0,2026-04-29,visited,,,,automatic,2026-03-07 11:39:00,2026-05-02 10:23:00
e186cdd5-83ba-4e59-9244-61709fc41824,5187bd10-c004-46af-b5bd-d23cfc87a8f7,5f213a58-b179-42d7-9c05-e29474526e82,5f213a58-b179-42d7-9c05-e29474526e82,8e0d0bd7-32bc-44e0-8bb3-7f4f4b13cf78,2026-06-26,visited,,,,automatic,2026-05-02 10:04:00,2026-06-26 13:44:00
768156b6-7a30-475b-96eb-924cf1109d7b,5187bd10-c004-46af-b5bd-d23cfc87a8f7,5f213a58-b179-42d7-9c05-e29474526e82,5f213a58-b179-42d7-9c05-e29474526e82,406a76ac-2a9d-4982-b6f8-1efb7296c6c0,2026-07-22,visited,,,,automatic,2026-06-26 15:46:00,2026-07-22 13:56:00
ab99356f-3d9b-4fbe-a1aa-80e7a6fb0749,5187bd10-c004-46af-b5bd-d23cfc87a8f7,5f213a58-b179-42d7-9c05-e29474526e82,5f213a58-b179-42d7-9c05-e29474526e82,406a76ac-2a9d-4982-b6f8-1efb7296c6c0,2026-08-20,visited,,,,automatic,2026-07-22 09:57:00,2026-08-20 14:17:00
51477028-f923-47b7-afb6-7250a4636493,5187bd10-c004-46af-b5bd-d23cfc87a8f7,5f213a58-b179-42d7-9c05-e29474526e82,5f213a58-b179-42d7-9c05-e29474526e82,b302ab11-03e4-4bae-be36-6ec2662f7fc9,2026-09-16,visited,,,,automatic,2026-08-20 13:19:00,2026-09-16 08:02:00
f9fa02d5-fa1f-4852-9e87-0e004b494598,5187bd10-c004-46af-b5bd-d23cfc87a8f7,5f213a58-b179-42d7-9c05-e29474526e82,5f213a58-b179-42d7-9c05-e29474526e82,406a76ac-2a9d-4982-b6f8-1efb7296c6c0,2026-11-11,scheduled,,,,automatic,2026-09-16 10:18:00,2026-09-16 10:18:00
9f0887b5-f3af-4680-990d-61aeb34f3921,389a76bd-bf97-4432-b03c-d8a4cd733b74,5f213a58-b179-42d7-9c05-e29474526e82,5f213a58-b179-42d7-9c05-e29474526e82,8e0d0bd7-32bc-44e0-8bb3-7f4f4b13cf78,2025-12-15,visited,,,,automatic,2025-11-17 13:43:00,2025-12-15 11:52:00
bcf70c41-8fcf-4fc5-95e4-5b48cb28c7c1,389a76bd-bf97-4432-b03c-d8a4cd733b74,5f213a58-b179-42d7-9c05-e29474526e82,5f213a58-b179-42d7-9c05-e29474526e82,b302ab11-03e4-4bae-be36-6ec2662f7fc9,2026-01-12,visited,,,,automatic,2025-12-15 08:12:00,2026-01-11 15:34:00
15b7d199-4781-46aa-afbd-9613a1536d17,389a76bd-bf97-4432-b03c-d8a4cd733b74,5f213a58-b179-42d7-9c05-e29474526e82,5f213a58-b179-42d7-9c05-e29474526e82,b302ab11-03e4-4bae-be36-6ec2662f7fc9,2026-02-09,visited,,,,automatic,2026-01-11 08:07:00,2026-02-09 14:46:00
e4a83f9f-6d70-455c-8f09-41cc22bc9cac,389a76bd-bf97-4432-b03c-d8a4cd733b74,5f213a58-b179-42d7-9c05-e29474526e82,5f213a58-b179-42d7-9c05-e29474526e82,b302ab11-03e4-4bae-be36-6ec2662f7fc9,2026-03-12,visited,,,,automatic,2026-02-09 14:31:00,2026-03-17 09:41:00
0e2fdc89-b2c2-42b5-adfb-200fd681f9ff,389a76bd-bf97-4432-b03c-d8a4cd733b74,5f213a58-b179-42d7-9c05-e29474526e82,5f213a58-b179-42d7-9c05-e29474526e82,b302ab11-03e4-4bae-be36-6ec2662f7fc9,2026-04-15,visited,,2026-04-18,,automatic,2026-03-17 10:26:00,2026-05-23 08:17:00
7b3a38be-67bf-427f-accf-c3ae0bd5d679,389a76bd-bf97-4432-b03c-d8a4cd733b74,5f213a58-b179-42d7-9c05-e29474526e82,5f213a58-b179-42d7-9c05-e29474526e82,406a76ac-2a9d-4982-b6f8-1efb7296c6c0,2026-06-06,visited,,,,automatic,2026-05-23 11:48:00,2026-06-07 15:26:00
1e28f816-3404-47c5-84ee-d2d38cb2935c,389a76bd-bf97-4432-b03c-d8a4cd733b74,5f213a58-b179-42d7-9c05-e29474526e82,5f213a58-b179-42d7-9c05-e29474526e82,406a76ac-2a9d-4982-b6f8-1efb7296c6c0,2026-07-31,visited,,2026-08-22,,automatic,2026-06-07 14:55:00,2026-09-03 15:21:00
85fbfa5b-6fe4-458d-ad02-a260d4ea520f,389a76bd-bf97-4432-b03c-d8a4cd733b74,5f213a58-b179-42d7-9c05-e29474526e82,5f213a58-b179-42d7-9c05-e29474526e82,8e0d0bd7-32bc-44e0-8bb3-7f4f4b13cf78,2026-10-28,scheduled,,,,automatic,2026-09-03 09:30:00,2026-09-03 09:30:00
f6d6bfe2-d8db-4f73-92cc-0a75081b4666,0f257fa1-1df6-4807-8a73-612f6b251ce9,5f213a58-b179-42d7-9c05-e29474526e82,5f213a58-b179-42d7-9c05-e29474526e82,8e0d0bd7-32bc-44e0-8bb3-7f4f4b13cf78,2025-01-27,visited,,,,automatic,2024-12-27 08:00:00,2025-01-26 15:56:00
253ffd13-bdc8-4f54-a6b4-d4d170bd9c39,0f257fa1-1df6-4807-8a73-612f6b251ce9,5f213a58-b179-42d7-9c05-e29474526e82,5f213a58-b179-42d7-9c05-e29474526e82,8e0d0bd7-32bc-44e0-8bb3-7f4f4b13cf78,2025-02-07,visited,,,,automatic,2025-01-26 14:25:00,2025-02-07 10:54:00
8f6e3dc7-7f99-4c60-834c-ab099dcba010,0f257fa1-1df6-4807-8a73-612f6b251ce9,5f213a58-b179-42d7-9c05-e29474526e82,5f213a58-b179-42d7-9c05-e29474526e82,2db9a55b-d59a-4a30-a4c8-bf7ae0a1e014,2025-03-06,visited,,,,automatic,2025-02-07 12:14:00,2025-03-06 14:48:00
f260adae-c152-4a02-b413-d3d81dfa6f12,0f257fa1-1df6-4807-8a73-612f6b251ce9,5f213a58-b179-42d7-9c05-e29474526e82,5f213a58-b179-42d7-9c05-e29474526e82,b302ab11-03e4-4bae-be36-6ec2662f7fc9,2025-04-05,scheduled,,2025-04-08,,automatic,2025-03-06 14:17:00,2025-03-06 14:17:00
d81d631d-eec8-4bd0-bd97-339208f306f6,93698b2e-2807-4a04-adf2-02e2423bff67,5f213a58-b179-42d7-9c05-e29474526e82,5f213a58-b179-42d7-9c05-e29474526e82,406a76ac-2a9d-4982-b6f8-1efb7296c6c0,2024-10-30,visited,,,,automatic,2024-09-30 08:41:00,2024-10-29 15:24:00
8e51972e-8f20-4e82-9852-3e39cb6a3382,93698b2e-2807-4a04-adf2-02e2423bff67,5f213a58-b179-42d7-9c05-e29474526e82,5f213a58-b179-42d7-9c05-e29474526e82,b302ab11-03e4-4bae-be36-6ec2662f7fc9,2024-11-26,visited,,,,automatic,2024-10-29 11:40:00,2024-11-28 13:32:00
c472b065-ef11-4886-ac5f-bd71372237bf,93698b2e-2807-4a04-adf2-02e2423bff67,5f213a58-b179-42d7-9c05-e29474526e82,5f213a58-b179-42d7-9c05-e29474526e82,406a76ac-2a9d-4982-b6f8-1efb7296c6c0,2024-12-23,visited,,,,automatic,2024-11-28 15:16:00,2024-12-23 15:35:00
29df5e7b-1b93-47e3-9f50-627437bb0a6c,93698b2e-2807-4a04-adf2-02e2423bff67,5f213a58-b179-42d7-9c05-e29474526e82,5f213a58-b179-42d7-9c05-e29474526e82,2db9a55b-d59a-4a30-a4c8-bf7ae0a1e014,2025-01-18,visited,,,,automatic,2024-12-23 14:52:00,2025-01-18 11:31:00
5232d60e-4bcd-4d96-92c2-5fd591f8f4f8,93698b2e-2807-4a04-adf2-02e2423bff67,5f213a58-b179-42d7-9c05-e29474526e82,5f213a58-b179-42d7-9c05-e29474526e82,2db9a55b-d59a-4a30-a4c8-bf7ae0a1e014,2025-01-29,scheduled,,2025-02-01,,automatic,2025-01-18 11:39:00,2025-01-18 11:39:00
9c4aacd4-882c-4bd6-af5f-87ddad1c97f8,cd678fbd-e6cd-4019-a6f1-abe9ba5e2d1a,da845e7d-fedd-47ac-b12d-fb734b6449eb,da845e7d-fedd-47ac-b12d-fb734b6449eb,5e76f2ad-b087-4dc4-9d25-73e3e0503036,2026-05-25,visited,,,,automatic,2026-05-12 08:51:00,2026-05-25 12:19:00
e306a9da-8bc2-4c69-924b-e184e0db4269,cd678fbd-e6cd-4019-a6f1-abe9ba5e2d1a,da845e7d-fedd-47ac-b12d-fb734b6449eb,da845e7d-fedd-47ac-b12d-fb734b6449eb,5e76f2ad-b087-4dc4-9d25-73e3e0503036,2026-06-10,visited,,,,automatic,2026-05-25 10:06:00,2026-06-10 15:01:00
abe99aab-d6ab-4c1e-82e2-b200ba93a6de,cd678fbd-e6cd-4019-a6f1-abe9ba5e2d1a,da845e7d-fedd-47ac-b12d-fb734b6449eb,da845e7d-fedd-47ac-b12d-fb734b6449eb,5e76f2ad-b087-4dc4-9d25-73e3e0503036,2026-07-09,visited,,,,automatic,2026-06-10 12:17:00,2026-07-10 14:58:00
1eeb7cba-e639-47e8-8ddd-89b02db71401,cd678fbd-e6cd-4019-a6f1-abe9ba5e2d1a,da845e7d-fedd-47ac-b12d-fb734b6449eb,da845e7d-fedd-47ac-b12d-fb734b6449eb,447e99c5-592b-43d3-805b-eb75f1251d2a,2026-09-04,visited,,,,automatic,2026-07-10 09:43:00,2026-09-03 11:34:00
a3fccc41-bb5f-47e4-a23d-1a56324e176a,cd678fbd-e6cd-4019-a6f1-abe9ba5e2d1a,da845e7d-fedd-47ac-b12d-fb734b6449eb,da845e7d-fedd-47ac-b12d-fb734b6449eb,5e76f2ad-b087-4dc4-9d25-73e3e0503036,2026-10-28,scheduled,,,,automatic,2026-09-03 13:37:00,2026-09-03 13:37:00
e0794a47-6333-45e6-b46c-9e08812013bd,4758f904-0592-419e-9bbf-4fe8494d3740,da845e7d-fedd-47ac-b12d-fb734b6449eb,da845e7d-fedd-47ac-b12d-fb734b6449eb,5e76f2ad-b087-4dc4-9d25-73e3e0503036,2026-05-14,visited,,,,automatic,2026-04-17 12:07:00,2026-05-14 14:33:00
a59617d0-0bdb-462c-bc1c-7a74dd4fb2ec,4758f904-0592-419e-9bbf-4fe8494d3740,da845e7d-fedd-47ac-b12d-fb734b6449eb,da845e7d-fedd-47ac-b12d-fb734b6449eb,e18956f3-25d3-4ad3-9e29-e476c974b1e2,2026-06-09,visited,,,,automatic,2026-05-14 15:39:00,2026-06-09 14:38:00
6439dbe3-7cd6-42bf-9973-1b7fcb069133,4758f904-0592-419e-9bbf-4fe8494d3740,da845e7d-fedd-47ac-b12d-fb734b6449eb,da845e7d-fedd-47ac-b12d-fb734b6449eb,5e76f2ad-b087-4dc4-9d25-73e3e0503036,2026-06-22,scheduled,,2026-06-25,,automatic,2026-06-09 11:42:00,2026-06-09 11:42:00
89e2b3ac-89ac-49af-b247-04385f3487ca,332a1cc3-4d85-4187-9ff8-5f1eade860a3,552564e7-84a4-4534-acfd-938092f72643,552564e7-84a4-4534-acfd-938092f72643,c762646d-3ec2-420a-956d-f1b73ea05187,2024-12-29,visited,,,,automatic,2024-11-28 09:58:00,2024-12-28 13:37:00
c48894be-53b7-4ae8-b8e9-09ae4194a933,332a1cc3-4d85-4187-9ff8-5f1eade860a3,552564e7-84a4-4534-acfd-938092f72643,552564e7-84a4-4534-acfd-938092f72643,0035c5bf-742a-4ff6-9e23-941764d58bb9,2025-01-28,visited,,,,automatic,2024-12-28 13:57:00,2025-01-28 13:21:00
f452f6f4-6c36-4b5d-8daa-db36e8117bb3,332a1cc3-4d85-4187-9ff8-5f1eade860a3,552564e7-84a4-4534-acfd-938092f72643,552564e7-84a4-4534-acfd-938092f72643,213c0975-3815-4ea4-ba67-23c54c2546da,2025-02-24,scheduled,,2025-02-27,True,automatic,2025-01-28 08:50:00,2025-01-28 08:50:00
5f3aa53d-758a-44c1-8bd2-3a2102698bdd,7af21e3c-9f72-4836-a5ff-2ed2ab4adc91,5f213a58-b179-42d7-9c05-e29474526e82,5f213a58-b179-42d7-9c05-e29474526e82,b302ab11-03e4-4bae-be36-6ec2662f7fc9,2025-03-15,visited,,,,automatic,2025-02-14 11:19:00,2025-03-17 09:22:00
cebee243-311a-4a23-b78b-4446ce776a0a,7af21e3c-9f72-4836-a5ff-2ed2ab4adc91,5f213a58-b179-42d7-9c05-e29474526e82,5f213a58-b179-42d7-9c05-e29474526e82,8e0d0bd7-32bc-44e0-8bb3-7f4f4b13cf78,2025-04-13,visited,,,,automatic,2025-03-17 15:35:00,2025-04-13 11:30:00
1cd5af54-cc5a-4dfd-8ab4-0c01f4ea939f,7af21e3c-9f72-4836-a5ff-2ed2ab4adc91,5f213a58-b179-42d7-9c05-e29474526e82,5f213a58-b179-42d7-9c05-e29474526e82,b302ab11-03e4-4bae-be36-6ec2662f7fc9,2025-05-13,visited,,,,automatic,2025-04-13 14:11:00,2025-05-13 08:25:00
ec0e1179-dba1-4ff9-aca6-47b4bb29908b,7af21e3c-9f72-4836-a5ff-2ed2ab4adc91,5f213a58-b179-42d7-9c05-e29474526e82,5f213a58-b179-42d7-9c05-e29474526e82,8e0d0bd7-32bc-44e0-8bb3-7f4f4b13cf78,2025-06-08,visited,,2025-06-11,,automatic,2025-05-13 08:52:00,2025-07-14 11:17:00
6400da37-3328-4299-be60-c8042afec8a7,7af21e3c-9f72-4836-a5ff-2ed2ab4adc91,5f213a58-b179-42d7-9c05-e29474526e82,5f213a58-b179-42d7-9c05-e29474526e82,8e0d0bd7-32bc-44e0-8bb3-7f4f4b13cf78,2025-08-12,visited,,,,automatic,2025-07-14 11:42:00,2025-08-12 13:26:00
bf38f044-f47b-43f8-81d1-2e5f3ec00f2e,7af21e3c-9f72-4836-a5ff-2ed2ab4adc91,5f213a58-b179-42d7-9c05-e29474526e82,5f213a58-b179-42d7-9c05-e29474526e82,8e0d0bd7-32bc-44e0-8bb3-7f4f4b13cf78,2025-08-28,visited,,,,automatic,2025-08-12 14:52:00,2025-08-28 15:51:00
7a6d560f-e40d-497c-b6ad-738efbefc4ef,7af21e3c-9f72-4836-a5ff-2ed2ab4adc91,5f213a58-b179-42d7-9c05-e29474526e82,5f213a58-b179-42d7-9c05-e29474526e82,406a76ac-2a9d-4982-b6f8-1efb7296c6c0,2025-09-14,visited,,,,automatic,2025-08-28 14:16:00,2025-09-14 14:08:00
9c6cbb69-193d-45c2-8df2-413284ec73ae,7af21e3c-9f72-4836-a5ff-2ed2ab4adc91,5f213a58-b179-42d7-9c05-e29474526e82,5f213a58-b179-42d7-9c05-e29474526e82,8e0d0bd7-32bc-44e0-8bb3-7f4f4b13cf78,2025-11-12,scheduled,,2025-11-26,,automatic,2025-09-14 14:17:00,2025-09-14 14:17:00
e20fe816-51f5-4ce5-9c41-ecb85e3b07c1,c91ecc9c-f176-4f5c-90f9-561c5bc76492,906096d6-f0f6-4da5-9c19-dc403afb4bb8,906096d6-f0f6-4da5-9c19-dc403afb4bb8,8cc3bb69-3add-47d5-9cd2-8cff31252948,2025-05-11,visited,,,,automatic,2025-04-10 15:23:00,2025-05-12 10:11:00
c67db2cd-184b-4aa7-a61c-0315b789be3f,c91ecc9c-f176-4f5c-90f9-561c5bc76492,906096d6-f0f6-4da5-9c19-dc403afb4bb8,906096d6-f0f6-4da5-9c19-dc403afb4bb8,8cc3bb69-3add-47d5-9cd2-8cff31252948,2025-06-06,visited,,,,automatic,2025-05-12 11:29:00,2025-06-08 09:29:00
4aab6d60-b69d-475e-bf4b-00a7f5cf2c5d,c91ecc9c-f176-4f5c-90f9-561c5bc76492,906096d6-f0f6-4da5-9c19-dc403afb4bb8,906096d6-f0f6-4da5-9c19-dc403afb4bb8,9bae34d8-d312-48ce-9bbf-17fa6222b3f6,2025-06-22,visited,,,,automatic,2025-06-08 14:10:00,2025-06-22 09:30:00
07613ffc-a59a-42c7-a06d-45031630b703,c91ecc9c-f176-4f5c-90f9-561c5bc76492,906096d6-f0f6-4da5-9c19-dc403afb4bb8,906096d6-f0f6-4da5-9c19-dc403afb4bb8,9bae34d8-d312-48ce-9bbf-17fa6222b3f6,2025-09-11,visited,,,,automatic,2025-06-22 15:17:00,2025-09-11 14:57:00
e76f8e66-6427-404e-b97c-adf9cd464cb2,c91ecc9c-f176-4f5c-90f9-561c5bc76492,906096d6-f0f6-4da5-9c19-dc403afb4bb8,906096d6-f0f6-4da5-9c19-dc403afb4bb8,b0715258-4719-4ce5-8a85-03ccda2c376c,2025-12-02,visited,,,,automatic,2025-09-11 09:40:00,2025-12-04 13:01:00
944c8542-4136-40e4-82b2-92e094f08a28,c91ecc9c-f176-4f5c-90f9-561c5bc76492,906096d6-f0f6-4da5-9c19-dc403afb4bb8,906096d6-f0f6-4da5-9c19-dc403afb4bb8,b0715258-4719-4ce5-8a85-03ccda2c376c,2026-01-31,visited,,,,automatic,2025-12-04 12:12:00,2026-01-31 13:33:00
ad939831-b4e4-454f-820a-fb3872a9ef81,c91ecc9c-f176-4f5c-90f9-561c5bc76492,906096d6-f0f6-4da5-9c19-dc403afb4bb8,906096d6-f0f6-4da5-9c19-dc403afb4bb8,9bae34d8-d312-48ce-9bbf-17fa6222b3f6,2026-02-26,visited,,,,automatic,2026-01-31 15:45:00,2026-02-27 09:27:00
b8ada10e-f317-4aca-8bf7-1c935686f7de,c91ecc9c-f176-4f5c-90f9-561c5bc76492,906096d6-f0f6-4da5-9c19-dc403afb4bb8,906096d6-f0f6-4da5-9c19-dc403afb4bb8,b0715258-4719-4ce5-8a85-03ccda2c376c,2026-05-25,visited,,,,automatic,2026-02-27 09:04:00,2026-05-25 09:04:00
737bb649-6dce-4f5a-97d9-ccf6f893093e,c91ecc9c-f176-4f5c-90f9-561c5bc76492,906096d6-f0f6-4da5-9c19-dc403afb4bb8,906096d6-f0f6-4da5-9c19-dc403afb4bb8,9bae34d8-d312-48ce-9bbf-17fa6222b3f6,2026-06-23,visited,,,,automatic,2026-05-25 13:38:00,2026-06-23 14:40:00
c726cc5e-de33-4d8a-9dc1-787c2ef45453,c91ecc9c-f176-4f5c-90f9-561c5bc76492,906096d6-f0f6-4da5-9c19-dc403afb4bb8,906096d6-f0f6-4da5-9c19-dc403afb4bb8,9bae34d8-d312-48ce-9bbf-17fa6222b3f6,2026-08-18,visited,,,,automatic,2026-06-23 08:35:00,2026-08-17 13:07:00
a3855aca-e8b2-4c93-9b33-f9599882827a,c91ecc9c-f176-4f5c-90f9-561c5bc76492,906096d6-f0f6-4da5-9c19-dc403afb4bb8,906096d6-f0f6-4da5-9c19-dc403afb4bb8,8cc3bb69-3add-47d5-9cd2-8cff31252948,2026-09-16,scheduled,,2026-09-19,,automatic,2026-08-17 12:03:00,2026-08-17 12:03:00
b189f68f-bffb-44f6-8bea-91078fd1cab9,52fb208f-9236-4abc-a5af-86e1791db2ca,552564e7-84a4-4534-acfd-938092f72643,552564e7-84a4-4534-acfd-938092f72643,0035c5bf-742a-4ff6-9e23-941764d58bb9,2025-01-09,scheduled,,2025-01-12,,automatic,2024-12-11 14:55:00,2024-12-11 14:55:00
9c2d90a5-c5b2-431f-b75b-dfbd1fbd3c33,8ce72098-cf82-4b5c-b4bb-593ec7d595b0,552564e7-84a4-4534-acfd-938092f72643,552564e7-84a4-4534-acfd-938092f72643,213c0975-3815-4ea4-ba67-23c54c2546da,2025-08-12,visited,,,,automatic,2025-07-27 11:33:00,2025-08-12 15:58:00
88668358-50cf-4455-89dd-83968bd77dea,8ce72098-cf82-4b5c-b4bb-593ec7d595b0,552564e7-84a4-4534-acfd-938092f72643,552564e7-84a4-4534-acfd-938092f72643,213c0975-3815-4ea4-ba67-23c54c2546da,2025-09-09,visited,,,,automatic,2025-08-12 10:53:00,2025-09-09 08:00:00
16d9d7ed-62ba-4c56-a403-a10036a8df43,8ce72098-cf82-4b5c-b4bb-593ec7d595b0,552564e7-84a4-4534-acfd-938092f72643,552564e7-84a4-4534-acfd-938092f72643,448fb26c-4d06-4d9f-a11d-a2745fb4d4c6,2025-10-04,visited,,,,automatic,2025-09-09 09:04:00,2025-10-04 09:07:00
6bf25e98-6db1-4064-a106-d594f759bb6c,8ce72098-cf82-4b5c-b4bb-593ec7d595b0,552564e7-84a4-4534-acfd-938092f72643,552564e7-84a4-4534-acfd-938092f72643,19f2d2b9-737d-4029-8250-945229084df8,2025-10-31,visited,,,,automatic,2025-10-04 11:07:00,2025-10-31 09:47:00
bc114c0e-35cf-4418-9723-c83e7ae21fda,8ce72098-cf82-4b5c-b4bb-593ec7d595b0,552564e7-84a4-4534-acfd-938092f72643,552564e7-84a4-4534-acfd-938092f72643,0035c5bf-742a-4ff6-9e23-941764d58bb9,2025-11-25,visited,,,,automatic,2025-10-31 12:43:00,2025-11-26 09:20:00
fd9b2647-bf0e-4555-aac2-fa202ae9c4d3,8ce72098-cf82-4b5c-b4bb-593ec7d595b0,552564e7-84a4-4534-acfd-938092f72643,552564e7-84a4-4534-acfd-938092f72643,448fb26c-4d06-4d9f-a11d-a2745fb4d4c6,2025-12-21,visited,,,,automatic,2025-11-26 12:49:00,2025-12-21 11:02:00
40718006-7786-4862-9fc0-77ca5fb29adb,8ce72098-cf82-4b5c-b4bb-593ec7d595b0,552564e7-84a4-4534-acfd-938092f72643,552564e7-84a4-4534-acfd-938092f72643,c762646d-3ec2-420a-956d-f1b73ea05187,2026-01-15,visited,,,,automatic,2025-12-21 08:03:00,2026-01-17 12:26:00
e77c2d56-e382-4332-b6c8-1c70caa8e1be,8ce72098-cf82-4b5c-b4bb-593ec7d595b0,552564e7-84a4-4534-acfd-938092f72643,552564e7-84a4-4534-acfd-938092f72643,19f2d2b9-737d-4029-8250-945229084df8,2026-02-02,visited,,2026-02-05,,automatic,2026-01-17 13:19:00,2026-04-14 10:28:00
a317be7d-8adf-499e-a331-1053ce3cfeb6,8ce72098-cf82-4b5c-b4bb-593ec7d595b0,552564e7-84a4-4534-acfd-938092f72643,552564e7-84a4-4534-acfd-938092f72643,f3161305-31e6-47c0-8597-e00f4ddec847,2026-05-13,visited,,,,automatic,2026-04-14 13:04:00,2026-05-10 10:52:00
c1f5f4db-ff34-4d54-bd02-84f888583eb5,8ce72098-cf82-4b5c-b4bb-593ec7d595b0,552564e7-84a4-4534-acfd-938092f72643,552564e7-84a4-4534-acfd-938092f72643,0035c5bf-742a-4ff6-9e23-941764d58bb9,2026-06-06,visited,,,,automatic,2026-05-10 14:08:00,2026-06-08 11:02:00
8d34aa21-513a-4932-9c7d-1a9e5dabc79f,8ce72098-cf82-4b5c-b4bb-593ec7d595b0,552564e7-84a4-4534-acfd-938092f72643,552564e7-84a4-4534-acfd-938092f72643,c762646d-3ec2-420a-956d-f1b73ea05187,2026-07-04,visited,,2026-07-07,,automatic,2026-06-08 10:26:00,2026-07-18 13:44:00
52064c71-ef35-42c0-8897-c172cc6189b8,8ce72098-cf82-4b5c-b4bb-593ec7d595b0,552564e7-84a4-4534-acfd-938092f72643,552564e7-84a4-4534-acfd-938092f72643,213c0975-3815-4ea4-ba67-23c54c2546da,2026-08-17,visited,,2026-08-20,,automatic,2026-07-18 12:17:00,2026-09-01 10:51:00
c207db18-ca87-43c8-a962-9110557218e5,8ce72098-cf82-4b5c-b4bb-593ec7d595b0,552564e7-84a4-4534-acfd-938092f72643,552564e7-84a4-4534-acfd-938092f72643,f3161305-31e6-47c0-8597-e00f4ddec847,2026-09-28,scheduled,,,,automatic,2026-09-01 10:28:00,2026-09-01 10:28:00
afac5a5f-c379-4de9-8e22-fdf8f4c9657e,402f1ace-72bc-4d75-8f25-45a5b200b9e5,da845e7d-fedd-47ac-b12d-fb734b6449eb,da845e7d-fedd-47ac-b12d-fb734b6449eb,e18956f3-25d3-4ad3-9e29-e476c974b1e2,2026-04-01,visited,,2026-04-04,True,automatic,2026-03-03 10:32:00,2026-05-28 11:03:00
26191e56-df02-452b-8cc3-58ea8322ae8f,402f1ace-72bc-4d75-8f25-45a5b200b9e5,da845e7d-fedd-47ac-b12d-fb734b6449eb,da845e7d-fedd-47ac-b12d-fb734b6449eb,5e76f2ad-b087-4dc4-9d25-73e3e0503036,2026-06-22,visited,,2026-06-25,True,automatic,2026-05-28 15:22:00,2026-08-26 13:17:00
6f5f7638-fc00-478b-8ec6-13c3c7cf3a22,402f1ace-72bc-4d75-8f25-45a5b200b9e5,da845e7d-fedd-47ac-b12d-fb734b6449eb,da845e7d-fedd-47ac-b12d-fb734b6449eb,5e76f2ad-b087-4dc4-9d25-73e3e0503036,2026-09-25,scheduled,,2026-09-28,,automatic,2026-08-26 14:04:00,2026-08-26 14:04:00
ddc9d594-9bf4-4c3b-b8c8-d7cac594a72f,1498780b-ebd0-472f-a20f-17e28419eeef,da845e7d-fedd-47ac-b12d-fb734b6449eb,da845e7d-fedd-47ac-b12d-fb734b6449eb,5e76f2ad-b087-4dc4-9d25-73e3e0503036,2026-08-12,visited,,,,automatic,2026-08-01 14:09:00,2026-08-12 12:32:00
697b889b-033b-4f38-a93b-c4fdf8bc9829,1498780b-ebd0-472f-a20f-17e28419eeef,da845e7d-fedd-47ac-b12d-fb734b6449eb,da845e7d-fedd-47ac-b12d-fb734b6449eb,5e76f2ad-b087-4dc4-9d25-73e3e0503036,2026-09-10,visited,,,,automatic,2026-08-12 09:37:00,2026-09-10 08:42:00
0e28ddc9-1418-413c-a8ee-04415f089f98,1498780b-ebd0-472f-a20f-17e28419eeef,da845e7d-fedd-47ac-b12d-fb734b6449eb,da845e7d-fedd-47ac-b12d-fb734b6449eb,447e99c5-592b-43d3-805b-eb75f1251d2a,2026-09-26,scheduled,,,,automatic,2026-09-10 08:58:00,2026-09-10 08:58:00
505f6d56-1e7a-4475-bb51-d3d2409af5ec,a6594ef3-b2de-43a1-880d-736c0f8e74a6,906096d6-f0f6-4da5-9c19-dc403afb4bb8,906096d6-f0f6-4da5-9c19-dc403afb4bb8,9bae34d8-d312-48ce-9bbf-17fa6222b3f6,2024-11-19,visited,,,,automatic,2024-10-23 08:00:00,2024-11-22 13:29:00
6a2e214a-7702-4b0c-975c-2210185eb058,a6594ef3-b2de-43a1-880d-736c0f8e74a6,906096d6-f0f6-4da5-9c19-dc403afb4bb8,906096d6-f0f6-4da5-9c19-dc403afb4bb8,9bae34d8-d312-48ce-9bbf-17fa6222b3f6,2024-12-17,visited,,,,automatic,2024-11-22 15:59:00,2024-12-17 15:38:00
455d327d-942c-439d-9234-e51f57a0871c,a6594ef3-b2de-43a1-880d-736c0f8e74a6,906096d6-f0f6-4da5-9c19-dc403afb4bb8,906096d6-f0f6-4da5-9c19-dc403afb4bb8,9bae34d8-d312-48ce-9bbf-17fa6222b3f6,2025-03-08,visited,,,,automatic,2024-12-17 11:26:00,2025-03-08 10:18:00
13a1df25-8148-40ff-b3fc-4bbe29e72b92,a6594ef3-b2de-43a1-880d-736c0f8e74a6,906096d6-f0f6-4da5-9c19-dc403afb4bb8,906096d6-f0f6-4da5-9c19-dc403afb4bb8,8cc3bb69-3add-47d5-9cd2-8cff31252948,2025-04-08,visited,,,,automatic,2025-03-08 14:12:00,2025-04-15 13:44:00
e372d21d-bda2-4be1-8ef4-bdbc735a9fd5,a6594ef3-b2de-43a1-880d-736c0f8e74a6,906096d6-f0f6-4da5-9c19-dc403afb4bb8,906096d6-f0f6-4da5-9c19-dc403afb4bb8,9bae34d8-d312-48ce-9bbf-17fa6222b3f6,2025-06-11,visited,,2025-06-14,,automatic,2025-04-15 13:59:00,2025-10-30 13:17:00
43fcba98-889f-4ea5-aeb4-998b1262f682,a6594ef3-b2de-43a1-880d-736c0f8e74a6,906096d6-f0f6-4da5-9c19-dc403afb4bb8,906096d6-f0f6-4da5-9c19-dc403afb4bb8,9bae34d8-d312-48ce-9bbf-17fa6222b3f6,2026-01-25,visited,,,,automatic,2025-10-30 08:41:00,2026-01-25 11:35:00
a30ebb1f-966d-4683-9b48-90af9426fd8d,a6594ef3-b2de-43a1-880d-736c0f8e74a6,906096d6-f0f6-4da5-9c19-dc403afb4bb8,906096d6-f0f6-4da5-9c19-dc403afb4bb8,8cc3bb69-3add-47d5-9cd2-8cff31252948,2026-03-22,visited,,,,automatic,2026-01-25 15:15:00,2026-03-21 08:22:00
28aa283b-900a-4416-8bd9-9a8a0fda97a9,a6594ef3-b2de-43a1-880d-736c0f8e74a6,906096d6-f0f6-4da5-9c19-dc403afb4bb8,906096d6-f0f6-4da5-9c19-dc403afb4bb8,9bae34d8-d312-48ce-9bbf-17fa6222b3f6,2026-04-21,visited,,,,automatic,2026-03-21 11:19:00,2026-04-24 09:22:00
48382737-248c-4bdc-a014-a5e20383da08,a6594ef3-b2de-43a1-880d-736c0f8e74a6,906096d6-f0f6-4da5-9c19-dc403afb4bb8,906096d6-f0f6-4da5-9c19-dc403afb4bb8,9bae34d8-d312-48ce-9bbf-17fa6222b3f6,2026-06-19,visited,,,,automatic,2026-04-24 08:11:00,2026-06-19 13:12:00
d64656b2-c2c3-4c63-a382-370d534c96cb,a6594ef3-b2de-43a1-880d-736c0f8e74a6,906096d6-f0f6-4da5-9c19-dc403afb4bb8,906096d6-f0f6-4da5-9c19-dc403afb4bb8,8cc3bb69-3add-47d5-9cd2-8cff31252948,2026-08-13,visited,,,,automatic,2026-06-19 09:34:00,2026-08-13 15:37:00
15efb959-1649-474b-8d49-982241547f82,a6594ef3-b2de-43a1-880d-736c0f8e74a6,906096d6-f0f6-4da5-9c19-dc403afb4bb8,906096d6-f0f6-4da5-9c19-dc403afb4bb8,8cc3bb69-3add-47d5-9cd2-8cff31252948,2026-09-12,visited,,,,automatic,2026-08-13 14:11:00,2026-09-12 08:17:00
5cd778ed-31f6-4a24-a603-30c9438cd26e,a6594ef3-b2de-43a1-880d-736c0f8e74a6,906096d6-f0f6-4da5-9c19-dc403afb4bb8,906096d6-f0f6-4da5-9c19-dc403afb4bb8,b0715258-4719-4ce5-8a85-03ccda2c376c,2026-10-12,scheduled,,,,automatic,2026-09-12 12:40:00,2026-09-12 12:40:00
59f56593-3742-4a18-957a-f65342f40bf6,a8621829-391c-4ecc-aa5a-36dc877cb654,ffe42279-f3bd-4683-a6a8-52c1bb9651f3,ffe42279-f3bd-4683-a6a8-52c1bb9651f3,4519b91f-242d-4e4d-ae0c-da1f0c701874,2026-04-22,visited,,,,automatic,2026-03-23 13:08:00,2026-04-22 12:08:00
3c8ff985-448f-47a7-a71c-ca4ad39bb0ca,a8621829-391c-4ecc-aa5a-36dc877cb654,ffe42279-f3bd-4683-a6a8-52c1bb9651f3,ffe42279-f3bd-4683-a6a8-52c1bb9651f3,4519b91f-242d-4e4d-ae0c-da1f0c701874,2026-05-21,visited,,,,automatic,2026-04-22 10:07:00,2026-05-21 15:36:00
832efa76-53f6-4cee-b72e-afcdca46acc3,a8621829-391c-4ecc-aa5a-36dc877cb654,ffe42279-f3bd-4683-a6a8-52c1bb9651f3,ffe42279-f3bd-4683-a6a8-52c1bb9651f3,353297dd-2e3c-46c0-a49c-7fd69ac2c389,2026-06-18,scheduled,,2026-06-21,,automatic,2026-05-21 10:26:00,2026-05-21 10:26:00
ec07764b-ff22-4918-8c1c-4a51c19b413d,573b4735-c6a0-45d9-adbd-aa2e7af0cf84,552564e7-84a4-4534-acfd-938092f72643,552564e7-84a4-4534-acfd-938092f72643,448fb26c-4d06-4d9f-a11d-a2745fb4d4c6,2025-02-04,visited,,,,automatic,2025-01-10 14:55:00,2025-02-04 12:02:00
8f6245fc-9bdd-47ff-ae65-d6483a67a141,573b4735-c6a0-45d9-adbd-aa2e7af0cf84,552564e7-84a4-4534-acfd-938092f72643,552564e7-84a4-4534-acfd-938092f72643,0035c5bf-742a-4ff6-9e23-941764d58bb9,2025-02-16,visited,,,,automatic,2025-02-04 15:22:00,2025-02-13 15:05:00
21ec9a14-3ee5-487c-818a-81611703f998,573b4735-c6a0-45d9-adbd-aa2e7af0cf84,552564e7-84a4-4534-acfd-938092f72643,552564e7-84a4-4534-acfd-938092f72643,f3161305-31e6-47c0-8597-e00f4ddec847,2025-02-28,visited,,,,automatic,2025-02-13 15:02:00,2025-02-28 13:39:00
a2841ba9-c4cd-4d53-bab6-a449e9e09b1b,573b4735-c6a0-45d9-adbd-aa2e7af0cf84,552564e7-84a4-4534-acfd-938092f72643,552564e7-84a4-4534-acfd-938092f72643,0035c5bf-742a-4ff6-9e23-941764d58bb9,2025-03-26,visited,,,,automatic,2025-02-28 12:55:00,2025-03-26 13:26:00
9382c797-e8c5-444c-9a18-d31efe8b981d,573b4735-c6a0-45d9-adbd-aa2e7af0cf84,552564e7-84a4-4534-acfd-938092f72643,552564e7-84a4-4534-acfd-938092f72643,c762646d-3ec2-420a-956d-f1b73ea05187,2025-05-22,visited,,,,automatic,2025-03-26 12:22:00,2025-05-22 13:01:00
39d612dc-93ca-416e-989e-afa882a3605d,573b4735-c6a0-45d9-adbd-aa2e7af0cf84,552564e7-84a4-4534-acfd-938092f72643,552564e7-84a4-4534-acfd-938092f72643,213c0975-3815-4ea4-ba67-23c54c2546da,2025-06-22,visited,,,,automatic,2025-05-22 15:20:00,2025-06-21 10:28:00
fb700440-69e5-493a-9e1d-fdcbdda34f4d,573b4735-c6a0-45d9-adbd-aa2e7af0cf84,552564e7-84a4-4534-acfd-938092f72643,552564e7-84a4-4534-acfd-938092f72643,0035c5bf-742a-4ff6-9e23-941764d58bb9,2025-07-05,visited,,,,automatic,2025-06-21 08:09:00,2025-07-05 10:11:00
0361a8f4-42f1-49f2-b698-430710c6472f,573b4735-c6a0-45d9-adbd-aa2e7af0cf84,552564e7-84a4-4534-acfd-938092f72643,552564e7-84a4-4534-acfd-938092f72643,19f2d2b9-737d-4029-8250-945229084df8,2025-09-01,visited,,,,automatic,2025-07-05 08:16:00,2025-09-01 14:21:00
572d7bc8-2fb5-4d07-bed5-a83bc257f73a,573b4735-c6a0-45d9-adbd-aa2e7af0cf84,552564e7-84a4-4534-acfd-938092f72643,552564e7-84a4-4534-acfd-938092f72643,c762646d-3ec2-420a-956d-f1b73ea05187,2025-11-25,visited,,,,automatic,2025-09-01 13:08:00,2025-11-25 13:08:00
a5f0473b-f846-4048-8926-230518310d20,573b4735-c6a0-45d9-adbd-aa2e7af0cf84,552564e7-84a4-4534-acfd-938092f72643,552564e7-84a4-4534-acfd-938092f72643,0035c5bf-742a-4ff6-9e23-941764d58bb9,2026-01-23,visited,,,,automatic,2025-11-25 11:57:00,2026-01-23 15:58:00
fd08a516-54d8-4f20-8a7d-b00ead20e72f,573b4735-c6a0-45d9-adbd-aa2e7af0cf84,552564e7-84a4-4534-acfd-938092f72643,552564e7-84a4-4534-acfd-938092f72643,448fb26c-4d06-4d9f-a11d-a2745fb4d4c6,2026-02-20,visited,,,,automatic,2026-01-23 09:23:00,2026-02-23 09:16:00
7fc13523-97d1-42c4-8c99-af7485b83263,573b4735-c6a0-45d9-adbd-aa2e7af0cf84,552564e7-84a4-4534-acfd-938092f72643,552564e7-84a4-4534-acfd-938092f72643,213c0975-3815-4ea4-ba67-23c54c2546da,2026-04-19,visited,,,,automatic,2026-02-23 10:11:00,2026-04-19 11:21:00
23318884-4934-4171-9a6f-7b6066a10a9e,573b4735-c6a0-45d9-adbd-aa2e7af0cf84,552564e7-84a4-4534-acfd-938092f72643,552564e7-84a4-4534-acfd-938092f72643,448fb26c-4d06-4d9f-a11d-a2745fb4d4c6,2026-07-13,scheduled,,2026-07-16,True,automatic,2026-04-19 09:11:00,2026-04-19 09:11:00
9304e1b2-9115-4c90-a03c-989bb5393ab5,78840e34-8bc7-4855-a250-54dbfc04c791,906096d6-f0f6-4da5-9c19-dc403afb4bb8,906096d6-f0f6-4da5-9c19-dc403afb4bb8,b0715258-4719-4ce5-8a85-03ccda2c376c,2025-06-28,visited,,,,automatic,2025-06-01 12:29:00,2025-06-28 14:24:00
b3f4ab37-dc29-44da-a347-10d6de619245,78840e34-8bc7-4855-a250-54dbfc04c791,906096d6-f0f6-4da5-9c19-dc403afb4bb8,906096d6-f0f6-4da5-9c19-dc403afb4bb8,8cc3bb69-3add-47d5-9cd2-8cff31252948,2025-07-29,visited,,2025-08-14,,automatic,2025-06-28 14:28:00,2025-08-25 12:49:00
3c3df660-aeaa-43f7-a714-cfb54efba901,78840e34-8bc7-4855-a250-54dbfc04c791,906096d6-f0f6-4da5-9c19-dc403afb4bb8,906096d6-f0f6-4da5-9c19-dc403afb4bb8,b0715258-4719-4ce5-8a85-03ccda2c376c,2025-09-20,visited,,,,automatic,2025-08-25 09:48:00,2025-09-20 15:54:00
33eda500-11b4-4da7-9704-ba9ac2ab748e,78840e34-8bc7-4855-a250-54dbfc04c791,906096d6-f0f6-4da5-9c19-dc403afb4bb8,906096d6-f0f6-4da5-9c19-dc403afb4bb8,8cc3bb69-3add-47d5-9cd2-8cff31252948,2025-11-17,visited,,,,automatic,2025-09-20 09:47:00,2025-11-17 15:22:00
71bc3659-152f-43a9-89cf-9fd39e2e2380,78840e34-8bc7-4855-a250-54dbfc04c791,906096d6-f0f6-4da5-9c19-dc403afb4bb8,906096d6-f0f6-4da5-9c19-dc403afb4bb8,b0715258-4719-4ce5-8a85-03ccda2c376c,2025-12-13,visited,,,,automatic,2025-11-17 11:28:00,2025-12-13 12:19:00
b3a18c50-d4cc-459f-a9c6-47334953ac5a,78840e34-8bc7-4855-a250-54dbfc04c791,906096d6-f0f6-4da5-9c19-dc403afb4bb8,906096d6-f0f6-4da5-9c19-dc403afb4bb8,b0715258-4719-4ce5-8a85-03ccda2c376c,2025-12-27,visited,,2025-12-30,True,automatic,2025-12-13 09:33:00,2026-01-13 13:18:00
9bd69a14-e6a2-431b-bc18-cba38388fd03,78840e34-8bc7-4855-a250-54dbfc04c791,906096d6-f0f6-4da5-9c19-dc403afb4bb8,906096d6-f0f6-4da5-9c19-dc403afb4bb8,b0715258-4719-4ce5-8a85-03ccda2c376c,2026-02-12,visited,,2026-02-24,,automatic,2026-01-13 13:12:00,2026-07-14 10:23:00
8528a186-f0d2-4729-91f9-d80bd87e933b,78840e34-8bc7-4855-a250-54dbfc04c791,906096d6-f0f6-4da5-9c19-dc403afb4bb8,906096d6-f0f6-4da5-9c19-dc403afb4bb8,b0715258-4719-4ce5-8a85-03ccda2c376c,2026-08-14,visited,,,,automatic,2026-07-14 12:03:00,2026-08-14 14:27:00
4b1b8c64-3137-498d-9d04-73c76ac5fb19,78840e34-8bc7-4855-a250-54dbfc04c791,906096d6-f0f6-4da5-9c19-dc403afb4bb8,906096d6-f0f6-4da5-9c19-dc403afb4bb8,9bae34d8-d312-48ce-9bbf-17fa6222b3f6,2026-09-14,scheduled,,2026-09-17,,automatic,2026-08-14 11:28:00,2026-08-14 11:28:00
95bcd43a-f861-43ff-8f15-e158a83e0b2f,e5985ab6-c2fc-4c54-b53e-8555d7b8b868,ffe42279-f3bd-4683-a6a8-52c1bb9651f3,ffe42279-f3bd-4683-a6a8-52c1bb9651f3,4519b91f-242d-4e4d-ae0c-da1f0c701874,2024-11-08,visited,,,,automatic,2024-10-25 11:36:00,2024-11-05 08:20:00
f07ea4e3-5fae-4111-bc74-2c1839ccb5ab,e5985ab6-c2fc-4c54-b53e-8555d7b8b868,ffe42279-f3bd-4683-a6a8-52c1bb9651f3,ffe42279-f3bd-4683-a6a8-52c1bb9651f3,246dee45-3351-44d3-8a3a-ca414c46c168,2024-12-06,visited,,,,automatic,2024-11-05 15:13:00,2024-12-06 14:49:00
fccac91b-58e2-4f45-8e15-ba5810bed86d,e5985ab6-c2fc-4c54-b53e-8555d7b8b868,ffe42279-f3bd-4683-a6a8-52c1bb9651f3,ffe42279-f3bd-4683-a6a8-52c1bb9651f3,353297dd-2e3c-46c0-a49c-7fd69ac2c389,2025-01-28,visited,,,,automatic,2024-12-06 11:24:00,2025-01-28 12:07:00
935045bb-720b-4e30-835a-4a3a520c9ba3,e5985ab6-c2fc-4c54-b53e-8555d7b8b868,ffe42279-f3bd-4683-a6a8-52c1bb9651f3,ffe42279-f3bd-4683-a6a8-52c1bb9651f3,cd18ec08-f6a4-4724-926f-acd2aeb0daf2,2025-02-27,visited,,,,automatic,2025-01-28 13:51:00,2025-02-26 09:03:00
674ae148-0b10-4c79-9117-a2c4b5b5ed02,e5985ab6-c2fc-4c54-b53e-8555d7b8b868,ffe42279-f3bd-4683-a6a8-52c1bb9651f3,ffe42279-f3bd-4683-a6a8-52c1bb9651f3,353297dd-2e3c-46c0-a49c-7fd69ac2c389,2025-04-24,visited,,,,automatic,2025-02-26 08:15:00,2025-04-25 15:19:00
811495dc-8b1d-41e2-81af-6a6cafb65598,e5985ab6-c2fc-4c54-b53e-8555d7b8b868,ffe42279-f3bd-4683-a6a8-52c1bb9651f3,ffe42279-f3bd-4683-a6a8-52c1bb9651f3,353297dd-2e3c-46c0-a49c-7fd69ac2c389,2025-05-21,visited,,,,automatic,2025-04-25 08:42:00,2025-05-21 11:18:00
bc519eb2-7e56-412a-9b60-7164aec8433c,e5985ab6-c2fc-4c54-b53e-8555d7b8b868,ffe42279-f3bd-4683-a6a8-52c1bb9651f3,ffe42279-f3bd-4683-a6a8-52c1bb9651f3,4519b91f-242d-4e4d-ae0c-da1f0c701874,2025-07-15,visited,,,,automatic,2025-05-21 11:53:00,2025-07-20 14:25:00
872c46c7-3d93-407d-949e-fba8eccaaee4,e5985ab6-c2fc-4c54-b53e-8555d7b8b868,ffe42279-f3bd-4683-a6a8-52c1bb9651f3,ffe42279-f3bd-4683-a6a8-52c1bb9651f3,353297dd-2e3c-46c0-a49c-7fd69ac2c389,2025-10-11,visited,,,,automatic,2025-07-20 11:57:00,2025-10-13 11:11:00
ad6c99e6-67e7-4bea-8b02-03a25bbc3916,e5985ab6-c2fc-4c54-b53e-8555d7b8b868,ffe42279-f3bd-4683-a6a8-52c1bb9651f3,ffe42279-f3bd-4683-a6a8-52c1bb9651f3,246dee45-3351-44d3-8a3a-ca414c46c168,2025-12-06,visited,,,,automatic,2025-10-13 12:17:00,2025-12-07 11:21:00
dd5ae8d1-5d8b-4c93-94fe-4bff1738ac86,e5985ab6-c2fc-4c54-b53e-8555d7b8b868,ffe42279-f3bd-4683-a6a8-52c1bb9651f3,ffe42279-f3bd-4683-a6a8-52c1bb9651f3,cd18ec08-f6a4-4724-926f-acd2aeb0daf2,2026-02-28,visited,,,,automatic,2025-12-07 11:46:00,2026-03-01 14:59:00
2b9faf33-223e-49af-adc4-2b3f845fe0ad,e5985ab6-c2fc-4c54-b53e-8555d7b8b868,ffe42279-f3bd-4683-a6a8-52c1bb9651f3,ffe42279-f3bd-4683-a6a8-52c1bb9651f3,4519b91f-242d-4e4d-ae0c-da1f0c701874,2026-04-25,visited,,,,automatic,2026-03-01 15:58:00,2026-04-25 13:18:00
3b0c6137-c73e-4354-a2fc-00c2557221a6,e5985ab6-c2fc-4c54-b53e-8555d7b8b868,ffe42279-f3bd-4683-a6a8-52c1bb9651f3,ffe42279-f3bd-4683-a6a8-52c1bb9651f3,353297dd-2e3c-46c0-a49c-7fd69ac2c389,2026-05-22,visited,,,,automatic,2026-04-25 09:45:00,2026-05-23 10:59:00
c16e3b36-83d4-4e8a-9b77-3d42c00d1eb6,e5985ab6-c2fc-4c54-b53e-8555d7b8b868,ffe42279-f3bd-4683-a6a8-52c1bb9651f3,ffe42279-f3bd-4683-a6a8-52c1bb9651f3,cd18ec08-f6a4-4724-926f-acd2aeb0daf2,2026-06-21,visited,,,,automatic,2026-05-23 09:40:00,2026-06-21 12:24:00
4f4f994a-de44-4673-9b0b-b8bdda352506,e5985ab6-c2fc-4c54-b53e-8555d7b8b868,ffe42279-f3bd-4683-a6a8-52c1bb9651f3,ffe42279-f3bd-4683-a6a8-52c1bb9651f3,4519b91f-242d-4e4d-ae0c-da1f0c701874,2026-09-10,visited,,,,automatic,2026-06-21 09:20:00,2026-09-13 12:47:00
75c43593-e968-4d67-bc36-05f42842ded4,e5985ab6-c2fc-4c54-b53e-8555d7b8b868,ffe42279-f3bd-4683-a6a8-52c1bb9651f3,ffe42279-f3bd-4683-a6a8-52c1bb9651f3,4519b91f-242d-4e4d-ae0c-da1f0c701874,2026-11-05,scheduled,,,,automatic,2026-09-13 10:57:00,2026-09-13 10:57:00
0307f3df-ff58-4e44-bdef-b4508330c777,21217237-13aa-47ac-a886-38bf8678b2c4,552564e7-84a4-4534-acfd-938092f72643,552564e7-84a4-4534-acfd-938092f72643,f3161305-31e6-47c0-8597-e00f4ddec847,2026-09-20,scheduled,,2026-09-23,,automatic,2026-08-22 09:38:00,2026-08-22 09:38:00
33829870-4d63-48ec-9877-63bb839f23b9,c38e4ca4-0868-4e0c-83d1-9396a5c9dd1a,da845e7d-fedd-47ac-b12d-fb734b6449eb,da845e7d-fedd-47ac-b12d-fb734b6449eb,5e76f2ad-b087-4dc4-9d25-73e3e0503036,2026-07-25,visited,,,,automatic,2026-05-28 13:39:00,2026-07-25 15:58:00
bf4e99d0-36ca-4faf-81fe-98b9773478c9,c38e4ca4-0868-4e0c-83d1-9396a5c9dd1a,da845e7d-fedd-47ac-b12d-fb734b6449eb,da845e7d-fedd-47ac-b12d-fb734b6449eb,e18956f3-25d3-4ad3-9e29-e476c974b1e2,2026-08-21,visited,,2026-08-24,,automatic,2026-07-25 12:24:00,2026-08-30 10:53:00
af85138f-5487-4d4a-9bb4-e92ed68b07a8,c38e4ca4-0868-4e0c-83d1-9396a5c9dd1a,da845e7d-fedd-47ac-b12d-fb734b6449eb,da845e7d-fedd-47ac-b12d-fb734b6449eb,e18956f3-25d3-4ad3-9e29-e476c974b1e2,2026-09-24,visited,,,,automatic,2026-08-30 13:08:00,2026-09-23 15:37:00
c54ca806-0db5-4752-aec4-308a12694840,c38e4ca4-0868-4e0c-83d1-9396a5c9dd1a,da845e7d-fedd-47ac-b12d-fb734b6449eb,da845e7d-fedd-47ac-b12d-fb734b6449eb,5e76f2ad-b087-4dc4-9d25-73e3e0503036,2026-10-24,scheduled,,,,automatic,2026-09-23 12:41:00,2026-09-23 12:41:00
ae679969-1098-4e04-a38b-2414eac9a0fa,31dac15c-8e3b-4176-bc52-77172f1f0a8a,552564e7-84a4-4534-acfd-938092f72643,552564e7-84a4-4534-acfd-938092f72643,213c0975-3815-4ea4-ba67-23c54c2546da,2025-09-18,visited,,,,automatic,2025-09-03 13:35:00,2025-09-18 08:59:00
79e6e778-146f-46e9-9738-bebec1243830,31dac15c-8e3b-4176-bc52-77172f1f0a8a,552564e7-84a4-4534-acfd-938092f72643,552564e7-84a4-4534-acfd-938092f72643,213c0975-3815-4ea4-ba67-23c54c2546da,2025-10-18,visited,,,,automatic,2025-09-18 12:01:00,2025-10-18 15:58:00
f1d9dc5b-6735-42c2-b8ac-d4f7d7ca7383,31dac15c-8e3b-4176-bc52-77172f1f0a8a,552564e7-84a4-4534-acfd-938092f72643,552564e7-84a4-4534-acfd-938092f72643,0035c5bf-742a-4ff6-9e23-941764d58bb9,2025-11-12,visited,,,,automatic,2025-10-18 15:39:00,2025-11-11 14:47:00
1e8a1826-8624-4f31-a130-8ab6d34e31c9,31dac15c-8e3b-4176-bc52-77172f1f0a8a,552564e7-84a4-4534-acfd-938092f72643,552564e7-84a4-4534-acfd-938092f72643,19f2d2b9-737d-4029-8250-945229084df8,2025-12-10,visited,,2025-12-13,,automatic,2025-11-11 08:24:00,2026-02-02 13:06:00
8a9fa90c-259a-4dcd-ad93-0cdb04b03283,31dac15c-8e3b-4176-bc52-77172f1f0a8a,552564e7-84a4-4534-acfd-938092f72643,552564e7-84a4-4534-acfd-938092f72643,448fb26c-4d06-4d9f-a11d-a2745fb4d4c6,2026-02-27,visited,,2026-03-11,,automatic,2026-02-02 12:04:00,2026-07-17 14:17:00
ce718b36-bfe5-4562-a4a5-7747e73dd91a,31dac15c-8e3b-4176-bc52-77172f1f0a8a,552564e7-84a4-4534-acfd-938092f72643,552564e7-84a4-4534-acfd-938092f72643,f3161305-31e6-47c0-8597-e00f4ddec847,2026-08-14,scheduled,,2026-09-05,,automatic,2026-07-17 15:47:00,2026-07-17 15:47:00
9c5c2bce-04df-4ec8-b12e-1c91838cfe89,7b4613dd-395a-457a-b30d-f87e1d5e7c62,906096d6-f0f6-4da5-9c19-dc403afb4bb8,906096d6-f0f6-4da5-9c19-dc403afb4bb8,8cc3bb69-3add-47d5-9cd2-8cff31252948,2025-03-14,visited,,,,automatic,2025-02-26 08:18:00,2025-03-14 11:24:00
54f264a7-3c17-4765-8adc-4176911c510f,7b4613dd-395a-457a-b30d-f87e1d5e7c62,906096d6-f0f6-4da5-9c19-dc403afb4bb8,906096d6-f0f6-4da5-9c19-dc403afb4bb8,9bae34d8-d312-48ce-9bbf-17fa6222b3f6,2025-03-26,visited,,2025-04-18,,automatic,2025-03-14 10:43:00,2025-08-18 15:34:00
95c42a7f-d460-48b4-b28b-a4cf7dd5b25c,7b4613dd-395a-457a-b30d-f87e1d5e7c62,906096d6-f0f6-4da5-9c19-dc403afb4bb8,906096d6-f0f6-4da5-9c19-dc403afb4bb8,8cc3bb69-3add-47d5-9cd2-8cff31252948,2025-09-18,scheduled,,2025-10-02,,automatic,2025-08-18 10:05:00,2025-08-18 10:05:00
a8981957-236c-4519-9cc5-13ed0934c072,a335dc52-28ac-40d4-8fa9-ec161ee121ee,552564e7-84a4-4534-acfd-938092f72643,552564e7-84a4-4534-acfd-938092f72643,c762646d-3ec2-420a-956d-f1b73ea05187,2026-01-29,visited,,,,automatic,2025-12-31 11:17:00,2026-01-31 15:15:00
be066907-4783-482d-aff3-b3fcc456e0a1,a335dc52-28ac-40d4-8fa9-ec161ee121ee,552564e7-84a4-4534-acfd-938092f72643,552564e7-84a4-4534-acfd-938092f72643,448fb26c-4d06-4d9f-a11d-a2745fb4d4c6,2026-02-16,visited,,,,automatic,2026-01-31 11:14:00,2026-02-16 10:40:00
84461c0a-240f-47c1-870d-27da23914d23,a335dc52-28ac-40d4-8fa9-ec161ee121ee,552564e7-84a4-4534-acfd-938092f72643,552564e7-84a4-4534-acfd-938092f72643,c762646d-3ec2-420a-956d-f1b73ea05187,2026-03-18,scheduled,,2026-03-21,,automatic,2026-02-16 13:10:00,2026-02-16 13:10:00
82e07dfd-11fc-4b31-88f5-5808a8921c25,1e5e8eb7-4634-45aa-b6f4-85e8e46bf874,ffe42279-f3bd-4683-a6a8-52c1bb9651f3,ffe42279-f3bd-4683-a6a8-52c1bb9651f3,4519b91f-242d-4e4d-ae0c-da1f0c701874,2025-03-08,visited,,2025-03-11,,automatic,2025-02-11 08:55:00,2025-03-31 10:27:00
cb9e6ac4-c863-412f-a28a-3366dc33af92,1e5e8eb7-4634-45aa-b6f4-85e8e46bf874,ffe42279-f3bd-4683-a6a8-52c1bb9651f3,ffe42279-f3bd-4683-a6a8-52c1bb9651f3,cd18ec08-f6a4-4724-926f-acd2aeb0daf2,2025-04-28,visited,,,,automatic,2025-03-31 14:42:00,2025-04-28 13:24:00
aed4aff0-5bca-4e26-ac6f-da67455cfecd,1e5e8eb7-4634-45aa-b6f4-85e8e46bf874,ffe42279-f3bd-4683-a6a8-52c1bb9651f3,ffe42279-f3bd-4683-a6a8-52c1bb9651f3,4519b91f-242d-4e4d-ae0c-da1f0c701874,2025-05-24,visited,,,,automatic,2025-04-28 10:37:00,2025-05-24 11:22:00
25cd468b-683b-4557-9d41-a0ddcde9d9be,1e5e8eb7-4634-45aa-b6f4-85e8e46bf874,ffe42279-f3bd-4683-a6a8-52c1bb9651f3,ffe42279-f3bd-4683-a6a8-52c1bb9651f3,4519b91f-242d-4e4d-ae0c-da1f0c701874,2025-06-20,visited,,,,automatic,2025-05-24 11:05:00,2025-06-20 15:03:00
e97100b4-2abf-4101-88bb-1351f4379d4a,1e5e8eb7-4634-45aa-b6f4-85e8e46bf874,ffe42279-f3bd-4683-a6a8-52c1bb9651f3,ffe42279-f3bd-4683-a6a8-52c1bb9651f3,4519b91f-242d-4e4d-ae0c-da1f0c701874,2025-07-18,visited,,2025-07-21,,automatic,2025-06-20 12:17:00,2025-08-07 09:21:00
1d55627f-31da-45da-968c-0a4eb8170d9f,1e5e8eb7-4634-45aa-b6f4-85e8e46bf874,ffe42279-f3bd-4683-a6a8-52c1bb9651f3,ffe42279-f3bd-4683-a6a8-52c1bb9651f3,4519b91f-242d-4e4d-ae0c-da1f0c701874,2025-09-02,visited,,,,automatic,2025-08-07 12:02:00,2025-09-02 10:12:00
82269e5a-5d6b-4456-b82b-580ca319efc0,1e5e8eb7-4634-45aa-b6f4-85e8e46bf874,ffe42279-f3bd-4683-a6a8-52c1bb9651f3,ffe42279-f3bd-4683-a6a8-52c1bb9651f3,cd18ec08-f6a4-4724-926f-acd2aeb0daf2,2025-10-03,visited,,2025-10-06,True,automatic,2025-09-02 14:21:00,2025-10-23 13:15:00
5fbc82b9-9e19-4526-bab3-656228db44b5,1e5e8eb7-4634-45aa-b6f4-85e8e46bf874,ffe42279-f3bd-4683-a6a8-52c1bb9651f3,ffe42279-f3bd-4683-a6a8-52c1bb9651f3,353297dd-2e3c-46c0-a49c-7fd69ac2c389,2025-12-17,visited,,2025-12-20,,automatic,2025-10-23 15:22:00,2026-01-29 10:29:00
8eaa1e5b-f638-45f9-b122-5b849aedb35a,1e5e8eb7-4634-45aa-b6f4-85e8e46bf874,ffe42279-f3bd-4683-a6a8-52c1bb9651f3,ffe42279-f3bd-4683-a6a8-52c1bb9651f3,cd18ec08-f6a4-4724-926f-acd2aeb0daf2,2026-02-27,visited,,2026-03-02,True,automatic,2026-01-29 11:10:00,2026-03-22 15:58:00
1b2d1349-f42f-4439-9488-e339bc738a73,1e5e8eb7-4634-45aa-b6f4-85e8e46bf874,ffe42279-f3bd-4683-a6a8-52c1bb9651f3,ffe42279-f3bd-4683-a6a8-52c1bb9651f3,4519b91f-242d-4e4d-ae0c-da1f0c701874,2026-05-19,visited,,,,automatic,2026-03-22 11:22:00,2026-05-19 08:19:00
402802c1-0018-47bb-8095-c93f13d8ab32,1e5e8eb7-4634-45aa-b6f4-85e8e46bf874,ffe42279-f3bd-4683-a6a8-52c1bb9651f3,ffe42279-f3bd-4683-a6a8-52c1bb9651f3,4519b91f-242d-4e4d-ae0c-da1f0c701874,2026-07-17,visited,,,,automatic,2026-05-19 10:34:00,2026-07-17 11:10:00
47b2f7a2-4870-4a2b-a7a2-f9eefacf22f5,1e5e8eb7-4634-45aa-b6f4-85e8e46bf874,ffe42279-f3bd-4683-a6a8-52c1bb9651f3,ffe42279-f3bd-4683-a6a8-52c1bb9651f3,cd18ec08-f6a4-4724-926f-acd2aeb0daf2,2026-09-08,visited,,,,automatic,2026-07-17 09:01:00,2026-09-07 09:51:00
1bccf510-d250-445e-a210-2b25cf2ac273,1e5e8eb7-4634-45aa-b6f4-85e8e46bf874,ffe42279-f3bd-4683-a6a8-52c1bb9651f3,ffe42279-f3bd-4683-a6a8-52c1bb9651f3,246dee45-3351-44d3-8a3a-ca414c46c168,2026-11-02,scheduled,,,,automatic,2026-09-07 12:30:00,2026-09-07 12:30:00
aaa62fe0-80db-4b7f-94d9-938b595ec328,7008acb6-5e5e-4ba3-a2e3-05b3d37d1834,ffe42279-f3bd-4683-a6a8-52c1bb9651f3,ffe42279-f3bd-4683-a6a8-52c1bb9651f3,353297dd-2e3c-46c0-a49c-7fd69ac2c389,2026-07-14,visited,,,,automatic,2026-06-15 09:07:00,2026-07-15 11:51:00
cff5a7d0-06ef-49ca-bb4e-52dccdcc32d6,7008acb6-5e5e-4ba3-a2e3-05b3d37d1834,ffe42279-f3bd-4683-a6a8-52c1bb9651f3,ffe42279-f3bd-4683-a6a8-52c1bb9651f3,cd18ec08-f6a4-4724-926f-acd2aeb0daf2,2026-07-27,scheduled,,2026-07-30,,automatic,2026-07-15 10:18:00,2026-07-15 10:18:00
4f2d3150-e1b7-45ed-86f5-4fbde7d96695,c41ed6d9-2ef8-4145-9a4b-4cb4be708c20,5f213a58-b179-42d7-9c05-e29474526e82,5f213a58-b179-42d7-9c05-e29474526e82,8e0d0bd7-32bc-44e0-8bb3-7f4f4b13cf78,2024-11-19,visited,,2024-12-02,,automatic,2024-10-22 11:29:00,2024-12-16 12:15:00
877c75ad-0997-4759-8b18-7940fa7a6b9f,c41ed6d9-2ef8-4145-9a4b-4cb4be708c20,5f213a58-b179-42d7-9c05-e29474526e82,5f213a58-b179-42d7-9c05-e29474526e82,b302ab11-03e4-4bae-be36-6ec2662f7fc9,2025-01-14,visited,,2025-01-17,,automatic,2024-12-16 15:48:00,2025-01-28 15:29:00
205ac558-27ee-4361-ba1e-57712f70da5c,c41ed6d9-2ef8-4145-9a4b-4cb4be708c20,5f213a58-b179-42d7-9c05-e29474526e82,5f213a58-b179-42d7-9c05-e29474526e82,406a76ac-2a9d-4982-b6f8-1efb7296c6c0,2025-02-28,visited,,,,automatic,2025-01-28 09:39:00,2025-03-01 13:18:00
01116e66-1059-4324-8f98-2aea45c7e9b6,c41ed6d9-2ef8-4145-9a4b-4cb4be708c20,5f213a58-b179-42d7-9c05-e29474526e82,5f213a58-b179-42d7-9c05-e29474526e82,8e0d0bd7-32bc-44e0-8bb3-7f4f4b13cf78,2025-03-29,visited,,,,automatic,2025-03-01 14:53:00,2025-03-30 13:37:00
ba981045-f2e4-4a33-b6f9-b8997027a85d,c41ed6d9-2ef8-4145-9a4b-4cb4be708c20,5f213a58-b179-42d7-9c05-e29474526e82,5f213a58-b179-42d7-9c05-e29474526e82,b302ab11-03e4-4bae-be36-6ec2662f7fc9,2025-04-11,visited,,,,automatic,2025-03-30 11:13:00,2025-04-11 09:22:00
76ae40d8-682b-4e7f-94a7-8e74a6c63a7f,c41ed6d9-2ef8-4145-9a4b-4cb4be708c20,5f213a58-b179-42d7-9c05-e29474526e82,5f213a58-b179-42d7-9c05-e29474526e82,b302ab11-03e4-4bae-be36-6ec2662f7fc9,2025-05-09,visited,,2025-05-12,True,automatic,2025-04-11 08:32:00,2025-05-18 10:46:00
9860dc1d-7318-46ec-9913-cd0b09487fbb,c41ed6d9-2ef8-4145-9a4b-4cb4be708c20,5f213a58-b179-42d7-9c05-e29474526e82,5f213a58-b179-42d7-9c05-e29474526e82,406a76ac-2a9d-4982-b6f8-1efb7296c6c0,2025-06-16,visited,,,,automatic,2025-05-18 08:02:00,2025-06-16 12:04:00
f6b8cc02-8499-4792-bf64-b08e5b0fab62,c41ed6d9-2ef8-4145-9a4b-4cb4be708c20,5f213a58-b179-42d7-9c05-e29474526e82,5f213a58-b179-42d7-9c05-e29474526e82,406a76ac-2a9d-4982-b6f8-1efb7296c6c0,2025-08-13,visited,,,,automatic,2025-06-16 13:47:00,2025-08-12 14:12:00
eb8d6f72-8cdd-4d2d-9ca8-6351c58f28c4,c41ed6d9-2ef8-4145-9a4b-4cb4be708c20,5f213a58-b179-42d7-9c05-e29474526e82,5f213a58-b179-42d7-9c05-e29474526e82,8e0d0bd7-32bc-44e0-8bb3-7f4f4b13cf78,2025-09-09,visited,,2025-09-12,,automatic,2025-08-12 09:52:00,2025-10-19 09:45:00
30d4efd2-57f9-48c7-b2ae-8f282fffe658,c41ed6d9-2ef8-4145-9a4b-4cb4be708c20,5f213a58-b179-42d7-9c05-e29474526e82,5f213a58-b179-42d7-9c05-e29474526e82,8e0d0bd7-32bc-44e0-8bb3-7f4f4b13cf78,2025-11-13,visited,,2025-11-16,,automatic,2025-10-19 14:25:00,2025-12-25 12:33:00
bd12e462-d7d0-4b9a-ade7-bb9b32b96d83,c41ed6d9-2ef8-4145-9a4b-4cb4be708c20,5f213a58-b179-42d7-9c05-e29474526e82,5f213a58-b179-42d7-9c05-e29474526e82,2db9a55b-d59a-4a30-a4c8-bf7ae0a1e014,2026-01-25,visited,,2026-01-28,,automatic,2025-12-25 08:36:00,2026-04-26 15:17:00
21554017-83eb-4d9a-b88d-c8bab461afe7,c41ed6d9-2ef8-4145-9a4b-4cb4be708c20,5f213a58-b179-42d7-9c05-e29474526e82,5f213a58-b179-42d7-9c05-e29474526e82,8e0d0bd7-32bc-44e0-8bb3-7f4f4b13cf78,2026-05-22,visited,,2026-05-25,,automatic,2026-04-26 10:33:00,2026-06-13 12:50:00
8f1b5129-fa20-4354-b2ea-4c05e2dcd58b,c41ed6d9-2ef8-4145-9a4b-4cb4be708c20,5f213a58-b179-42d7-9c05-e29474526e82,5f213a58-b179-42d7-9c05-e29474526e82,406a76ac-2a9d-4982-b6f8-1efb7296c6c0,2026-07-13,visited,,,,automatic,2026-06-13 13:35:00,2026-07-13 09:38:00
a7426589-790a-43e8-8aac-3907690717c0,c41ed6d9-2ef8-4145-9a4b-4cb4be708c20,5f213a58-b179-42d7-9c05-e29474526e82,5f213a58-b179-42d7-9c05-e29474526e82,8e0d0bd7-32bc-44e0-8bb3-7f4f4b13cf78,2026-08-08,visited,,,,automatic,2026-07-13 14:51:00,2026-08-10 11:19:00
fad2e396-86f6-450b-b59e-115be6787a9a,c41ed6d9-2ef8-4145-9a4b-4cb4be708c20,5f213a58-b179-42d7-9c05-e29474526e82,5f213a58-b179-42d7-9c05-e29474526e82,b302ab11-03e4-4bae-be36-6ec2662f7fc9,2026-09-04,scheduled,,2026-09-07,,automatic,2026-08-10 12:21:00,2026-08-10 12:21:00
a0f0ec35-f775-4e1a-bd22-891b10f70d48,d3ecde19-b99c-4bac-9b46-fd839ff3c4d1,5f213a58-b179-42d7-9c05-e29474526e82,5f213a58-b179-42d7-9c05-e29474526e82,2db9a55b-d59a-4a30-a4c8-bf7ae0a1e014,2025-05-05,visited,,2025-05-08,True,automatic,2025-04-05 14:28:00,2025-05-21 13:17:00
c4091e81-8dba-40fd-aa4d-87cdd0139939,d3ecde19-b99c-4bac-9b46-fd839ff3c4d1,5f213a58-b179-42d7-9c05-e29474526e82,5f213a58-b179-42d7-9c05-e29474526e82,8e0d0bd7-32bc-44e0-8bb3-7f4f4b13cf78,2025-06-17,visited,,,,automatic,2025-05-21 11:07:00,2025-06-19 10:44:00
32bd089f-8bd6-489d-b15c-2d706aef7df1,d3ecde19-b99c-4bac-9b46-fd839ff3c4d1,5f213a58-b179-42d7-9c05-e29474526e82,5f213a58-b179-42d7-9c05-e29474526e82,406a76ac-2a9d-4982-b6f8-1efb7296c6c0,2025-07-20,visited,,2025-07-23,,automatic,2025-06-19 12:05:00,2025-08-30 12:55:00
d2148b3b-6d4a-4d8f-b067-8d9ed41d8a41,d3ecde19-b99c-4bac-9b46-fd839ff3c4d1,5f213a58-b179-42d7-9c05-e29474526e82,5f213a58-b179-42d7-9c05-e29474526e82,b302ab11-03e4-4bae-be36-6ec2662f7fc9,2025-09-12,visited,,,,automatic,2025-08-30 15:45:00,2025-09-12 14:38:00
774b14a0-4813-4192-b2fa-91d8c78c4a0f,d3ecde19-b99c-4bac-9b46-fd839ff3c4d1,5f213a58-b179-42d7-9c05-e29474526e82,5f213a58-b179-42d7-9c05-e29474526e82,8e0d0bd7-32bc-44e0-8bb3-7f4f4b13cf78,2025-10-08,visited,,,,automatic,2025-09-12 14:01:00,2025-10-08 13:39:00
04b08846-5b02-4871-8915-fcccf6cc6100,d3ecde19-b99c-4bac-9b46-fd839ff3c4d1,5f213a58-b179-42d7-9c05-e29474526e82,5f213a58-b179-42d7-9c05-e29474526e82,2db9a55b-d59a-4a30-a4c8-bf7ae0a1e014,2025-11-05,visited,,,,automatic,2025-10-08 15:19:00,2025-11-10 15:13:00
a5d68c85-97b4-4dd0-aeae-f798ccf93bb1,d3ecde19-b99c-4bac-9b46-fd839ff3c4d1,5f213a58-b179-42d7-9c05-e29474526e82,5f213a58-b179-42d7-9c05-e29474526e82,406a76ac-2a9d-4982-b6f8-1efb7296c6c0,2025-11-23,visited,,,,automatic,2025-11-10 10:58:00,2025-11-23 15:08:00
09a32f8b-7eb4-4373-8e49-2d035a224462,d3ecde19-b99c-4bac-9b46-fd839ff3c4d1,5f213a58-b179-42d7-9c05-e29474526e82,5f213a58-b179-42d7-9c05-e29474526e82,8e0d0bd7-32bc-44e0-8bb3-7f4f4b13cf78,2025-12-23,visited,,,,automatic,2025-11-23 11:41:00,2025-12-23 12:39:00
12bd7867-8835-45df-84ff-5af863f2cd43,d3ecde19-b99c-4bac-9b46-fd839ff3c4d1,5f213a58-b179-42d7-9c05-e29474526e82,5f213a58-b179-42d7-9c05-e29474526e82,b302ab11-03e4-4bae-be36-6ec2662f7fc9,2026-01-17,visited,,,,automatic,2025-12-23 12:48:00,2026-01-17 10:20:00
e7823da0-4af3-4dcf-8f3d-487ecf85aeb5,d3ecde19-b99c-4bac-9b46-fd839ff3c4d1,5f213a58-b179-42d7-9c05-e29474526e82,5f213a58-b179-42d7-9c05-e29474526e82,2db9a55b-d59a-4a30-a4c8-bf7ae0a1e014,2026-01-28,visited,,,,automatic,2026-01-17 11:24:00,2026-01-28 12:41:00
d326ebc7-8954-4139-b662-bddf0e913827,d3ecde19-b99c-4bac-9b46-fd839ff3c4d1,5f213a58-b179-42d7-9c05-e29474526e82,5f213a58-b179-42d7-9c05-e29474526e82,8e0d0bd7-32bc-44e0-8bb3-7f4f4b13cf78,2026-02-24,visited,,,,automatic,2026-01-28 14:11:00,2026-02-22 11:52:00
34a8e1bf-cdc9-4217-8740-e6b4b19b65ee,d3ecde19-b99c-4bac-9b46-fd839ff3c4d1,5f213a58-b179-42d7-9c05-e29474526e82,5f213a58-b179-42d7-9c05-e29474526e82,2db9a55b-d59a-4a30-a4c8-bf7ae0a1e014,2026-03-22,visited,,,,automatic,2026-02-22 09:11:00,2026-03-23 15:20:00
d15ac363-8625-479f-a7e0-6c24786778d9,d3ecde19-b99c-4bac-9b46-fd839ff3c4d1,5f213a58-b179-42d7-9c05-e29474526e82,5f213a58-b179-42d7-9c05-e29474526e82,406a76ac-2a9d-4982-b6f8-1efb7296c6c0,2026-04-21,visited,,,,automatic,2026-03-23 08:26:00,2026-04-18 08:48:00
40e76f5a-6ee5-4ea8-9a27-37b4a107efdc,d3ecde19-b99c-4bac-9b46-fd839ff3c4d1,5f213a58-b179-42d7-9c05-e29474526e82,5f213a58-b179-42d7-9c05-e29474526e82,b302ab11-03e4-4bae-be36-6ec2662f7fc9,2026-07-14,visited,,2026-07-17,True,automatic,2026-04-18 09:46:00,2026-08-06 09:20:00
c6a400eb-f81a-4669-b3d0-6f2eafb8d862,d3ecde19-b99c-4bac-9b46-fd839ff3c4d1,5f213a58-b179-42d7-9c05-e29474526e82,5f213a58-b179-42d7-9c05-e29474526e82,406a76ac-2a9d-4982-b6f8-1efb7296c6c0,2026-09-02,visited,,,,automatic,2026-08-06 13:46:00,2026-09-02 10:25:00
ea686203-8e20-4187-b455-a1dd482bec50,d3ecde19-b99c-4bac-9b46-fd839ff3c4d1,5f213a58-b179-42d7-9c05-e29474526e82,5f213a58-b179-42d7-9c05-e29474526e82,8e0d0bd7-32bc-44e0-8bb3-7f4f4b13cf78,2026-10-30,scheduled,,,,automatic,2026-09-02 11:01:00,2026-09-02 11:01:00
b944bb20-de3e-4a24-a893-83078f20a2c4,527d222b-38da-414b-8a6c-1ed55750cab3,552564e7-84a4-4534-acfd-938092f72643,552564e7-84a4-4534-acfd-938092f72643,19f2d2b9-737d-4029-8250-945229084df8,2025-03-20,visited,,,,automatic,2025-02-18 10:46:00,2025-03-20 10:56:00
76f9f320-f40a-4d44-8858-68633b948b71,527d222b-38da-414b-8a6c-1ed55750cab3,552564e7-84a4-4534-acfd-938092f72643,552564e7-84a4-4534-acfd-938092f72643,448fb26c-4d06-4d9f-a11d-a2745fb4d4c6,2025-04-14,visited,,,,automatic,2025-03-20 10:41:00,2025-04-14 09:32:00
76edc7c9-0092-43ed-a386-3cbfef4e4c74,527d222b-38da-414b-8a6c-1ed55750cab3,552564e7-84a4-4534-acfd-938092f72643,552564e7-84a4-4534-acfd-938092f72643,448fb26c-4d06-4d9f-a11d-a2745fb4d4c6,2025-06-07,visited,,,,automatic,2025-04-14 11:11:00,2025-06-08 13:00:00
946d6f9a-f180-42e1-a359-a72d9963c346,527d222b-38da-414b-8a6c-1ed55750cab3,552564e7-84a4-4534-acfd-938092f72643,552564e7-84a4-4534-acfd-938092f72643,f3161305-31e6-47c0-8597-e00f4ddec847,2025-07-31,visited,,2025-08-03,,automatic,2025-06-08 14:23:00,2025-08-24 10:40:00
aab7d61f-943e-4aa2-9a40-3be17c4a828d,527d222b-38da-414b-8a6c-1ed55750cab3,552564e7-84a4-4534-acfd-938092f72643,552564e7-84a4-4534-acfd-938092f72643,213c0975-3815-4ea4-ba67-23c54c2546da,2025-10-17,visited,,,,automatic,2025-08-24 13:08:00,2025-10-17 14:38:00
b383bc0d-d0ce-43ae-9ea3-46ddef7cb2c1,527d222b-38da-414b-8a6c-1ed55750cab3,552564e7-84a4-4534-acfd-938092f72643,552564e7-84a4-4534-acfd-938092f72643,19f2d2b9-737d-4029-8250-945229084df8,2026-01-08,visited,,,,automatic,2025-10-17 10:39:00,2026-01-08 13:36:00
799e1bc7-7748-458a-904f-abc8419e1a3b,527d222b-38da-414b-8a6c-1ed55750cab3,552564e7-84a4-4534-acfd-938092f72643,552564e7-84a4-4534-acfd-938092f72643,c762646d-3ec2-420a-956d-f1b73ea05187,2026-03-08,visited,,,,automatic,2026-01-08 15:24:00,2026-03-08 09:44:00
18fb9c2c-6cf1-4d15-88d1-45c67059da71,527d222b-38da-414b-8a6c-1ed55750cab3,552564e7-84a4-4534-acfd-938092f72643,552564e7-84a4-4534-acfd-938092f72643,c762646d-3ec2-420a-956d-f1b73ea05187,2026-05-29,visited,,,,automatic,2026-03-08 14:39:00,2026-05-29 09:35:00
073ccafd-d1a1-4bcc-957f-6cef78138ee7,527d222b-38da-414b-8a6c-1ed55750cab3,552564e7-84a4-4534-acfd-938092f72643,552564e7-84a4-4534-acfd-938092f72643,f3161305-31e6-47c0-8597-e00f4ddec847,2026-07-25,visited,,,,automatic,2026-05-29 08:46:00,2026-07-25 13:25:00
32a7e86c-311f-417e-8877-a459cf6fcfcb,527d222b-38da-414b-8a6c-1ed55750cab3,552564e7-84a4-4534-acfd-938092f72643,552564e7-84a4-4534-acfd-938092f72643,19f2d2b9-737d-4029-8250-945229084df8,2026-10-16,scheduled,,,,automatic,2026-07-25 08:00:00,2026-07-25 08:00:00
9faad8b8-4ef0-4904-9487-4cca2a502e86,757553a4-2731-4b0f-b3c8-a79e1d93e0c8,552564e7-84a4-4534-acfd-938092f72643,552564e7-84a4-4534-acfd-938092f72643,c762646d-3ec2-420a-956d-f1b73ea05187,2025-10-31,visited,,,,automatic,2025-10-04 10:22:00,2025-11-02 12:06:00
5f351841-59b1-4ef6-a25a-90263fc07b97,757553a4-2731-4b0f-b3c8-a79e1d93e0c8,552564e7-84a4-4534-acfd-938092f72643,552564e7-84a4-4534-acfd-938092f72643,19f2d2b9-737d-4029-8250-945229084df8,2025-11-30,visited,,,,automatic,2025-11-02 08:45:00,2025-11-30 09:34:00
8075c897-31a1-4bc1-b034-abd5a5cc7254,757553a4-2731-4b0f-b3c8-a79e1d93e0c8,552564e7-84a4-4534-acfd-938092f72643,552564e7-84a4-4534-acfd-938092f72643,f3161305-31e6-47c0-8597-e00f4ddec847,2025-12-28,visited,,,,automatic,2025-11-30 08:12:00,2025-12-28 10:49:00
c91ca72c-39fc-43f6-9a80-c17b36e40e83,757553a4-2731-4b0f-b3c8-a79e1d93e0c8,552564e7-84a4-4534-acfd-938092f72643,552564e7-84a4-4534-acfd-938092f72643,448fb26c-4d06-4d9f-a11d-a2745fb4d4c6,2026-01-24,visited,,,,automatic,2025-12-28 08:51:00,2026-01-24 08:49:00
22462562-1e5a-455f-9b0d-ff6780b5457e,757553a4-2731-4b0f-b3c8-a79e1d93e0c8,552564e7-84a4-4534-acfd-938092f72643,552564e7-84a4-4534-acfd-938092f72643,0035c5bf-742a-4ff6-9e23-941764d58bb9,2026-02-19,visited,,,,automatic,2026-01-24 13:25:00,2026-02-19 12:40:00
df1cc172-0af6-49c6-8993-eb49a8c4e91f,757553a4-2731-4b0f-b3c8-a79e1d93e0c8,552564e7-84a4-4534-acfd-938092f72643,552564e7-84a4-4534-acfd-938092f72643,0035c5bf-742a-4ff6-9e23-941764d58bb9,2026-04-13,visited,,,,automatic,2026-02-19 15:08:00,2026-04-13 11:57:00
cdd99549-8780-4085-b33a-5649d994c4fd,757553a4-2731-4b0f-b3c8-a79e1d93e0c8,552564e7-84a4-4534-acfd-938092f72643,552564e7-84a4-4534-acfd-938092f72643,213c0975-3815-4ea4-ba67-23c54c2546da,2026-07-06,scheduled,,2026-07-09,,automatic,2026-04-13 10:44:00,2026-04-13 10:44:00
e0cf9f49-abfb-4d42-ad52-0bb032c13311,252948c4-54fb-4845-80ba-4143bf002c23,552564e7-84a4-4534-acfd-938092f72643,552564e7-84a4-4534-acfd-938092f72643,f3161305-31e6-47c0-8597-e00f4ddec847,2025-09-21,visited,,,,automatic,2025-08-23 08:39:00,2025-09-21 09:04:00
165bafef-14ee-453c-85ff-36ca8a0d4883,252948c4-54fb-4845-80ba-4143bf002c23,552564e7-84a4-4534-acfd-938092f72643,552564e7-84a4-4534-acfd-938092f72643,448fb26c-4d06-4d9f-a11d-a2745fb4d4c6,2025-10-21,visited,,,,automatic,2025-09-21 11:31:00,2025-10-23 14:14:00
88733a5e-9425-46c3-9cb1-691ebc8509f8,252948c4-54fb-4845-80ba-4143bf002c23,552564e7-84a4-4534-acfd-938092f72643,552564e7-84a4-4534-acfd-938092f72643,0035c5bf-742a-4ff6-9e23-941764d58bb9,2025-11-22,visited,,2025-11-25,True,automatic,2025-10-23 14:30:00,2025-12-07 14:50:00
7bc4e7c6-6300-4f91-b28d-8417912792ef,252948c4-54fb-4845-80ba-4143bf002c23,552564e7-84a4-4534-acfd-938092f72643,552564e7-84a4-4534-acfd-938092f72643,c762646d-3ec2-420a-956d-f1b73ea05187,2026-01-04,visited,,2026-01-07,True,automatic,2025-12-07 15:09:00,2026-02-03 09:03:00
8e471ae9-089d-4a9f-8ffc-aaf44e6855fa,252948c4-54fb-4845-80ba-4143bf002c23,552564e7-84a4-4534-acfd-938092f72643,552564e7-84a4-4534-acfd-938092f72643,0035c5bf-742a-4ff6-9e23-941764d58bb9,2026-03-03,scheduled,,2026-03-06,,automatic,2026-02-03 10:57:00,2026-02-03 10:57:00
17cd2634-bdab-4fe3-8b5e-a05ea40218a9,d93b1964-1bef-4d06-8d3d-10a88a385a7a,906096d6-f0f6-4da5-9c19-dc403afb4bb8,906096d6-f0f6-4da5-9c19-dc403afb4bb8,8cc3bb69-3add-47d5-9cd2-8cff31252948,2026-04-21,visited,,,,automatic,2026-03-22 11:48:00,2026-04-22 13:07:00
2b12b173-2926-45a3-93ef-8ca35b17d06b,d93b1964-1bef-4d06-8d3d-10a88a385a7a,906096d6-f0f6-4da5-9c19-dc403afb4bb8,906096d6-f0f6-4da5-9c19-dc403afb4bb8,9bae34d8-d312-48ce-9bbf-17fa6222b3f6,2026-05-23,visited,,,,automatic,2026-04-22 11:18:00,2026-05-22 08:59:00
57ed6f6e-9fc0-4787-ad0a-c82a3ff4baa7,d93b1964-1bef-4d06-8d3d-10a88a385a7a,906096d6-f0f6-4da5-9c19-dc403afb4bb8,906096d6-f0f6-4da5-9c19-dc403afb4bb8,9bae34d8-d312-48ce-9bbf-17fa6222b3f6,2026-06-22,visited,,,,automatic,2026-05-22 15:21:00,2026-06-22 14:34:00
c2d1e602-1228-4490-9bdd-b98260b1f5b0,d93b1964-1bef-4d06-8d3d-10a88a385a7a,906096d6-f0f6-4da5-9c19-dc403afb4bb8,906096d6-f0f6-4da5-9c19-dc403afb4bb8,b0715258-4719-4ce5-8a85-03ccda2c376c,2026-07-20,visited,,,,automatic,2026-06-22 10:22:00,2026-07-18 13:10:00
27c93c02-8d77-4a63-8e40-64459bfb8504,d93b1964-1bef-4d06-8d3d-10a88a385a7a,906096d6-f0f6-4da5-9c19-dc403afb4bb8,906096d6-f0f6-4da5-9c19-dc403afb4bb8,9bae34d8-d312-48ce-9bbf-17fa6222b3f6,2026-08-17,visited,,,,automatic,2026-07-18 13:28:00,2026-08-17 13:24:00
78f07ede-6737-49ed-911b-bc5107529793,d93b1964-1bef-4d06-8d3d-10a88a385a7a,906096d6-f0f6-4da5-9c19-dc403afb4bb8,906096d6-f0f6-4da5-9c19-dc403afb4bb8,b0715258-4719-4ce5-8a85-03ccda2c376c,2026-09-16,visited,,,,automatic,2026-08-17 11:59:00,2026-09-14 10:55:00
5c89e909-d21c-4e7b-b586-2c6c27d05278,d93b1964-1bef-4d06-8d3d-10a88a385a7a,906096d6-f0f6-4da5-9c19-dc403afb4bb8,906096d6-f0f6-4da5-9c19-dc403afb4bb8,9bae34d8-d312-48ce-9bbf-17fa6222b3f6,2026-10-10,scheduled,,,,automatic,2026-09-14 08:35:00,2026-09-14 08:35:00
6ce1f62d-f889-41f7-9203-1ffacebb3650,db3ec6ae-50b4-452b-8976-327ef4f26430,906096d6-f0f6-4da5-9c19-dc403afb4bb8,906096d6-f0f6-4da5-9c19-dc403afb4bb8,b0715258-4719-4ce5-8a85-03ccda2c376c,2024-10-22,visited,,,,automatic,2024-09-24 10:40:00,2024-10-22 15:04:00
4c751474-4d36-4441-8824-c6fd10daaee2,db3ec6ae-50b4-452b-8976-327ef4f26430,906096d6-f0f6-4da5-9c19-dc403afb4bb8,906096d6-f0f6-4da5-9c19-dc403afb4bb8,9bae34d8-d312-48ce-9bbf-17fa6222b3f6,2024-11-19,visited,,,,automatic,2024-10-22 13:12:00,2024-11-19 13:54:00
4d21dbe7-2f3c-4242-a207-d2792fb93a11,db3ec6ae-50b4-452b-8976-327ef4f26430,906096d6-f0f6-4da5-9c19-dc403afb4bb8,906096d6-f0f6-4da5-9c19-dc403afb4bb8,9bae34d8-d312-48ce-9bbf-17fa6222b3f6,2024-12-17,visited,,,,automatic,2024-11-19 10:03:00,2024-12-17 08:36:00
eb968484-2b50-4ac3-bf49-e08cd91255da,db3ec6ae-50b4-452b-8976-327ef4f26430,906096d6-f0f6-4da5-9c19-dc403afb4bb8,906096d6-f0f6-4da5-9c19-dc403afb4bb8,b0715258-4719-4ce5-8a85-03ccda2c376c,2025-01-16,visited,,,,automatic,2024-12-17 08:06:00,2025-01-16 15:40:00
6eddac78-efa2-4beb-b40c-ed71441d8f68,db3ec6ae-50b4-452b-8976-327ef4f26430,906096d6-f0f6-4da5-9c19-dc403afb4bb8,906096d6-f0f6-4da5-9c19-dc403afb4bb8,8cc3bb69-3add-47d5-9cd2-8cff31252948,2025-02-12,visited,,,,automatic,2025-01-16 13:53:00,2025-02-15 14:35:00
f67a915e-9780-43bd-a4e8-e4de786ee787,db3ec6ae-50b4-452b-8976-327ef4f26430,906096d6-f0f6-4da5-9c19-dc403afb4bb8,906096d6-f0f6-4da5-9c19-dc403afb4bb8,b0715258-4719-4ce5-8a85-03ccda2c376c,2025-03-14,visited,,,,automatic,2025-02-15 13:45:00,2025-03-14 10:33:00
f15ffe17-5f43-4ba2-89db-b16122bea858,db3ec6ae-50b4-452b-8976-327ef4f26430,906096d6-f0f6-4da5-9c19-dc403afb4bb8,906096d6-f0f6-4da5-9c19-dc403afb4bb8,9bae34d8-d312-48ce-9bbf-17fa6222b3f6,2025-04-12,visited,,,,automatic,2025-03-14 10:41:00,2025-04-12 08:00:00
5c4292dd-0092-425d-8883-22e47ba137dd,db3ec6ae-50b4-452b-8976-327ef4f26430,906096d6-f0f6-4da5-9c19-dc403afb4bb8,906096d6-f0f6-4da5-9c19-dc403afb4bb8,8cc3bb69-3add-47d5-9cd2-8cff31252948,2025-04-29,visited,,,,automatic,2025-04-12 13:50:00,2025-04-26 09:16:00
f5c95db2-519d-4338-8710-2ec267b23f55,db3ec6ae-50b4-452b-8976-327ef4f26430,906096d6-f0f6-4da5-9c19-dc403afb4bb8,906096d6-f0f6-4da5-9c19-dc403afb4bb8,9bae34d8-d312-48ce-9bbf-17fa6222b3f6,2025-05-23,visited,,,,automatic,2025-04-26 13:58:00,2025-05-23 10:44:00
9fd89eae-6cc2-43c1-80a0-14448c394a05,db3ec6ae-50b4-452b-8976-327ef4f26430,906096d6-f0f6-4da5-9c19-dc403afb4bb8,906096d6-f0f6-4da5-9c19-dc403afb4bb8,9bae34d8-d312-48ce-9bbf-17fa6222b3f6,2025-06-06,visited,,,,automatic,2025-05-23 08:38:00,2025-06-06 14:19:00
10719cdc-bf45-48ba-8dfd-478e8a61418b,db3ec6ae-50b4-452b-8976-327ef4f26430,906096d6-f0f6-4da5-9c19-dc403afb4bb8,906096d6-f0f6-4da5-9c19-dc403afb4bb8,9bae34d8-d312-48ce-9bbf-17fa6222b3f6,2025-07-03,visited,,,,automatic,2025-06-06 08:51:00,2025-07-06 14:40:00
ea7e37bd-a541-4d53-87e2-b8a596568def,db3ec6ae-50b4-452b-8976-327ef4f26430,906096d6-f0f6-4da5-9c19-dc403afb4bb8,906096d6-f0f6-4da5-9c19-dc403afb4bb8,8cc3bb69-3add-47d5-9cd2-8cff31252948,2025-09-27,visited,,2025-09-30,True,automatic,2025-07-06 08:48:00,2025-10-21 12:48:00
50e6dcf7-4985-4c42-a5a4-e25f082c91a5,db3ec6ae-50b4-452b-8976-327ef4f26430,906096d6-f0f6-4da5-9c19-dc403afb4bb8,906096d6-f0f6-4da5-9c19-dc403afb4bb8,b0715258-4719-4ce5-8a85-03ccda2c376c,2025-12-17,visited,,,,automatic,2025-10-21 11:10:00,2025-12-17 12:26:00
d15ddd2c-2e83-4207-bdd6-bac22045b843,db3ec6ae-50b4-452b-8976-327ef4f26430,906096d6-f0f6-4da5-9c19-dc403afb4bb8,906096d6-f0f6-4da5-9c19-dc403afb4bb8,b0715258-4719-4ce5-8a85-03ccda2c376c,2026-01-14,visited,,,,automatic,2025-12-17 10:32:00,2026-01-11 10:59:00
35b7efdc-1834-4028-9609-57dcd0eb72a0,db3ec6ae-50b4-452b-8976-327ef4f26430,906096d6-f0f6-4da5-9c19-dc403afb4bb8,906096d6-f0f6-4da5-9c19-dc403afb4bb8,9bae34d8-d312-48ce-9bbf-17fa6222b3f6,2026-02-07,visited,,,,automatic,2026-01-11 08:53:00,2026-02-09 10:03:00
e211c823-1a34-4f51-9c49-cb62adf9e5cf,db3ec6ae-50b4-452b-8976-327ef4f26430,906096d6-f0f6-4da5-9c19-dc403afb4bb8,906096d6-f0f6-4da5-9c19-dc403afb4bb8,8cc3bb69-3add-47d5-9cd2-8cff31252948,2026-04-06,visited,,,,automatic,2026-02-09 11:51:00,2026-04-06 14:46:00
871bda65-d4cc-461b-b1cf-edd3f0a45f44,db3ec6ae-50b4-452b-8976-327ef4f26430,906096d6-f0f6-4da5-9c19-dc403afb4bb8,906096d6-f0f6-4da5-9c19-dc403afb4bb8,8cc3bb69-3add-47d5-9cd2-8cff31252948,2026-06-01,visited,,,,automatic,2026-04-06 12:01:00,2026-06-04 11:40:00
e338a917-18af-4034-a0ad-1059461453f1,db3ec6ae-50b4-452b-8976-327ef4f26430,906096d6-f0f6-4da5-9c19-dc403afb4bb8,906096d6-f0f6-4da5-9c19-dc403afb4bb8,b0715258-4719-4ce5-8a85-03ccda2c376c,2026-07-02,scheduled,,2026-07-05,True,automatic,2026-06-04 13:44:00,2026-06-04 13:44:00
132abd6c-ac73-49b3-9aed-6a79285c7bee,504efcf5-594b-45a1-b416-c32cad07070e,552564e7-84a4-4534-acfd-938092f72643,552564e7-84a4-4534-acfd-938092f72643,f3161305-31e6-47c0-8597-e00f4ddec847,2025-03-06,visited,,,,automatic,2025-02-23 11:21:00,2025-03-06 11:49:00
ff40ca0b-69d4-43a2-b9e7-563f2df4abc5,504efcf5-594b-45a1-b416-c32cad07070e,552564e7-84a4-4534-acfd-938092f72643,552564e7-84a4-4534-acfd-938092f72643,448fb26c-4d06-4d9f-a11d-a2745fb4d4c6,2025-03-31,visited,,,,automatic,2025-03-06 12:32:00,2025-03-31 14:32:00
65ff1a7d-b274-4961-99ff-3fe2a6996049,504efcf5-594b-45a1-b416-c32cad07070e,552564e7-84a4-4534-acfd-938092f72643,552564e7-84a4-4534-acfd-938092f72643,448fb26c-4d06-4d9f-a11d-a2745fb4d4c6,2025-04-13,visited,,,,automatic,2025-03-31 13:22:00,2025-04-13 09:59:00
2d23615f-c123-4c32-98c1-514a632025be,504efcf5-594b-45a1-b416-c32cad07070e,552564e7-84a4-4534-acfd-938092f72643,552564e7-84a4-4534-acfd-938092f72643,f3161305-31e6-47c0-8597-e00f4ddec847,2025-05-09,visited,,,,automatic,2025-04-13 08:03:00,2025-05-07 12:34:00
e7eac74f-691c-4b4a-b992-6158917af0e7,504efcf5-594b-45a1-b416-c32cad07070e,552564e7-84a4-4534-acfd-938092f72643,552564e7-84a4-4534-acfd-938092f72643,f3161305-31e6-47c0-8597-e00f4ddec847,2025-06-05,visited,,2025-06-08,,automatic,2025-05-07 10:38:00,2025-07-12 09:29:00
984fa107-f005-4872-b617-0284b8f9e894,504efcf5-594b-45a1-b416-c32cad07070e,552564e7-84a4-4534-acfd-938092f72643,552564e7-84a4-4534-acfd-938092f72643,448fb26c-4d06-4d9f-a11d-a2745fb4d4c6,2025-08-07,visited,,,,automatic,2025-07-12 08:35:00,2025-08-07 12:06:00
7ab3b801-8c2c-4d32-bd83-f8da8fef3498,504efcf5-594b-45a1-b416-c32cad07070e,552564e7-84a4-4534-acfd-938092f72643,552564e7-84a4-4534-acfd-938092f72643,213c0975-3815-4ea4-ba67-23c54c2546da,2025-10-03,visited,,,,automatic,2025-08-07 15:09:00,2025-10-03 11:35:00
3c4e752f-832c-4c2e-a3d7-d681b9d86c17,504efcf5-594b-45a1-b416-c32cad07070e,552564e7-84a4-4534-acfd-938092f72643,552564e7-84a4-4534-acfd-938092f72643,19f2d2b9-737d-4029-8250-945229084df8,2025-11-26,visited,,,,automatic,2025-10-03 08:43:00,2025-11-26 11:50:00
cd5e6ad4-8f40-42ad-8e74-aa4b8c4918eb,504efcf5-594b-45a1-b416-c32cad07070e,552564e7-84a4-4534-acfd-938092f72643,552564e7-84a4-4534-acfd-938092f72643,213c0975-3815-4ea4-ba67-23c54c2546da,2025-12-21,visited,,,,automatic,2025-11-26 12:13:00,2025-12-21 11:38:00
fe9de380-2cae-40a5-8e01-933e4f1e4874,504efcf5-594b-45a1-b416-c32cad07070e,552564e7-84a4-4534-acfd-938092f72643,552564e7-84a4-4534-acfd-938092f72643,19f2d2b9-737d-4029-8250-945229084df8,2026-02-12,visited,,,,automatic,2025-12-21 11:48:00,2026-02-12 15:01:00
ed47a707-e0dd-4fd0-abc7-661fac7da604,504efcf5-594b-45a1-b416-c32cad07070e,552564e7-84a4-4534-acfd-938092f72643,552564e7-84a4-4534-acfd-938092f72643,213c0975-3815-4ea4-ba67-23c54c2546da,2026-05-09,visited,,,,automatic,2026-02-12 09:37:00,2026-05-09 14:51:00
fb19a816-c3dc-40e8-8312-85320c4be0db,504efcf5-594b-45a1-b416-c32cad07070e,552564e7-84a4-4534-acfd-938092f72643,552564e7-84a4-4534-acfd-938092f72643,f3161305-31e6-47c0-8597-e00f4ddec847,2026-06-07,visited,,,,automatic,2026-05-09 10:28:00,2026-06-07 10:28:00
f03da05a-208d-4ce1-8bf0-f61b8a8e9507,504efcf5-594b-45a1-b416-c32cad07070e,552564e7-84a4-4534-acfd-938092f72643,552564e7-84a4-4534-acfd-938092f72643,f3161305-31e6-47c0-8597-e00f4ddec847,2026-07-04,scheduled,,2026-07-27,,automatic,2026-06-07 13:07:00,2026-06-07 13:07:00
38142aab-0437-4040-9ff6-32c29aa3fb24,1a219fdc-3060-49b5-9f18-38d511b86dcc,552564e7-84a4-4534-acfd-938092f72643,552564e7-84a4-4534-acfd-938092f72643,f3161305-31e6-47c0-8597-e00f4ddec847,2026-03-16,visited,,,,automatic,2026-02-19 11:16:00,2026-03-16 13:49:00
dd9a5325-df5a-4d37-998a-72df67c1429a,1a219fdc-3060-49b5-9f18-38d511b86dcc,552564e7-84a4-4534-acfd-938092f72643,552564e7-84a4-4534-acfd-938092f72643,c762646d-3ec2-420a-956d-f1b73ea05187,2026-04-14,visited,,,,automatic,2026-03-16 10:54:00,2026-04-19 12:31:00
70af6c2e-68a5-413a-b19e-903654bf617f,1a219fdc-3060-49b5-9f18-38d511b86dcc,552564e7-84a4-4534-acfd-938092f72643,552564e7-84a4-4534-acfd-938092f72643,19f2d2b9-737d-4029-8250-945229084df8,2026-05-19,visited,,2026-05-22,True,automatic,2026-04-19 15:51:00,2026-05-31 12:50:00
8bb57a88-1cbc-4dec-9f82-69cd30885346,1a219fdc-3060-49b5-9f18-38d511b86dcc,552564e7-84a4-4534-acfd-938092f72643,552564e7-84a4-4534-acfd-938092f72643,213c0975-3815-4ea4-ba67-23c54c2546da,2026-06-28,visited,,,,automatic,2026-05-31 15:58:00,2026-06-27 12:41:00
56336fb2-3fc7-4483-a57b-d549d4d9ac52,1a219fdc-3060-49b5-9f18-38d511b86dcc,552564e7-84a4-4534-acfd-938092f72643,552564e7-84a4-4534-acfd-938092f72643,213c0975-3815-4ea4-ba67-23c54c2546da,2026-07-23,visited,,,,automatic,2026-06-27 11:37:00,2026-07-23 12:39:00
99993293-09b0-4f9c-9b79-74c242a85269,1a219fdc-3060-49b5-9f18-38d511b86dcc,552564e7-84a4-4534-acfd-938092f72643,552564e7-84a4-4534-acfd-938092f72643,f3161305-31e6-47c0-8597-e00f4ddec847,2026-08-21,visited,,2026-09-13,,automatic,2026-07-23 15:24:00,2026-09-16 08:52:00
67272dd6-44ca-4668-95ec-f822b381a93d,1a219fdc-3060-49b5-9f18-38d511b86dcc,552564e7-84a4-4534-acfd-938092f72643,552564e7-84a4-4534-acfd-938092f72643,f3161305-31e6-47c0-8597-e00f4ddec847,2026-10-12,scheduled,,,,automatic,2026-09-16 12:16:00,2026-09-16 12:16:00
50904551-79b2-46de-901f-c1dd6d3b1e2c,1c4d8ee7-0501-4f33-b817-e35437372adb,906096d6-f0f6-4da5-9c19-dc403afb4bb8,906096d6-f0f6-4da5-9c19-dc403afb4bb8,8cc3bb69-3add-47d5-9cd2-8cff31252948,2024-12-17,visited,,2024-12-20,,automatic,2024-11-18 14:51:00,2024-12-26 09:20:00
6a22906d-f1c2-4103-9f6e-8c9da9b9852c,1c4d8ee7-0501-4f33-b817-e35437372adb,906096d6-f0f6-4da5-9c19-dc403afb4bb8,906096d6-f0f6-4da5-9c19-dc403afb4bb8,8cc3bb69-3add-47d5-9cd2-8cff31252948,2025-01-11,scheduled,,2025-01-14,,automatic,2024-12-26 09:46:00,2024-12-26 09:46:00
704bd417-df51-4a0e-aabe-09620f449749,b03e8d55-04c7-49f2-8ee7-8144313f93ab,552564e7-84a4-4534-acfd-938092f72643,552564e7-84a4-4534-acfd-938092f72643,c762646d-3ec2-420a-956d-f1b73ea05187,2025-04-25,visited,,,,automatic,2025-02-27 15:24:00,2025-04-23 14:20:00
d8ab8a50-02f3-4e98-9161-c8980bab306f,b03e8d55-04c7-49f2-8ee7-8144313f93ab,552564e7-84a4-4534-acfd-938092f72643,552564e7-84a4-4534-acfd-938092f72643,213c0975-3815-4ea4-ba67-23c54c2546da,2025-05-21,visited,,,,automatic,2025-04-23 11:47:00,2025-05-21 15:37:00
9bf3c877-7f59-4f93-8c88-40c771ef578d,b03e8d55-04c7-49f2-8ee7-8144313f93ab,552564e7-84a4-4534-acfd-938092f72643,552564e7-84a4-4534-acfd-938092f72643,c762646d-3ec2-420a-956d-f1b73ea05187,2025-07-17,visited,,,,automatic,2025-05-21 10:27:00,2025-07-17 13:09:00
a3dd7b41-9a6b-4cc9-91b6-27765fdb715b,b03e8d55-04c7-49f2-8ee7-8144313f93ab,552564e7-84a4-4534-acfd-938092f72643,552564e7-84a4-4534-acfd-938092f72643,19f2d2b9-737d-4029-8250-945229084df8,2025-10-08,visited,,,,automatic,2025-07-17 15:38:00,2025-10-08 08:44:00
3f553aee-f20b-446e-aeb7-b7146c12c00a,b03e8d55-04c7-49f2-8ee7-8144313f93ab,552564e7-84a4-4534-acfd-938092f72643,552564e7-84a4-4534-acfd-938092f72643,f3161305-31e6-47c0-8597-e00f4ddec847,2025-12-03,visited,,,,automatic,2025-10-08 09:37:00,2025-12-03 10:45:00
2797876a-afd2-4f34-b135-27d9581d56db,b03e8d55-04c7-49f2-8ee7-8144313f93ab,552564e7-84a4-4534-acfd-938092f72643,552564e7-84a4-4534-acfd-938092f72643,213c0975-3815-4ea4-ba67-23c54c2546da,2026-01-01,visited,,,,automatic,2025-12-03 09:09:00,2026-01-06 12:48:00
15a98b39-d91c-492c-9c2f-625aaf8ee32c,b03e8d55-04c7-49f2-8ee7-8144313f93ab,552564e7-84a4-4534-acfd-938092f72643,552564e7-84a4-4534-acfd-938092f72643,c762646d-3ec2-420a-956d-f1b73ea05187,2026-01-31,visited,,,,automatic,2026-01-06 12:10:00,2026-01-31 13:34:00
73f00450-e483-4edd-a4a5-6207d8f8ef53,b03e8d55-04c7-49f2-8ee7-8144313f93ab,552564e7-84a4-4534-acfd-938092f72643,552564e7-84a4-4534-acfd-938092f72643,19f2d2b9-737d-4029-8250-945229084df8,2026-03-25,visited,,,,automatic,2026-01-31 13:36:00,2026-03-25 12:50:00
47d3999b-d610-4087-ba72-39802a2353bc,b03e8d55-04c7-49f2-8ee7-8144313f93ab,552564e7-84a4-4534-acfd-938092f72643,552564e7-84a4-4534-acfd-938092f72643,19f2d2b9-737d-4029-8250-945229084df8,2026-05-20,visited,,,,automatic,2026-03-25 13:56:00,2026-05-20 13:25:00
1aa287c5-5673-4e95-85f4-49247f71db47,b03e8d55-04c7-49f2-8ee7-8144313f93ab,552564e7-84a4-4534-acfd-938092f72643,552564e7-84a4-4534-acfd-938092f72643,448fb26c-4d06-4d9f-a11d-a2745fb4d4c6,2026-06-18,visited,,,,automatic,2026-05-20 10:14:00,2026-06-18 09:43:00
46bfc4cf-2895-486f-bb8f-b82721fd0091,b03e8d55-04c7-49f2-8ee7-8144313f93ab,552564e7-84a4-4534-acfd-938092f72643,552564e7-84a4-4534-acfd-938092f72643,f3161305-31e6-47c0-8597-e00f4ddec847,2026-08-13,visited,,,,automatic,2026-06-18 08:01:00,2026-08-18 10:51:00
f04b3d86-8d6d-43ad-92c0-939a8e1bf08f,b03e8d55-04c7-49f2-8ee7-8144313f93ab,552564e7-84a4-4534-acfd-938092f72643,552564e7-84a4-4534-acfd-938092f72643,c762646d-3ec2-420a-956d-f1b73ea05187,2026-10-12,scheduled,,,,automatic,2026-08-18 15:01:00,2026-08-18 15:01:00
74efdbb8-4e55-4be8-842e-8c1c541c8dc7,f71bca8a-37f6-4e50-bf56-84f37e8312ec,906096d6-f0f6-4da5-9c19-dc403afb4bb8,906096d6-f0f6-4da5-9c19-dc403afb4bb8,9bae34d8-d312-48ce-9bbf-17fa6222b3f6,2025-10-10,visited,,,,automatic,2025-09-10 10:16:00,2025-10-17 12:36:00
81590971-2d78-4b19-a219-33ad6016b9ce,f71bca8a-37f6-4e50-bf56-84f37e8312ec,906096d6-f0f6-4da5-9c19-dc403afb4bb8,906096d6-f0f6-4da5-9c19-dc403afb4bb8,9bae34d8-d312-48ce-9bbf-17fa6222b3f6,2025-10-30,visited,,,,automatic,2025-10-17 11:39:00,2025-10-30 08:21:00
4186e637-9669-4762-bd47-3355323f16ba,f71bca8a-37f6-4e50-bf56-84f37e8312ec,906096d6-f0f6-4da5-9c19-dc403afb4bb8,906096d6-f0f6-4da5-9c19-dc403afb4bb8,8cc3bb69-3add-47d5-9cd2-8cff31252948,2025-11-16,visited,,2025-11-19,,automatic,2025-10-30 09:58:00,2026-02-06 08:06:00
60c81ceb-ba2b-4409-99da-5955bed36da2,f71bca8a-37f6-4e50-bf56-84f37e8312ec,906096d6-f0f6-4da5-9c19-dc403afb4bb8,906096d6-f0f6-4da5-9c19-dc403afb4bb8,9bae34d8-d312-48ce-9bbf-17fa6222b3f6,2026-03-07,visited,,2026-03-10,,automatic,2026-02-06 09:10:00,2026-04-22 08:28:00
e44b0abb-d04a-4e15-958d-597a92fe2dd8,f71bca8a-37f6-4e50-bf56-84f37e8312ec,906096d6-f0f6-4da5-9c19-dc403afb4bb8,906096d6-f0f6-4da5-9c19-dc403afb4bb8,9bae34d8-d312-48ce-9bbf-17fa6222b3f6,2026-05-17,visited,,,,automatic,2026-04-22 08:08:00,2026-05-17 14:20:00
d88064f6-d6b9-4ee0-b7ac-a763e9d7e26a,f71bca8a-37f6-4e50-bf56-84f37e8312ec,906096d6-f0f6-4da5-9c19-dc403afb4bb8,906096d6-f0f6-4da5-9c19-dc403afb4bb8,b0715258-4719-4ce5-8a85-03ccda2c376c,2026-05-30,visited,,2026-06-02,,automatic,2026-05-17 15:30:00,2026-07-10 08:25:00
9f3df4c1-b73d-4531-afe8-7d979b38e2eb,f71bca8a-37f6-4e50-bf56-84f37e8312ec,906096d6-f0f6-4da5-9c19-dc403afb4bb8,906096d6-f0f6-4da5-9c19-dc403afb4bb8,b0715258-4719-4ce5-8a85-03ccda2c376c,2026-08-08,visited,,2026-08-11,,automatic,2026-07-10 09:11:00,2026-09-05 15:31:00
47d7e127-b70e-4e02-af21-2d98eb47e854,f71bca8a-37f6-4e50-bf56-84f37e8312ec,906096d6-f0f6-4da5-9c19-dc403afb4bb8,906096d6-f0f6-4da5-9c19-dc403afb4bb8,b0715258-4719-4ce5-8a85-03ccda2c376c,2026-10-01,scheduled,,,,automatic,2026-09-05 13:11:00,2026-09-05 13:11:00
7ff4327b-a33b-4e8a-a2b3-05e89511332a,9fd72fab-1466-40a5-995e-7dc88af79d5a,5f213a58-b179-42d7-9c05-e29474526e82,5f213a58-b179-42d7-9c05-e29474526e82,406a76ac-2a9d-4982-b6f8-1efb7296c6c0,2026-02-06,visited,,,,automatic,2026-01-21 11:08:00,2026-02-04 14:29:00
e7e8d6bf-d7a0-4dc8-b9e7-5c8183475205,9fd72fab-1466-40a5-995e-7dc88af79d5a,5f213a58-b179-42d7-9c05-e29474526e82,5f213a58-b179-42d7-9c05-e29474526e82,406a76ac-2a9d-4982-b6f8-1efb7296c6c0,2026-03-05,visited,,,,automatic,2026-02-04 14:58:00,2026-03-03 14:13:00
157a272f-a8dd-4ada-bf8a-fb492dda8e82,9fd72fab-1466-40a5-995e-7dc88af79d5a,5f213a58-b179-42d7-9c05-e29474526e82,5f213a58-b179-42d7-9c05-e29474526e82,2db9a55b-d59a-4a30-a4c8-bf7ae0a1e014,2026-04-29,visited,,,,automatic,2026-03-03 09:32:00,2026-04-29 15:33:00
d2b05fea-6e1d-4699-9635-8ffbe1c14cad,9fd72fab-1466-40a5-995e-7dc88af79d5a,5f213a58-b179-42d7-9c05-e29474526e82,5f213a58-b179-42d7-9c05-e29474526e82,406a76ac-2a9d-4982-b6f8-1efb7296c6c0,2026-06-26,visited,,,,automatic,2026-04-29 11:32:00,2026-06-28 09:30:00
943518c3-0bb5-41bf-b5ad-29d68d39d498,9fd72fab-1466-40a5-995e-7dc88af79d5a,5f213a58-b179-42d7-9c05-e29474526e82,5f213a58-b179-42d7-9c05-e29474526e82,b302ab11-03e4-4bae-be36-6ec2662f7fc9,2026-08-24,visited,,,,automatic,2026-06-28 11:03:00,2026-08-23 13:41:00
beee3511-4073-4d26-b70d-c16bdc797933,9fd72fab-1466-40a5-995e-7dc88af79d5a,5f213a58-b179-42d7-9c05-e29474526e82,5f213a58-b179-42d7-9c05-e29474526e82,b302ab11-03e4-4bae-be36-6ec2662f7fc9,2026-09-18,visited,,,,automatic,2026-08-23 14:22:00,2026-09-18 10:51:00
28d850ca-34b4-4042-9fd2-bf26559161dc,9fd72fab-1466-40a5-995e-7dc88af79d5a,5f213a58-b179-42d7-9c05-e29474526e82,5f213a58-b179-42d7-9c05-e29474526e82,b302ab11-03e4-4bae-be36-6ec2662f7fc9,2026-12-13,scheduled,,,,automatic,2026-09-18 15:25:00,2026-09-18 15:25:00
0c037e68-22b9-408b-8e19-d99d52ffc91c,3405d2fe-ff55-4d4f-9728-08c2bddedb3e,5f213a58-b179-42d7-9c05-e29474526e82,5f213a58-b179-42d7-9c05-e29474526e82,406a76ac-2a9d-4982-b6f8-1efb7296c6c0,2026-03-19,visited,,2026-03-22,,automatic,2026-03-06 12:23:00,2026-06-09 08:30:00
d8a7e1f3-ca05-408b-880c-af688228be8a,3405d2fe-ff55-4d4f-9728-08c2bddedb3e,5f213a58-b179-42d7-9c05-e29474526e82,5f213a58-b179-42d7-9c05-e29474526e82,b302ab11-03e4-4bae-be36-6ec2662f7fc9,2026-07-04,visited,,,,automatic,2026-06-09 14:00:00,2026-07-05 13:23:00
dd3008ac-7fa8-42aa-b6fe-7431a959deb5,3405d2fe-ff55-4d4f-9728-08c2bddedb3e,5f213a58-b179-42d7-9c05-e29474526e82,5f213a58-b179-42d7-9c05-e29474526e82,406a76ac-2a9d-4982-b6f8-1efb7296c6c0,2026-07-20,visited,,2026-07-23,True,automatic,2026-07-05 11:18:00,2026-08-04 12:12:00
4b96df88-ddc7-43b5-b6dc-b49debf5dc9b,3405d2fe-ff55-4d4f-9728-08c2bddedb3e,5f213a58-b179-42d7-9c05-e29474526e82,5f213a58-b179-42d7-9c05-e29474526e82,8e0d0bd7-32bc-44e0-8bb3-7f4f4b13cf78,2026-08-16,visited,,,,automatic,2026-08-04 15:38:00,2026-08-16 13:52:00
6d205a92-f98f-47a3-8ece-5445d50ffbac,3405d2fe-ff55-4d4f-9728-08c2bddedb3e,5f213a58-b179-42d7-9c05-e29474526e82,5f213a58-b179-42d7-9c05-e29474526e82,406a76ac-2a9d-4982-b6f8-1efb7296c6c0,2026-10-12,scheduled,,,,automatic,2026-08-16 15:33:00,2026-08-16 15:33:00
fa4c8feb-0998-49f2-9472-33b9364044ef,cd8f98a5-f16c-4436-9eda-3a2afc425239,552564e7-84a4-4534-acfd-938092f72643,552564e7-84a4-4534-acfd-938092f72643,0035c5bf-742a-4ff6-9e23-941764d58bb9,2026-09-17,scheduled,,2026-09-20,,automatic,2026-08-19 13:28:00,2026-08-19 13:28:00
8f92da14-316a-4f37-b9c3-fa1720333bec,fc2e56b1-de8d-4ea3-989e-236f5b915bbb,552564e7-84a4-4534-acfd-938092f72643,552564e7-84a4-4534-acfd-938092f72643,213c0975-3815-4ea4-ba67-23c54c2546da,2024-11-16,visited,,,,automatic,2024-11-04 08:32:00,2024-11-16 12:00:00
5a0f1de3-8acd-4c6b-becc-4c24fe383e16,fc2e56b1-de8d-4ea3-989e-236f5b915bbb,552564e7-84a4-4534-acfd-938092f72643,552564e7-84a4-4534-acfd-938092f72643,0035c5bf-742a-4ff6-9e23-941764d58bb9,2024-11-27,visited,,,,automatic,2024-11-16 08:07:00,2024-12-02 11:39:00
78c9c776-0c97-433f-9563-69eaf9e808ce,fc2e56b1-de8d-4ea3-989e-236f5b915bbb,552564e7-84a4-4534-acfd-938092f72643,552564e7-84a4-4534-acfd-938092f72643,f3161305-31e6-47c0-8597-e00f4ddec847,2024-12-15,visited,,,,automatic,2024-12-02 08:50:00,2024-12-17 10:09:00
0797cde5-716f-4ee8-bbb5-528124af9f09,fc2e56b1-de8d-4ea3-989e-236f5b915bbb,552564e7-84a4-4534-acfd-938092f72643,552564e7-84a4-4534-acfd-938092f72643,213c0975-3815-4ea4-ba67-23c54c2546da,2024-12-28,visited,,,,automatic,2024-12-17 12:43:00,2024-12-29 11:38:00
f113fb74-f755-4840-bb54-954c49b9926f,fc2e56b1-de8d-4ea3-989e-236f5b915bbb,552564e7-84a4-4534-acfd-938092f72643,552564e7-84a4-4534-acfd-938092f72643,f3161305-31e6-47c0-8597-e00f4ddec847,2025-01-13,visited,,2025-01-16,,automatic,2024-12-29 09:51:00,2025-02-16 12:08:00
b3c95d3d-24e6-4d4b-b827-da54f47d2936,fc2e56b1-de8d-4ea3-989e-236f5b915bbb,552564e7-84a4-4534-acfd-938092f72643,552564e7-84a4-4534-acfd-938092f72643,c762646d-3ec2-420a-956d-f1b73ea05187,2025-03-18,visited,,,,automatic,2025-02-16 08:14:00,2025-03-18 08:15:00
e4535785-8f1c-4d06-99d9-f905af6347ac,fc2e56b1-de8d-4ea3-989e-236f5b915bbb,552564e7-84a4-4534-acfd-938092f72643,552564e7-84a4-4534-acfd-938092f72643,c762646d-3ec2-420a-956d-f1b73ea05187,2025-05-14,visited,,,,automatic,2025-03-18 08:44:00,2025-05-14 10:47:00
d06f2c23-32d7-4353-9a95-acce381ae961,fc2e56b1-de8d-4ea3-989e-236f5b915bbb,552564e7-84a4-4534-acfd-938092f72643,552564e7-84a4-4534-acfd-938092f72643,0035c5bf-742a-4ff6-9e23-941764d58bb9,2025-06-14,visited,,,,automatic,2025-05-14 15:10:00,2025-06-14 12:35:00
94c20ff0-c2d1-4881-a56b-c257b7ff4497,fc2e56b1-de8d-4ea3-989e-236f5b915bbb,552564e7-84a4-4534-acfd-938092f72643,552564e7-84a4-4534-acfd-938092f72643,19f2d2b9-737d-4029-8250-945229084df8,2025-09-08,visited,,,,automatic,2025-06-14 09:09:00,2025-09-10 14:01:00
f2454549-9170-4965-9e1b-00a0d0ac9a22,fc2e56b1-de8d-4ea3-989e-236f5b915bbb,552564e7-84a4-4534-acfd-938092f72643,552564e7-84a4-4534-acfd-938092f72643,448fb26c-4d06-4d9f-a11d-a2745fb4d4c6,2025-10-06,visited,,2025-11-02,,automatic,2025-09-10 14:43:00,2025-11-07 09:25:00
6add47de-3a14-472f-bf26-11dbd6a55958,fc2e56b1-de8d-4ea3-989e-236f5b915bbb,552564e7-84a4-4534-acfd-938092f72643,552564e7-84a4-4534-acfd-938092f72643,c762646d-3ec2-420a-956d-f1b73ea05187,2025-12-03,visited,,,,automatic,2025-11-07 12:02:00,2025-12-05 15:23:00
c5cf1ecf-1251-482c-ba87-dc69526413d9,fc2e56b1-de8d-4ea3-989e-236f5b915bbb,552564e7-84a4-4534-acfd-938092f72643,552564e7-84a4-4534-acfd-938092f72643,c762646d-3ec2-420a-956d-f1b73ea05187,2026-02-01,visited,,,,automatic,2025-12-05 10:16:00,2026-02-01 12:14:00
30e10cda-836d-48dc-9dde-5815579b039d,fc2e56b1-de8d-4ea3-989e-236f5b915bbb,552564e7-84a4-4534-acfd-938092f72643,552564e7-84a4-4534-acfd-938092f72643,448fb26c-4d06-4d9f-a11d-a2745fb4d4c6,2026-04-01,visited,,,,automatic,2026-02-01 12:12:00,2026-04-01 14:01:00
5fc4565e-22d7-4d74-805d-cb55a3f1d85d,fc2e56b1-de8d-4ea3-989e-236f5b915bbb,552564e7-84a4-4534-acfd-938092f72643,552564e7-84a4-4534-acfd-938092f72643,f3161305-31e6-47c0-8597-e00f4ddec847,2026-04-27,visited,,,,automatic,2026-04-01 14:12:00,2026-04-27 09:05:00
dad998ca-0822-4f99-90ab-cc0b60c75846,fc2e56b1-de8d-4ea3-989e-236f5b915bbb,552564e7-84a4-4534-acfd-938092f72643,552564e7-84a4-4534-acfd-938092f72643,19f2d2b9-737d-4029-8250-945229084df8,2026-06-21,visited,,,,automatic,2026-04-27 08:25:00,2026-06-19 09:34:00
3dcab1d9-6208-4667-83b4-ac529723c847,fc2e56b1-de8d-4ea3-989e-236f5b915bbb,552564e7-84a4-4534-acfd-938092f72643,552564e7-84a4-4534-acfd-938092f72643,19f2d2b9-737d-4029-8250-945229084df8,2026-07-16,visited,,,,automatic,2026-06-19 11:31:00,2026-07-16 12:24:00
12993ba8-1167-48fc-bbb8-d9abc169940e,fc2e56b1-de8d-4ea3-989e-236f5b915bbb,552564e7-84a4-4534-acfd-938092f72643,552564e7-84a4-4534-acfd-938092f72643,0035c5bf-742a-4ff6-9e23-941764d58bb9,2026-08-16,visited,,,,automatic,2026-07-16 12:04:00,2026-08-16 10:28:00
de32dd3c-8d56-4082-b546-bf185344ab04,fc2e56b1-de8d-4ea3-989e-236f5b915bbb,552564e7-84a4-4534-acfd-938092f72643,552564e7-84a4-4534-acfd-938092f72643,0035c5bf-742a-4ff6-9e23-941764d58bb9,2026-10-09,scheduled,,,,automatic,2026-08-16 12:14:00,2026-08-16 12:14:00
28b167b9-1ef3-4679-b2a2-8682d27d8cf5,3db4a4e3-33c5-4701-8477-b9033e984099,906096d6-f0f6-4da5-9c19-dc403afb4bb8,906096d6-f0f6-4da5-9c19-dc403afb4bb8,8cc3bb69-3add-47d5-9cd2-8cff31252948,2025-10-06,visited,,,,automatic,2025-09-11 09:38:00,2025-10-06 08:02:00
9c1d89e9-9a9e-4c5c-a9dc-ad11902edd22,3db4a4e3-33c5-4701-8477-b9033e984099,906096d6-f0f6-4da5-9c19-dc403afb4bb8,906096d6-f0f6-4da5-9c19-dc403afb4bb8,9bae34d8-d312-48ce-9bbf-17fa6222b3f6,2025-11-03,visited,,,,automatic,2025-10-06 10:25:00,2025-11-03 08:26:00
a563328a-1e19-43e2-a328-6e388d0a1d43,3db4a4e3-33c5-4701-8477-b9033e984099,906096d6-f0f6-4da5-9c19-dc403afb4bb8,906096d6-f0f6-4da5-9c19-dc403afb4bb8,b0715258-4719-4ce5-8a85-03ccda2c376c,2025-11-20,visited,,2025-11-23,,automatic,2025-11-03 13:10:00,2026-01-03 14:47:00
c2068f5a-2128-4dd3-9128-63990c193027,3db4a4e3-33c5-4701-8477-b9033e984099,906096d6-f0f6-4da5-9c19-dc403afb4bb8,906096d6-f0f6-4da5-9c19-dc403afb4bb8,8cc3bb69-3add-47d5-9cd2-8cff31252948,2026-01-29,visited,,2026-02-01,,automatic,2026-01-03 14:04:00,2026-02-07 09:19:00
98559e18-d432-4719-99e4-4a5eb7303325,3db4a4e3-33c5-4701-8477-b9033e984099,906096d6-f0f6-4da5-9c19-dc403afb4bb8,906096d6-f0f6-4da5-9c19-dc403afb4bb8,b0715258-4719-4ce5-8a85-03ccda2c376c,2026-02-19,scheduled,,2026-02-22,,automatic,2026-02-07 14:06:00,2026-02-07 14:06:00
657fa66e-f8ec-4502-a971-65eb19593322,13031624-47e0-4519-95af-f0108a8a07eb,906096d6-f0f6-4da5-9c19-dc403afb4bb8,906096d6-f0f6-4da5-9c19-dc403afb4bb8,b0715258-4719-4ce5-8a85-03ccda2c376c,2025-12-28,visited,,,,automatic,2025-11-28 15:01:00,2025-12-28 09:00:00
b140cac3-1ce8-4506-8454-de999e7ee851,13031624-47e0-4519-95af-f0108a8a07eb,906096d6-f0f6-4da5-9c19-dc403afb4bb8,906096d6-f0f6-4da5-9c19-dc403afb4bb8,8cc3bb69-3add-47d5-9cd2-8cff31252948,2026-01-08,visited,,,,automatic,2025-12-28 13:46:00,2026-01-13 14:54:00
77707d3f-e0b0-4f82-9085-6aa5f7fa677e,13031624-47e0-4519-95af-f0108a8a07eb,906096d6-f0f6-4da5-9c19-dc403afb4bb8,906096d6-f0f6-4da5-9c19-dc403afb4bb8,9bae34d8-d312-48ce-9bbf-17fa6222b3f6,2026-02-11,visited,,,,automatic,2026-01-13 14:14:00,2026-02-11 15:01:00
3d0baa48-8b61-4f89-b132-4a92e778d6b2,13031624-47e0-4519-95af-f0108a8a07eb,906096d6-f0f6-4da5-9c19-dc403afb4bb8,906096d6-f0f6-4da5-9c19-dc403afb4bb8,b0715258-4719-4ce5-8a85-03ccda2c376c,2026-03-12,visited,,,,automatic,2026-02-11 10:36:00,2026-03-11 12:27:00
1bbc038a-e6c5-4c4d-8320-b1f5c29b5fb2,13031624-47e0-4519-95af-f0108a8a07eb,906096d6-f0f6-4da5-9c19-dc403afb4bb8,906096d6-f0f6-4da5-9c19-dc403afb4bb8,9bae34d8-d312-48ce-9bbf-17fa6222b3f6,2026-03-24,visited,,,,automatic,2026-03-11 13:06:00,2026-03-24 14:57:00
7e541ec4-2e7b-4c1a-8c6c-bd3f619190b5,13031624-47e0-4519-95af-f0108a8a07eb,906096d6-f0f6-4da5-9c19-dc403afb4bb8,906096d6-f0f6-4da5-9c19-dc403afb4bb8,9bae34d8-d312-48ce-9bbf-17fa6222b3f6,2026-04-21,visited,,,,automatic,2026-03-24 11:12:00,2026-04-21 11:18:00
3c4f6213-285f-47b4-a06d-848760381ee1,13031624-47e0-4519-95af-f0108a8a07eb,906096d6-f0f6-4da5-9c19-dc403afb4bb8,906096d6-f0f6-4da5-9c19-dc403afb4bb8,b0715258-4719-4ce5-8a85-03ccda2c376c,2026-05-20,visited,,,,automatic,2026-04-21 12:42:00,2026-05-21 15:50:00
1820aa1d-3d13-475c-8c81-80fc51f87e13,13031624-47e0-4519-95af-f0108a8a07eb,906096d6-f0f6-4da5-9c19-dc403afb4bb8,906096d6-f0f6-4da5-9c19-dc403afb4bb8,8cc3bb69-3add-47d5-9cd2-8cff31252948,2026-07-16,visited,,,,automatic,2026-05-21 13:54:00,2026-07-17 10:15:00
e27c6d9e-6d07-49dc-a850-9e7020c388b2,13031624-47e0-4519-95af-f0108a8a07eb,906096d6-f0f6-4da5-9c19-dc403afb4bb8,906096d6-f0f6-4da5-9c19-dc403afb4bb8,9bae34d8-d312-48ce-9bbf-17fa6222b3f6,2026-09-14,scheduled,,2026-09-27,,automatic,2026-07-17 11:55:00,2026-07-17 11:55:00
0953513e-5848-4a53-bf52-35e638e2416f,914a9964-5711-4318-bdf5-e9cdab76763f,906096d6-f0f6-4da5-9c19-dc403afb4bb8,906096d6-f0f6-4da5-9c19-dc403afb4bb8,9bae34d8-d312-48ce-9bbf-17fa6222b3f6,2025-10-24,visited,,,,automatic,2025-09-29 15:15:00,2025-10-24 09:28:00
d1c645f7-0da3-41c3-8944-e4d0555685f1,914a9964-5711-4318-bdf5-e9cdab76763f,906096d6-f0f6-4da5-9c19-dc403afb4bb8,906096d6-f0f6-4da5-9c19-dc403afb4bb8,8cc3bb69-3add-47d5-9cd2-8cff31252948,2025-12-22,visited,,,,automatic,2025-10-24 14:30:00,2025-12-29 13:45:00
1266eb1e-782b-4dd4-a965-bd1e69b18de3,914a9964-5711-4318-bdf5-e9cdab76763f,906096d6-f0f6-4da5-9c19-dc403afb4bb8,906096d6-f0f6-4da5-9c19-dc403afb4bb8,b0715258-4719-4ce5-8a85-03ccda2c376c,2026-01-23,visited,,,,automatic,2025-12-29 09:20:00,2026-01-23 11:22:00
c97d42cd-6da6-4267-b8c1-2cd281cbe1a5,914a9964-5711-4318-bdf5-e9cdab76763f,906096d6-f0f6-4da5-9c19-dc403afb4bb8,906096d6-f0f6-4da5-9c19-dc403afb4bb8,8cc3bb69-3add-47d5-9cd2-8cff31252948,2026-02-05,visited,,,,automatic,2026-01-23 11:28:00,2026-02-05 12:01:00
e6243655-cbd9-4c50-97b9-3a5119a78863,914a9964-5711-4318-bdf5-e9cdab76763f,906096d6-f0f6-4da5-9c19-dc403afb4bb8,906096d6-f0f6-4da5-9c19-dc403afb4bb8,8cc3bb69-3add-47d5-9cd2-8cff31252948,2026-04-28,visited,,2026-05-01,,automatic,2026-02-05 13:16:00,2026-05-25 10:37:00
63ba3142-11f0-4e13-9329-d58432992c98,914a9964-5711-4318-bdf5-e9cdab76763f,906096d6-f0f6-4da5-9c19-dc403afb4bb8,906096d6-f0f6-4da5-9c19-dc403afb4bb8,b0715258-4719-4ce5-8a85-03ccda2c376c,2026-06-19,visited,,,,automatic,2026-05-25 14:14:00,2026-06-19 08:12:00
2fe59580-319d-44e3-aff0-941f5c49ed0a,914a9964-5711-4318-bdf5-e9cdab76763f,906096d6-f0f6-4da5-9c19-dc403afb4bb8,906096d6-f0f6-4da5-9c19-dc403afb4bb8,8cc3bb69-3add-47d5-9cd2-8cff31252948,2026-07-14,visited,,2026-07-17,,automatic,2026-06-19 11:06:00,2026-08-17 08:39:00
557d6e8e-ea47-453e-b8b4-0bdebecf200a,914a9964-5711-4318-bdf5-e9cdab76763f,906096d6-f0f6-4da5-9c19-dc403afb4bb8,906096d6-f0f6-4da5-9c19-dc403afb4bb8,9bae34d8-d312-48ce-9bbf-17fa6222b3f6,2026-10-13,scheduled,,,,automatic,2026-08-17 14:41:00,2026-08-17 14:41:00
8811f76b-d603-43af-9592-07434f00f2fc,4e8533b0-8289-479a-ab0e-7e73d253122a,ffe42279-f3bd-4683-a6a8-52c1bb9651f3,ffe42279-f3bd-4683-a6a8-52c1bb9651f3,4519b91f-242d-4e4d-ae0c-da1f0c701874,2025-09-04,visited,,2025-09-07,True,automatic,2025-08-08 15:36:00,2025-10-05 15:03:00
088445d1-9474-45ab-b13f-b1f5163b05bc,4e8533b0-8289-479a-ab0e-7e73d253122a,ffe42279-f3bd-4683-a6a8-52c1bb9651f3,ffe42279-f3bd-4683-a6a8-52c1bb9651f3,cd18ec08-f6a4-4724-926f-acd2aeb0daf2,2025-11-01,visited,,2025-11-04,True,automatic,2025-10-05 10:01:00,2025-12-16 09:10:00
008d6363-fecd-4699-b6ec-8f977826b69d,4e8533b0-8289-479a-ab0e-7e73d253122a,ffe42279-f3bd-4683-a6a8-52c1bb9651f3,ffe42279-f3bd-4683-a6a8-52c1bb9651f3,4519b91f-242d-4e4d-ae0c-da1f0c701874,2025-12-27,visited,,,,automatic,2025-12-16 08:27:00,2025-12-27 12:59:00
00b53a4c-453d-4372-bba0-f71da14db272,4e8533b0-8289-479a-ab0e-7e73d253122a,ffe42279-f3bd-4683-a6a8-52c1bb9651f3,ffe42279-f3bd-4683-a6a8-52c1bb9651f3,353297dd-2e3c-46c0-a49c-7fd69ac2c389,2026-01-27,visited,,2026-01-30,True,automatic,2025-12-27 13:31:00,2026-02-21 13:55:00
4ebe3878-89e9-4415-9bd9-0d8ded012683,4e8533b0-8289-479a-ab0e-7e73d253122a,ffe42279-f3bd-4683-a6a8-52c1bb9651f3,ffe42279-f3bd-4683-a6a8-52c1bb9651f3,4519b91f-242d-4e4d-ae0c-da1f0c701874,2026-03-18,visited,,2026-03-21,,automatic,2026-02-21 14:05:00,2026-04-03 10:09:00
27891144-6f1a-469d-abac-b6235caa3110,4e8533b0-8289-479a-ab0e-7e73d253122a,ffe42279-f3bd-4683-a6a8-52c1bb9651f3,ffe42279-f3bd-4683-a6a8-52c1bb9651f3,cd18ec08-f6a4-4724-926f-acd2aeb0daf2,2026-04-19,visited,,2026-04-22,True,automatic,2026-04-03 08:22:00,2026-05-17 08:58:00
2a7fcd31-7052-4623-920f-81652288d189,4e8533b0-8289-479a-ab0e-7e73d253122a,ffe42279-f3bd-4683-a6a8-52c1bb9651f3,ffe42279-f3bd-4683-a6a8-52c1bb9651f3,246dee45-3351-44d3-8a3a-ca414c46c168,2026-06-13,visited,,,,automatic,2026-05-17 15:09:00,2026-06-13 09:29:00
b42177d9-fbfe-499a-a7fe-80a36accd5a6,4e8533b0-8289-479a-ab0e-7e73d253122a,ffe42279-f3bd-4683-a6a8-52c1bb9651f3,ffe42279-f3bd-4683-a6a8-52c1bb9651f3,4519b91f-242d-4e4d-ae0c-da1f0c701874,2026-07-14,visited,,,,automatic,2026-06-13 10:03:00,2026-07-21 09:38:00
99834d19-365d-4765-9cf6-c5bc495b7e0c,4e8533b0-8289-479a-ab0e-7e73d253122a,ffe42279-f3bd-4683-a6a8-52c1bb9651f3,ffe42279-f3bd-4683-a6a8-52c1bb9651f3,cd18ec08-f6a4-4724-926f-acd2aeb0daf2,2026-08-20,scheduled,,2026-09-10,,automatic,2026-07-21 10:54:00,2026-07-21 10:54:00
823da82f-c9e9-4baa-91fa-1deff4ca197c,304665d1-af8d-4b1f-87db-c020ace1d71a,552564e7-84a4-4534-acfd-938092f72643,552564e7-84a4-4534-acfd-938092f72643,c762646d-3ec2-420a-956d-f1b73ea05187,2025-07-15,visited,,,,automatic,2025-06-14 09:27:00,2025-07-15 15:05:00
2e5f5beb-bf8f-4a9a-a6a8-874e9f738fe3,304665d1-af8d-4b1f-87db-c020ace1d71a,552564e7-84a4-4534-acfd-938092f72643,552564e7-84a4-4534-acfd-938092f72643,448fb26c-4d06-4d9f-a11d-a2745fb4d4c6,2025-08-13,visited,,,,automatic,2025-07-15 09:55:00,2025-08-13 13:58:00
7d208ecc-3522-485f-bd90-8ec41a7ac169,304665d1-af8d-4b1f-87db-c020ace1d71a,552564e7-84a4-4534-acfd-938092f72643,552564e7-84a4-4534-acfd-938092f72643,213c0975-3815-4ea4-ba67-23c54c2546da,2025-09-07,visited,,2025-09-10,True,automatic,2025-08-13 12:08:00,2025-09-19 10:15:00
f8bdc855-51b6-4fb9-a00f-c3daa7cd3cb6,304665d1-af8d-4b1f-87db-c020ace1d71a,552564e7-84a4-4534-acfd-938092f72643,552564e7-84a4-4534-acfd-938092f72643,213c0975-3815-4ea4-ba67-23c54c2546da,2025-10-16,scheduled,,2025-11-07,,automatic,2025-09-19 12:30:00,2025-09-19 12:30:00
ec38aa79-addd-487d-8a41-42f93c64d011,40f77a3c-00b1-451c-8e18-9a42b9d7638c,da845e7d-fedd-47ac-b12d-fb734b6449eb,da845e7d-fedd-47ac-b12d-fb734b6449eb,447e99c5-592b-43d3-805b-eb75f1251d2a,2026-03-14,visited,,,,automatic,2026-01-16 10:11:00,2026-03-14 08:55:00
4c23967d-8e09-43b3-ba3a-f20572d62e10,40f77a3c-00b1-451c-8e18-9a42b9d7638c,da845e7d-fedd-47ac-b12d-fb734b6449eb,da845e7d-fedd-47ac-b12d-fb734b6449eb,e18956f3-25d3-4ad3-9e29-e476c974b1e2,2026-04-14,visited,,,,automatic,2026-03-14 15:11:00,2026-04-14 09:35:00
dee5500e-9f46-4413-b09d-981c08389cbb,40f77a3c-00b1-451c-8e18-9a42b9d7638c,da845e7d-fedd-47ac-b12d-fb734b6449eb,da845e7d-fedd-47ac-b12d-fb734b6449eb,5e76f2ad-b087-4dc4-9d25-73e3e0503036,2026-05-09,visited,,,,automatic,2026-04-14 12:50:00,2026-05-09 11:05:00
16d4e634-a453-4c2b-a06d-0f4ca29795df,40f77a3c-00b1-451c-8e18-9a42b9d7638c,da845e7d-fedd-47ac-b12d-fb734b6449eb,da845e7d-fedd-47ac-b12d-fb734b6449eb,5e76f2ad-b087-4dc4-9d25-73e3e0503036,2026-07-07,visited,,,,automatic,2026-05-09 15:45:00,2026-07-07 08:42:00
85243211-8d36-4894-8e30-4b0a534961f8,40f77a3c-00b1-451c-8e18-9a42b9d7638c,da845e7d-fedd-47ac-b12d-fb734b6449eb,da845e7d-fedd-47ac-b12d-fb734b6449eb,5e76f2ad-b087-4dc4-9d25-73e3e0503036,2026-08-03,visited,,,,automatic,2026-07-07 12:01:00,2026-08-03 13:42:00
bc6777cd-9bb6-4775-b2b4-549cb2df86d8,40f77a3c-00b1-451c-8e18-9a42b9d7638c,da845e7d-fedd-47ac-b12d-fb734b6449eb,da845e7d-fedd-47ac-b12d-fb734b6449eb,5e76f2ad-b087-4dc4-9d25-73e3e0503036,2026-09-03,scheduled,,2026-09-06,,automatic,2026-08-03 14:55:00,2026-08-03 14:55:00
d91ec984-4403-480f-b7c7-c2d2be1e0d1b,51dd2d45-6020-4f0e-b7a6-a039925f3405,ffe42279-f3bd-4683-a6a8-52c1bb9651f3,ffe42279-f3bd-4683-a6a8-52c1bb9651f3,cd18ec08-f6a4-4724-926f-acd2aeb0daf2,2025-01-19,visited,,,,automatic,2024-12-20 12:59:00,2025-01-18 08:05:00
f47cd7da-ebb8-4e15-b111-b42ca9bd2b7e,51dd2d45-6020-4f0e-b7a6-a039925f3405,ffe42279-f3bd-4683-a6a8-52c1bb9651f3,ffe42279-f3bd-4683-a6a8-52c1bb9651f3,4519b91f-242d-4e4d-ae0c-da1f0c701874,2025-02-16,visited,,,,automatic,2025-01-18 10:09:00,2025-02-17 14:48:00
e20eff56-b462-4ae1-b744-d8381d94ef97,51dd2d45-6020-4f0e-b7a6-a039925f3405,ffe42279-f3bd-4683-a6a8-52c1bb9651f3,ffe42279-f3bd-4683-a6a8-52c1bb9651f3,cd18ec08-f6a4-4724-926f-acd2aeb0daf2,2025-03-15,visited,,,,automatic,2025-02-17 15:24:00,2025-03-15 11:40:00
7f337b33-152c-459e-a93e-cc6dd0cd5f47,51dd2d45-6020-4f0e-b7a6-a039925f3405,ffe42279-f3bd-4683-a6a8-52c1bb9651f3,ffe42279-f3bd-4683-a6a8-52c1bb9651f3,4519b91f-242d-4e4d-ae0c-da1f0c701874,2025-03-31,visited,,2025-04-27,,automatic,2025-03-15 12:55:00,2025-04-24 10:31:00
97754297-bad3-4385-bd2f-49c82acb0034,51dd2d45-6020-4f0e-b7a6-a039925f3405,ffe42279-f3bd-4683-a6a8-52c1bb9651f3,ffe42279-f3bd-4683-a6a8-52c1bb9651f3,246dee45-3351-44d3-8a3a-ca414c46c168,2025-05-19,visited,,,,automatic,2025-04-24 09:06:00,2025-05-20 10:35:00
f0d34cf3-f284-4981-9bcc-7b5631e93700,51dd2d45-6020-4f0e-b7a6-a039925f3405,ffe42279-f3bd-4683-a6a8-52c1bb9651f3,ffe42279-f3bd-4683-a6a8-52c1bb9651f3,353297dd-2e3c-46c0-a49c-7fd69ac2c389,2025-06-16,visited,,,,automatic,2025-05-20 10:29:00,2025-06-21 11:07:00
d8b2721e-c0fa-41bd-b4b2-3d4d570dfca2,51dd2d45-6020-4f0e-b7a6-a039925f3405,ffe42279-f3bd-4683-a6a8-52c1bb9651f3,ffe42279-f3bd-4683-a6a8-52c1bb9651f3,4519b91f-242d-4e4d-ae0c-da1f0c701874,2025-07-20,cancelled,moved,2025-07-23,,automatic,2025-06-21 14:23:00,2025-08-06 10:42:00
06bfc3ca-617e-4b18-b458-592b48632b70,764ffbc2-5171-4340-937d-4854eea8b0cf,552564e7-84a4-4534-acfd-938092f72643,552564e7-84a4-4534-acfd-938092f72643,213c0975-3815-4ea4-ba67-23c54c2546da,2025-10-23,visited,,,,automatic,2025-09-25 14:39:00,2025-10-23 15:22:00
3cf62a5c-b2c2-4a2a-9559-e7e11e0f0b0a,764ffbc2-5171-4340-937d-4854eea8b0cf,552564e7-84a4-4534-acfd-938092f72643,552564e7-84a4-4534-acfd-938092f72643,f3161305-31e6-47c0-8597-e00f4ddec847,2025-11-18,visited,,,,automatic,2025-10-23 15:21:00,2025-11-18 12:25:00
3d4003a9-e462-44d0-9ace-aa4140f4a6cd,764ffbc2-5171-4340-937d-4854eea8b0cf,552564e7-84a4-4534-acfd-938092f72643,552564e7-84a4-4534-acfd-938092f72643,213c0975-3815-4ea4-ba67-23c54c2546da,2025-12-17,visited,,2025-12-20,,automatic,2025-11-18 15:23:00,2026-01-05 15:06:00
753ab00e-6749-4397-b3a2-a1a6acde12eb,764ffbc2-5171-4340-937d-4854eea8b0cf,552564e7-84a4-4534-acfd-938092f72643,552564e7-84a4-4534-acfd-938092f72643,f3161305-31e6-47c0-8597-e00f4ddec847,2026-02-04,visited,,,,automatic,2026-01-05 12:56:00,2026-02-05 08:25:00
8bea6f92-e5a9-4b10-a7df-ae3cbc789154,764ffbc2-5171-4340-937d-4854eea8b0cf,552564e7-84a4-4534-acfd-938092f72643,552564e7-84a4-4534-acfd-938092f72643,f3161305-31e6-47c0-8597-e00f4ddec847,2026-03-03,visited,,,,automatic,2026-02-05 11:48:00,2026-03-03 10:14:00
ae17981c-a195-441b-8feb-66f0853ac5c8,764ffbc2-5171-4340-937d-4854eea8b0cf,552564e7-84a4-4534-acfd-938092f72643,552564e7-84a4-4534-acfd-938092f72643,19f2d2b9-737d-4029-8250-945229084df8,2026-04-01,visited,,,,automatic,2026-03-03 12:33:00,2026-04-01 13:47:00
4ccfdf32-1296-49c5-9f2a-fc6d6b71be7a,764ffbc2-5171-4340-937d-4854eea8b0cf,552564e7-84a4-4534-acfd-938092f72643,552564e7-84a4-4534-acfd-938092f72643,213c0975-3815-4ea4-ba67-23c54c2546da,2026-05-02,visited,,,,automatic,2026-04-01 11:49:00,2026-05-02 11:38:00
30da96e7-8445-437c-9713-1a991ca3e50f,764ffbc2-5171-4340-937d-4854eea8b0cf,552564e7-84a4-4534-acfd-938092f72643,552564e7-84a4-4534-acfd-938092f72643,213c0975-3815-4ea4-ba67-23c54c2546da,2026-05-30,visited,,,,automatic,2026-05-02 13:45:00,2026-05-30 08:15:00
ceacd2ee-d005-4a68-bb13-cc58955dd476,764ffbc2-5171-4340-937d-4854eea8b0cf,552564e7-84a4-4534-acfd-938092f72643,552564e7-84a4-4534-acfd-938092f72643,0035c5bf-742a-4ff6-9e23-941764d58bb9,2026-08-22,scheduled,,2026-08-25,,automatic,2026-05-30 10:57:00,2026-05-30 10:57:00
fbed8004-1c77-4172-877f-dd9d78d3d0f5,4a994b08-a94e-47db-9e8b-1d9ad1fab2d0,552564e7-84a4-4534-acfd-938092f72643,552564e7-84a4-4534-acfd-938092f72643,c762646d-3ec2-420a-956d-f1b73ea05187,2026-03-13,visited,,2026-04-03,,automatic,2026-02-16 11:29:00,2026-04-19 11:38:00
ae60cb75-f4bb-4726-b41c-d15df0f8b7a8,4a994b08-a94e-47db-9e8b-1d9ad1fab2d0,552564e7-84a4-4534-acfd-938092f72643,552564e7-84a4-4534-acfd-938092f72643,f3161305-31e6-47c0-8597-e00f4ddec847,2026-05-15,visited,,,,automatic,2026-04-19 15:54:00,2026-05-16 11:46:00
38531134-5f5e-4e0e-96e3-b0b1ea2a0ba3,4a994b08-a94e-47db-9e8b-1d9ad1fab2d0,552564e7-84a4-4534-acfd-938092f72643,552564e7-84a4-4534-acfd-938092f72643,213c0975-3815-4ea4-ba67-23c54c2546da,2026-06-16,visited,,,,automatic,2026-05-16 14:25:00,2026-06-19 10:45:00
3c75df1b-ab64-4feb-9ada-630ce7586df8,4a994b08-a94e-47db-9e8b-1d9ad1fab2d0,552564e7-84a4-4534-acfd-938092f72643,552564e7-84a4-4534-acfd-938092f72643,c762646d-3ec2-420a-956d-f1b73ea05187,2026-07-20,cancelled,moved,2026-07-23,,automatic,2026-06-19 11:25:00,2026-08-07 16:44:00
4eda79a1-3d1a-4059-9bc2-07828f592799,e7e74541-d4b4-4000-a6d2-dc6727622494,5f213a58-b179-42d7-9c05-e29474526e82,5f213a58-b179-42d7-9c05-e29474526e82,b302ab11-03e4-4bae-be36-6ec2662f7fc9,2024-11-18,visited,,,,automatic,2024-10-23 10:43:00,2024-11-18 15:31:00
41cd67c5-428c-4498-a052-9bcabe37fc49,e7e74541-d4b4-4000-a6d2-dc6727622494,5f213a58-b179-42d7-9c05-e29474526e82,5f213a58-b179-42d7-9c05-e29474526e82,8e0d0bd7-32bc-44e0-8bb3-7f4f4b13cf78,2025-01-14,visited,,2025-01-17,,automatic,2024-11-18 09:23:00,2025-02-23 08:28:00
51e35593-dffa-47f6-9ef5-1d548c84356c,e7e74541-d4b4-4000-a6d2-dc6727622494,5f213a58-b179-42d7-9c05-e29474526e82,5f213a58-b179-42d7-9c05-e29474526e82,8e0d0bd7-32bc-44e0-8bb3-7f4f4b13cf78,2025-04-20,visited,,2025-04-23,,automatic,2025-02-23 15:24:00,2025-05-10 11:49:00
de4f6e55-26d9-4d78-997f-f5d26bcee1cf,e7e74541-d4b4-4000-a6d2-dc6727622494,5f213a58-b179-42d7-9c05-e29474526e82,5f213a58-b179-42d7-9c05-e29474526e82,8e0d0bd7-32bc-44e0-8bb3-7f4f4b13cf78,2025-08-01,visited,,,,automatic,2025-05-10 12:48:00,2025-08-02 13:24:00
4fd2774d-a705-4c2f-9558-1fc04b6bbbc7,e7e74541-d4b4-4000-a6d2-dc6727622494,5f213a58-b179-42d7-9c05-e29474526e82,5f213a58-b179-42d7-9c05-e29474526e82,8e0d0bd7-32bc-44e0-8bb3-7f4f4b13cf78,2025-08-28,visited,,2025-08-31,,automatic,2025-08-02 09:05:00,2025-12-10 10:53:00
bbcd7493-7823-4344-b6ee-14db8ddce0bf,e7e74541-d4b4-4000-a6d2-dc6727622494,5f213a58-b179-42d7-9c05-e29474526e82,5f213a58-b179-42d7-9c05-e29474526e82,8e0d0bd7-32bc-44e0-8bb3-7f4f4b13cf78,2026-02-02,visited,,2026-02-05,,automatic,2025-12-10 13:21:00,2026-02-25 11:36:00
8bc211ef-45f1-485a-90b2-faf734403aab,e7e74541-d4b4-4000-a6d2-dc6727622494,5f213a58-b179-42d7-9c05-e29474526e82,5f213a58-b179-42d7-9c05-e29474526e82,8e0d0bd7-32bc-44e0-8bb3-7f4f4b13cf78,2026-04-24,visited,,2026-04-27,,automatic,2026-02-25 12:38:00,2026-05-21 09:14:00
c6d43174-8700-4dff-bc45-2900b7bbf86a,e7e74541-d4b4-4000-a6d2-dc6727622494,5f213a58-b179-42d7-9c05-e29474526e82,5f213a58-b179-42d7-9c05-e29474526e82,2db9a55b-d59a-4a30-a4c8-bf7ae0a1e014,2026-07-15,visited,,2026-07-18,,automatic,2026-05-21 14:01:00,2026-08-20 13:38:00
9cfcc56e-5aaf-4bca-991a-aba63c017a32,e7e74541-d4b4-4000-a6d2-dc6727622494,5f213a58-b179-42d7-9c05-e29474526e82,5f213a58-b179-42d7-9c05-e29474526e82,8e0d0bd7-32bc-44e0-8bb3-7f4f4b13cf78,2026-09-20,visited,,,,automatic,2026-08-20 10:39:00,2026-09-20 15:49:00
e4463c5e-a794-4b90-98fe-aec37152c700,e7e74541-d4b4-4000-a6d2-dc6727622494,5f213a58-b179-42d7-9c05-e29474526e82,5f213a58-b179-42d7-9c05-e29474526e82,b302ab11-03e4-4bae-be36-6ec2662f7fc9,2026-10-19,scheduled,,,,automatic,2026-09-20 08:12:00,2026-09-20 08:12:00
269c1ed7-6e47-4cc3-af2b-91c7e1e391ca,4fc4e62b-d989-40c0-9b3c-70aa1b6f477c,906096d6-f0f6-4da5-9c19-dc403afb4bb8,906096d6-f0f6-4da5-9c19-dc403afb4bb8,b0715258-4719-4ce5-8a85-03ccda2c376c,2026-03-15,scheduled,,2026-03-18,,automatic,2026-02-16 12:08:00,2026-02-16 12:08:00
