id,systolic,diastolic,patient_id,facility_id,user_id,recorded_at,deleted_at
46a17425-2992-471c-bdbb-3d0b49a30734,145,115,f8e2b62d-d157-4b50-a89b-d3a16a6e8a15,5f213a58-b179-42d7-9c05-e29474526e82,b302ab11-03e4-4bae-be36-6ec2662f7fc9,2026-02-21 12:21:00,
cf8a854b-76a2-40e9-a102-28268b657e16,138,115,f8e2b62d-d157-4b50-a89b-d3a16a6e8a15,5f213a58-b179-42d7-9c05-e29474526e82,b302ab11-03e4-4bae-be36-6ec2662f7fc9,2026-03-23 14:57:00,
2e09bbdd-0e3c-4aa4-bdb5-bfa493018861,133,109,f8e2b62d-d157-4b50-a89b-d3a16a6e8a15,5f213a58-b179-42d7-9c05-e29474526e82,406a76ac-2a9d-4982-b6f8-1efb7296c6c0,2026-04-11 08:59:00,
ee9ce28f-5835-468f-843b-ea9ac312634b,123,106,f8e2b62d-d157-4b50-a89b-d3a16a6e8a15,5f213a58-b179-42d7-9c05-e29474526e82,b302ab11-03e4-4bae-be36-6ec2662f7fc9,2026-05-09 09:08:00,
b513d9bc-565f-4d24-b686-8bb366aca5b7,118,100,f8e2b62d-d157-4b50-a89b-d3a16a6e8a15,5f213a58-b179-42d7-9c05-e29474526e82,406a76ac-2a9d-4982-b6f8-1efb7296c6c0,2026-06-09 08:57:00,
b1e40319-a6c9-4910-be1d-449bd792d174,129,92,f8e2b62d-d157-4b50-a89b-d3a16a6e8a15,5f213a58-b179-42d7-9c05-e29474526e82,8e0d0bd7-32bc-44e0-8bb3-7f4f4b13cf78,2026-07-06 10:37:00,
1ee68de4-111b-43ed-a7dd-5205b9ed4f9f,108,80,f8e2b62d-d157-4b50-a89b-d3a16a6e8a15,5f213a58-b179-42d7-9c05-e29474526e82,b302ab11-03e4-4bae-be36-6ec2662f7fc9,2026-08-01 11:52:00,
f66b8c2a-74c2-4d7d-ae59-b28ea5e641ce,106,74,f8e2b62d-d157-4b50-a89b-d3a16a6e8a15,5f213a58-b179-42d7-9c05-e29474526e82,b302ab11-03e4-4bae-be36-6ec2662f7fc9,2026-08-27 08:38:00,
76f66b5d-3536-4085-a075-b852c2f0a17a,159,82,40151ba6-8b25-4cab-8d09-d7fb89a5581c,ffe42279-f3bd-4683-a6a8-52c1bb9651f3,4519b91f-242d-4e4d-ae0c-da1f0c701874,2026-04-30 11:11:00,
b43a9261-77c9-4627-9432-755a602c17f5,164,85,40151ba6-8b25-4cab-8d09-d7fb89a5581c,ffe42279-f3bd-4683-a6a8-52c1bb9651f3,cd18ec08-f6a4-4724-926f-acd2aeb0daf2,2026-05-31 13:57:00,
62908216-9d9b-4bd0-baec-0c67a1fb7877,164,79,40151ba6-8b25-4cab-8d09-d7fb89a5581c,ffe42279-f3bd-4683-a6a8-52c1bb9651f3,246dee45-3351-44d3-8a3a-ca414c46c168,2026-07-01 14:59:00,
24f8aa0c-ec8a-4d72-ac7f-9a6a3e4fbe87,149,84,40151ba6-8b25-4cab-8d09-d7fb89a5581c,ffe42279-f3bd-4683-a6a8-52c1bb9651f3,246dee45-3351-44d3-8a3a-ca414c46c168,2026-08-03 14:41:00,
bc2522ff-e215-40ea-9ba8-eb9e70111ddb,133,77,40151ba6-8b25-4cab-8d09-d7fb89a5581c,ffe42279-f3bd-4683-a6a8-52c1bb9651f3,cd18ec08-f6a4-4724-926f-acd2aeb0daf2,2026-08-17 11:42:00,
e35d9743-1bf2-4c13-a2a2-44c3df8c1a9a,136,85,40151ba6-8b25-4cab-8d09-d7fb89a5581c,ffe42279-f3bd-4683-a6a8-52c1bb9651f3,cd18ec08-f6a4-4724-926f-acd2aeb0daf2,2026-09-12 15:23:00,
43e1995c-284b-455e-b88b-c9dc6f1fab53,158,85,8734546b-8938-4c93-840a-3d2ac330f09f,da845e7d-fedd-47ac-b12d-fb734b6449eb,447e99c5-592b-43d3-805b-eb75f1251d2a,2026-04-05 13:44:00,
d40e7221-f1a9-4f52-8d2b-4df769bbe695,164,75,8734546b-8938-4c93-840a-3d2ac330f09f,da845e7d-fedd-47ac-b12d-fb734b6449eb,e18956f3-25d3-4ad3-9e29-e476c974b1e2,2026-05-04 13:04:00,
9de6f791-63e5-4f11-a81a-110192ea0417,155,68,8734546b-8938-4c93-840a-3d2ac330f09f,da845e7d-fedd-47ac-b12d-fb734b6449eb,e18956f3-25d3-4ad3-9e29-e476c974b1e2,2026-06-04 10:10:00,
9a690ce5-f253-4c28-a62c-f26331e09cd9,153,71,8734546b-8938-4c93-840a-3d2ac330f09f,da845e7d-fedd-47ac-b12d-fb734b6449eb,5e76f2ad-b087-4dc4-9d25-73e3e0503036,2026-07-09 14:12:00,
fd3c60d5-cf14-4e28-85f1-488c486f1733,136,71,8734546b-8938-4c93-840a-3d2ac330f09f,da845e7d-fedd-47ac-b12d-fb734b6449eb,5e76f2ad-b087-4dc4-9d25-73e3e0503036,2026-08-05 08:00:00,
f18562de-ba0b-4ec6-bc9d-11e29b8a643e,144,89,c0bc4a7f-959e-45ef-9928-94cc3c943cd7,ffe42279-f3bd-4683-a6a8-52c1bb9651f3,353297dd-2e3c-46c0-a49c-7fd69ac2c389,2025-08-15 15:55:00,
2b89f0ee-a0de-43c5-be14-426e5502df65,140,81,c0bc4a7f-959e-45ef-9928-94cc3c943cd7,ffe42279-f3bd-4683-a6a8-52c1bb9651f3,4519b91f-242d-4e4d-ae0c-da1f0c701874,2025-09-11 14:43:00,
81d0888e-5361-4015-a718-d7eb0031b050,119,76,c0bc4a7f-959e-45ef-9928-94cc3c943cd7,ffe42279-f3bd-4683-a6a8-52c1bb9651f3,246dee45-3351-44d3-8a3a-ca414c46c168,2025-10-07 15:20:00,
34ee3313-9ccc-4bc0-b19a-d6dccff85543,106,93,c0bc4a7f-959e-45ef-9928-94cc3c943cd7,ffe42279-f3bd-4683-a6a8-52c1bb9651f3,353297dd-2e3c-46c0-a49c-7fd69ac2c389,2025-12-26 09:13:00,
1adfd4da-f0f3-4698-86db-8cc29f9eadd1,116,100,c0bc4a7f-959e-45ef-9928-94cc3c943cd7,ffe42279-f3bd-4683-a6a8-52c1bb9651f3,cd18ec08-f6a4-4724-926f-acd2aeb0daf2,2026-03-01 15:32:00,
e05b4173-58ee-413a-95c5-fc271c6576a2,119,106,c0bc4a7f-959e-45ef-9928-94cc3c943cd7,ffe42279-f3bd-4683-a6a8-52c1bb9651f3,cd18ec08-f6a4-4724-926f-acd2aeb0daf2,2026-03-30 11:12:00,
9ff4f6e4-f22f-4330-a90e-b05a2424a5f5,112,96,c0bc4a7f-959e-45ef-9928-94cc3c943cd7,ffe42279-f3bd-4683-a6a8-52c1bb9651f3,246dee45-3351-44d3-8a3a-ca414c46c168,2026-04-17 15:51:00,
25a176d6-8f54-4693-82e9-b480d246f444,108,102,c0bc4a7f-959e-45ef-9928-94cc3c943cd7,ffe42279-f3bd-4683-a6a8-52c1bb9651f3,4519b91f-242d-4e4d-ae0c-da1f0c701874,2026-06-18 15:51:00,
583be089-6a08-46ac-9a1a-9d9adab7b0a7,108,109,c0bc4a7f-959e-45ef-9928-94cc3c943cd7,ffe42279-f3bd-4683-a6a8-52c1bb9651f3,cd18ec08-f6a4-4724-926f-acd2aeb0daf2,2026-09-01 09:48:00,
00cc91de-1894-46ff-8e7e-80f143abb74c,138,96,7e19ac49-86e7-48e2-b27c-573379b12bf3,ffe42279-f3bd-4683-a6a8-52c1bb9651f3,4519b91f-242d-4e4d-ae0c-da1f0c701874,2026-06-30 12:14:00,
40311585-b970-40cf-8211-1e63388c9f0f,135,107,7e19ac49-86e7-48e2-b27c-573379b12bf3,ffe42279-f3bd-4683-a6a8-52c1bb9651f3,353297dd-2e3c-46c0-a49c-7fd69ac2c389,2026-08-11 15:49:00,
fb3378d7-9ef0-484e-8c4b-07d5c6fdcda0,142,110,7e19ac49-86e7-48e2-b27c-573379b12bf3,ffe42279-f3bd-4683-a6a8-52c1bb9651f3,4519b91f-242d-4e4d-ae0c-da1f0c701874,2026-09-15 09:59:00,
726cb12a-3ea5-4252-aaaf-8e5550eb5a9b,128,100,42a76c5d-df8f-4d62-a78e-86c094370f18,5f213a58-b179-42d7-9c05-e29474526e82,406a76ac-2a9d-4982-b6f8-1efb7296c6c0,2026-01-23 11:03:00,
15e1938b-0af3-4dc3-a656-97ae2e6f0ea1,132,103,42a76c5d-df8f-4d62-a78e-86c094370f18,5f213a58-b179-42d7-9c05-e29474526e82,2db9a55b-d59a-4a30-a4c8-bf7ae0a1e014,2026-02-19 13:26:00,
6d81523d-073c-4cd9-96ce-95b20a993c58,134,88,42a76c5d-df8f-4d62-a78e-86c094370f18,5f213a58-b179-42d7-9c05-e29474526e82,b302ab11-03e4-4bae-be36-6ec2662f7fc9,2026-03-14 13:45:00,
d38abce2-1bc9-40d7-baf2-c45a010473a0,134,85,42a76c5d-df8f-4d62-a78e-86c094370f18,5f213a58-b179-42d7-9c05-e29474526e82,2db9a55b-d59a-4a30-a4c8-bf7ae0a1e014,2026-04-11 11:17:00,
3b6cb5ac-df50-4e08-af32-aa5ec2f1dc0b,129,68,42a76c5d-df8f-4d62-a78e-86c094370f18,5f213a58-b179-42d7-9c05-e29474526e82,2db9a55b-d59a-4a30-a4c8-bf7ae0a1e014,2026-06-06 14:36:00,
a4d60315-3105-4477-94e9-30a41f300fe3,157,103,acb8809a-aa43-402f-ae77-2ec42e893228,552564e7-84a4-4534-acfd-938092f72643,c762646d-3ec2-420a-956d-f1b73ea05187,2025-07-17 09:36:00,
e3f7c1c4-db74-4f70-a564-4490f1f4af48,202,75,2e84608e-e4f9-4ab3-abed-c1abf90db40e,da845e7d-fedd-47ac-b12d-fb734b6449eb,e18956f3-25d3-4ad3-9e29-e476c974b1e2,2026-07-18 08:57:00,
95ababed-9b1e-45ec-94b8-45da36156fe6,205,73,2e84608e-e4f9-4ab3-abed-c1abf90db40e,da845e7d-fedd-47ac-b12d-fb734b6449eb,5e76f2ad-b087-4dc4-9d25-73e3e0503036,2026-08-13 14:56:00,
d48a5bb0-f028-420b-b3f6-d2b3556d92d6,203,84,2e84608e-e4f9-4ab3-abed-c1abf90db40e,da845e7d-fedd-47ac-b12d-fb734b6449eb,e18956f3-25d3-4ad3-9e29-e476c974b1e2,2026-08-26 14:37:00,
2ee8131a-0de0-4e29-a9d0-6920c5d1101a,203,78,2e84608e-e4f9-4ab3-abed-c1abf90db40e,da845e7d-fedd-47ac-b12d-fb734b6449eb,e18956f3-25d3-4ad3-9e29-e476c974b1e2,2026-09-22 08:27:00,
284c6c11-d347-488d-8276-a9cb3118b363,164,93,e2ff2609-ca76-4592-825a-371a551da2ef,552564e7-84a4-4534-acfd-938092f72643,448fb26c-4d06-4d9f-a11d-a2745fb4d4c6,2025-07-16 08:00:00,
7ea2f784-3e49-47c1-9120-0a0196cc807a,157,78,e2ff2609-ca76-4592-825a-371a551da2ef,552564e7-84a4-4534-acfd-938092f72643,19f2d2b9-737d-4029-8250-945229084df8,2025-08-12 13:55:00,
38cd730d-4f56-4150-9852-b26f40d8e016,175,80,e2ff2609-ca76-4592-825a-371a551da2ef,552564e7-84a4-4534-acfd-938092f72643,19f2d2b9-737d-4029-8250-945229084df8,2026-03-15 08:30:00,
f5bae80b-5c34-4967-a973-76e2f360e35e,136,69,01657312-8bf4-4cc7-8f53-c6792975e758,906096d6-f0f6-4da5-9c19-dc403afb4bb8,8cc3bb69-3add-47d5-9cd2-8cff31252948,2026-02-03 11:57:00,
29d0b3f1-7d6a-4b7f-90c3-9be8d6f13a9e,123,65,01657312-8bf4-4cc7-8f53-c6792975e758,906096d6-f0f6-4da5-9c19-dc403afb4bb8,8cc3bb69-3add-47d5-9cd2-8cff31252948,2026-03-30 13:21:00,
4e41189d-22fe-4c3f-8c1e-b96ef30a4d41,118,71,01657312-8bf4-4cc7-8f53-c6792975e758,906096d6-f0f6-4da5-9c19-dc403afb4bb8,9bae34d8-d312-48ce-9bbf-17fa6222b3f6,2026-05-14 15:13:00,
10a3623d-cae4-46d4-b084-6bf0910a2021,136,91,c03a1c33-8887-4ace-ae15-f38502732f65,da845e7d-fedd-47ac-b12d-fb734b6449eb,e18956f3-25d3-4ad3-9e29-e476c974b1e2,2025-10-25 14:03:00,
d986f974-ac19-4689-97b9-1be3c23fbff4,128,86,c03a1c33-8887-4ace-ae15-f38502732f65,da845e7d-fedd-47ac-b12d-fb734b6449eb,447e99c5-592b-43d3-805b-eb75f1251d2a,2025-11-19 08:45:00,
9062809d-86c6-48db-a830-9a5242fe1fdd,139,86,c03a1c33-8887-4ace-ae15-f38502732f65,da845e7d-fedd-47ac-b12d-fb734b6449eb,e18956f3-25d3-4ad3-9e29-e476c974b1e2,2026-02-27 15:28:00,
a25f06ff-7d83-4f3c-9aaf-3a3d818fc25f,145,81,c03a1c33-8887-4ace-ae15-f38502732f65,da845e7d-fedd-47ac-b12d-fb734b6449eb,e18956f3-25d3-4ad3-9e29-e476c974b1e2,2026-05-20 13:32:00,
e7b68c09-2418-45c7-9ef5-923c7ac21026,147,83,c03a1c33-8887-4ace-ae15-f38502732f65,da845e7d-fedd-47ac-b12d-fb734b6449eb,5e76f2ad-b087-4dc4-9d25-73e3e0503036,2026-06-18 09:51:00,
c3cfeec3-85d4-4854-ad2b-855ee0bd88f0,145,77,c03a1c33-8887-4ace-ae15-f38502732f65,da845e7d-fedd-47ac-b12d-fb734b6449eb,5e76f2ad-b087-4dc4-9d25-73e3e0503036,2026-07-21 13:49:00,
ad7e5053-2985-4efe-8300-ab83b8a532c0,129,73,c03a1c33-8887-4ace-ae15-f38502732f65,da845e7d-fedd-47ac-b12d-fb734b6449eb,e18956f3-25d3-4ad3-9e29-e476c974b1e2,2026-08-18 09:10:00,
2b03714b-cf83-4f6a-a039-cdee2484406f,140,116,1a8ad177-d8dc-4f83-a934-a46291fb0613,552564e7-84a4-4534-acfd-938092f72643,213c0975-3815-4ea4-ba67-23c54c2546da,2025-09-03 09:23:00,
93ff0ac8-a79f-4f3f-a04d-21565ee18a68,142,124,1a8ad177-d8dc-4f83-a934-a46291fb0613,552564e7-84a4-4534-acfd-938092f72643,448fb26c-4d06-4d9f-a11d-a2745fb4d4c6,2025-10-04 14:56:00,
b8010815-8bd0-4008-9af9-4e7ce8f0e571,143,120,1a8ad177-d8dc-4f83-a934-a46291fb0613,552564e7-84a4-4534-acfd-938092f72643,0035c5bf-742a-4ff6-9e23-941764d58bb9,2025-10-31 12:58:00,
82b4d6c6-092a-4123-915b-08cfd1ea88d4,139,112,1a8ad177-d8dc-4f83-a934-a46291fb0613,552564e7-84a4-4534-acfd-938092f72643,213c0975-3815-4ea4-ba67-23c54c2546da,2025-11-15 08:19:00,
62aeacd4-1dac-4db2-a5f1-5e9c713e697c,140,121,1a8ad177-d8dc-4f83-a934-a46291fb0613,552564e7-84a4-4534-acfd-938092f72643,f3161305-31e6-47c0-8597-e00f4ddec847,2025-12-15 09:20:00,
1d9a87bf-ea8a-483a-b1de-6f4a6485fe73,141,128,1a8ad177-d8dc-4f83-a934-a46291fb0613,552564e7-84a4-4534-acfd-938092f72643,448fb26c-4d06-4d9f-a11d-a2745fb4d4c6,2025-12-28 11:52:00,
aed80fd0-c66e-42e8-a3f8-8922ca58436b,140,120,1a8ad177-d8dc-4f83-a934-a46291fb0613,552564e7-84a4-4534-acfd-938092f72643,f3161305-31e6-47c0-8597-e00f4ddec847,2026-01-24 12:46:00,
cb0a8d24-5afe-4fc9-8b28-9815e20bbc36,132,113,1a8ad177-d8dc-4f83-a934-a46291fb0613,552564e7-84a4-4534-acfd-938092f72643,f3161305-31e6-47c0-8597-e00f4ddec847,2026-02-08 13:58:00,
fb3aa081-91ea-4c95-8878-0e073302c7cd,123,116,1a8ad177-d8dc-4f83-a934-a46291fb0613,552564e7-84a4-4534-acfd-938092f72643,19f2d2b9-737d-4029-8250-945229084df8,2026-06-22 14:46:00,
b3d937dd-8bbc-452c-af55-7808a4bb034b,128,111,1a8ad177-d8dc-4f83-a934-a46291fb0613,552564e7-84a4-4534-acfd-938092f72643,19f2d2b9-737d-4029-8250-945229084df8,2026-07-21 11:24:00,
16a3f28a-d144-4f09-ab45-7f42f067b37e,108,98,1a8ad177-d8dc-4f83-a934-a46291fb0613,552564e7-84a4-4534-acfd-938092f72643,448fb26c-4d06-4d9f-a11d-a2745fb4d4c6,2026-08-15 14:42:00,
00a5f815-2ee9-4ea4-9d0e-a043ce30b37c,118,82,1a8ad177-d8dc-4f83-a934-a46291fb0613,552564e7-84a4-4534-acfd-938092f72643,0035c5bf-742a-4ff6-9e23-941764d58bb9,2026-09-09 15:25:00,
34e21004-b0a7-4d87-9b52-2072fbd20301,170,80,84cd67b3-29f4-448d-b1d1-35b5514cd7b9,552564e7-84a4-4534-acfd-938092f72643,213c0975-3815-4ea4-ba67-23c54c2546da,2025-11-23 09:43:00,
a639c338-3d7a-45bd-b0f4-9474aa4617dd,162,78,84cd67b3-29f4-448d-b1d1-35b5514cd7b9,552564e7-84a4-4534-acfd-938092f72643,c762646d-3ec2-420a-956d-f1b73ea05187,2025-12-09 13:56:00,
4d491b2e-8fa1-4dd8-bca9-ad128f6a4c32,165,72,84cd67b3-29f4-448d-b1d1-35b5514cd7b9,552564e7-84a4-4534-acfd-938092f72643,0035c5bf-742a-4ff6-9e23-941764d58bb9,2026-01-26 14:52:00,
ac236eed-7574-4f52-bf69-250e11b11091,160,99,bf635f97-5584-4f94-a13a-d6431a9c7cca,906096d6-f0f6-4da5-9c19-dc403afb4bb8,9bae34d8-d312-48ce-9bbf-17fa6222b3f6,2025-09-28 09:02:00,
804c5227-cfee-4601-b9b8-72ede783acc0,168,117,bf635f97-5584-4f94-a13a-d6431a9c7cca,906096d6-f0f6-4da5-9c19-dc403afb4bb8,8cc3bb69-3add-47d5-9cd2-8cff31252948,2026-03-11 12:44:00,
2e447d24-8c6c-455f-a65c-5c10cf76eb93,163,112,bf635f97-5584-4f94-a13a-d6431a9c7cca,906096d6-f0f6-4da5-9c19-dc403afb4bb8,8cc3bb69-3add-47d5-9cd2-8cff31252948,2026-04-08 13:20:00,
5638ed45-f9ab-45ae-88bd-395d243c0c6c,159,116,bf635f97-5584-4f94-a13a-d6431a9c7cca,906096d6-f0f6-4da5-9c19-dc403afb4bb8,8cc3bb69-3add-47d5-9cd2-8cff31252948,2026-05-07 09:04:00,
72c229ab-1a83-4655-94aa-3d6568f9a467,158,116,bf635f97-5584-4f94-a13a-d6431a9c7cca,906096d6-f0f6-4da5-9c19-dc403afb4bb8,9bae34d8-d312-48ce-9bbf-17fa6222b3f6,2026-08-01 08:44:00,
4e6b44ce-3e0b-4bd9-8e37-b49ab07ed843,144,112,bf635f97-5584-4f94-a13a-d6431a9c7cca,906096d6-f0f6-4da5-9c19-dc403afb4bb8,b0715258-4719-4ce5-8a85-03ccda2c376c,2026-08-10 08:27:00,
5a774c11-f36d-4e2b-a769-e0ed4663f627,144,114,bf635f97-5584-4f94-a13a-d6431a9c7cca,906096d6-f0f6-4da5-9c19-dc403afb4bb8,9bae34d8-d312-48ce-9bbf-17fa6222b3f6,2026-09-06 08:50:00,
e40c1d95-accd-4b15-a301-3bdb0d0e8eae,177,100,bc1e8227-bc39-4162-8c20-ea8c82a2a2d1,552564e7-84a4-4534-acfd-938092f72643,0035c5bf-742a-4ff6-9e23-941764d58bb9,2026-04-29 14:03:00,
6474b657-8818-4a5e-8797-6f09bcdcf8ab,176,101,bc1e8227-bc39-4162-8c20-ea8c82a2a2d1,552564e7-84a4-4534-acfd-938092f72643,448fb26c-4d06-4d9f-a11d-a2745fb4d4c6,2026-05-12 12:43:00,
8cc0324e-66cc-47e8-926c-8c3ec9421349,160,101,bc1e8227-bc39-4162-8c20-ea8c82a2a2d1,552564e7-84a4-4534-acfd-938092f72643,0035c5bf-742a-4ff6-9e23-941764d58bb9,2026-05-31 15:06:00,
90e9aba3-76e2-41f6-b575-dd64ab9b54d9,168,101,bc1e8227-bc39-4162-8c20-ea8c82a2a2d1,552564e7-84a4-4534-acfd-938092f72643,0035c5bf-742a-4ff6-9e23-941764d58bb9,2026-09-11 15:37:00,
90f3fc85-cb9b-4bde-8780-393bb55f8e5b,191,94,a03070c4-77ad-4e97-8727-3abbd30ca42f,552564e7-84a4-4534-acfd-938092f72643,0035c5bf-742a-4ff6-9e23-941764d58bb9,2026-07-06 15:47:00,
b12c8198-388a-48fe-9fe0-618db0b8afb3,194,97,a03070c4-77ad-4e97-8727-3abbd30ca42f,552564e7-84a4-4534-acfd-938092f72643,f3161305-31e6-47c0-8597-e00f4ddec847,2026-07-22 10:40:00,
d51bc48c-ac5e-4131-92aa-8f5f5ac9ed80,191,105,a03070c4-77ad-4e97-8727-3abbd30ca42f,552564e7-84a4-4534-acfd-938092f72643,0035c5bf-742a-4ff6-9e23-941764d58bb9,2026-08-19 14:02:00,
a4887e6b-4ec4-4878-b3e2-ab1422da5498,140,77,b6b17bb1-5d9c-460f-80de-7bfcd2ce922c,552564e7-84a4-4534-acfd-938092f72643,c762646d-3ec2-420a-956d-f1b73ea05187,2025-11-14 13:53:00,
21184b80-b0d0-4a60-a59d-ca6f3b0ed01d,151,74,b6b17bb1-5d9c-460f-80de-7bfcd2ce922c,552564e7-84a4-4534-acfd-938092f72643,19f2d2b9-737d-4029-8250-945229084df8,2026-03-20 11:13:00,
998d097b-1e52-4f7a-a447-3898d3c5f300,154,79,b6b17bb1-5d9c-460f-80de-7bfcd2ce922c,552564e7-84a4-4534-acfd-938092f72643,f3161305-31e6-47c0-8597-e00f4ddec847,2026-06-22 09:07:00,
4e5cbcdc-f378-4080-80f0-ed0a10885d53,171,73,b6b17bb1-5d9c-460f-80de-7bfcd2ce922c,552564e7-84a4-4534-acfd-938092f72643,c762646d-3ec2-420a-956d-f1b73ea05187,2026-07-29 12:42:00,
320bf672-c24d-4239-a404-94e53df8d5cf,176,72,b6b17bb1-5d9c-460f-80de-7bfcd2ce922c,552564e7-84a4-4534-acfd-938092f72643,448fb26c-4d06-4d9f-a11d-a2745fb4d4c6,2026-09-25 09:19:00,
b1394611-1377-4091-ab58-0fa6a68a0f80,177,90,197031ba-dfca-4f61-af32-cb30dc877e7b,552564e7-84a4-4534-acfd-938092f72643,0035c5bf-742a-4ff6-9e23-941764d58bb9,2024-11-18 14:15:00,
d1257466-5126-43b0-9453-fd52e743d43e,180,92,197031ba-dfca-4f61-af32-cb30dc877e7b,552564e7-84a4-4534-acfd-938092f72643,0035c5bf-742a-4ff6-9e23-941764d58bb9,2024-11-29 11:07:00,
348a7b6e-964a-431a-87ae-521beee81225,183,86,197031ba-dfca-4f61-af32-cb30dc877e7b,552564e7-84a4-4534-acfd-938092f72643,213c0975-3815-4ea4-ba67-23c54c2546da,2024-12-23 08:40:00,
8290f20c-66f5-4ad4-aca5-c770ab5171bf,184,84,197031ba-dfca-4f61-af32-cb30dc877e7b,552564e7-84a4-4534-acfd-938092f72643,19f2d2b9-737d-4029-8250-945229084df8,2025-01-19 08:32:00,
faf9ee41-cb61-437a-8b3a-d74c3f8aef1f,193,94,197031ba-dfca-4f61-af32-cb30dc877e7b,552564e7-84a4-4534-acfd-938092f72643,f3161305-31e6-47c0-8597-e00f4ddec847,2025-04-16 10:28:00,
85419ca9-7def-46e6-9941-f35645b084d6,211,94,197031ba-dfca-4f61-af32-cb30dc877e7b,552564e7-84a4-4534-acfd-938092f72643,213c0975-3815-4ea4-ba67-23c54c2546da,2025-05-20 13:21:00,
53da2414-03f3-4da8-a18d-dd7fa5b7b32e,175,107,d55278ed-fb1e-4a1b-9116-b5f628014a34,ffe42279-f3bd-4683-a6a8-52c1bb9651f3,4519b91f-242d-4e4d-ae0c-da1f0c701874,2025-11-17 15:58:00,
4272f65a-c7e9-415b-ae32-aff5da8e2ee7,169,109,d55278ed-fb1e-4a1b-9116-b5f628014a34,ffe42279-f3bd-4683-a6a8-52c1bb9651f3,4519b91f-242d-4e4d-ae0c-da1f0c701874,2025-12-02 08:07:00,
e9ed1fb7-bc17-44b2-b6fa-e17f4f87c40d,168,110,d55278ed-fb1e-4a1b-9116-b5f628014a34,ffe42279-f3bd-4683-a6a8-52c1bb9651f3,4519b91f-242d-4e4d-ae0c-da1f0c701874,2025-12-17 13:17:00,
2d383263-0061-4c00-84f1-252c82270748,172,112,d55278ed-fb1e-4a1b-9116-b5f628014a34,ffe42279-f3bd-4683-a6a8-52c1bb9651f3,353297dd-2e3c-46c0-a49c-7fd69ac2c389,2026-01-17 10:23:00,
c187fbf0-4db2-4916-a23f-1b78f13225a3,167,119,d55278ed-fb1e-4a1b-9116-b5f628014a34,ffe42279-f3bd-4683-a6a8-52c1bb9651f3,cd18ec08-f6a4-4724-926f-acd2aeb0daf2,2026-03-03 13:17:00,
e5edf093-a26c-4f21-ae4f-bd341c3f3a97,175,120,d55278ed-fb1e-4a1b-9116-b5f628014a34,ffe42279-f3bd-4683-a6a8-52c1bb9651f3,4519b91f-242d-4e4d-ae0c-da1f0c701874,2026-04-24 11:13:00,
a12888c5-b587-4221-8866-e47c590a7646,161,112,d55278ed-fb1e-4a1b-9116-b5f628014a34,ffe42279-f3bd-4683-a6a8-52c1bb9651f3,cd18ec08-f6a4-4724-926f-acd2aeb0daf2,2026-05-22 14:00:00,
03d1bdab-10ae-4356-8986-c69059020de3,155,113,d55278ed-fb1e-4a1b-9116-b5f628014a34,ffe42279-f3bd-4683-a6a8-52c1bb9651f3,246dee45-3351-44d3-8a3a-ca414c46c168,2026-06-05 10:03:00,
4ada29da-6460-49a3-b049-796350ac0f98,149,107,d55278ed-fb1e-4a1b-9116-b5f628014a34,ffe42279-f3bd-4683-a6a8-52c1bb9651f3,353297dd-2e3c-46c0-a49c-7fd69ac2c389,2026-07-05 12:52:00,
e823570c-04f3-4b0f-9273-c4449badd74a,145,97,d55278ed-fb1e-4a1b-9116-b5f628014a34,ffe42279-f3bd-4683-a6a8-52c1bb9651f3,cd18ec08-f6a4-4724-926f-acd2aeb0daf2,2026-08-28 08:28:00,
31b3e18b-62a1-43d7-a3b2-9f284eaaad51,131,93,d55278ed-fb1e-4a1b-9116-b5f628014a34,ffe42279-f3bd-4683-a6a8-52c1bb9651f3,353297dd-2e3c-46c0-a49c-7fd69ac2c389,2026-09-22 09:56:00,
32108f4c-f553-40bd-b20b-61bd5b1177e7,166,74,89a55214-8cd2-48b2-a53a-dd6085378efd,552564e7-84a4-4534-acfd-938092f72643,f3161305-31e6-47c0-8597-e00f4ddec847,2026-03-30 14:49:00,
4961334c-f282-44b0-9385-07894fa619a5,154,79,89a55214-8cd2-48b2-a53a-dd6085378efd,552564e7-84a4-4534-acfd-938092f72643,0035c5bf-742a-4ff6-9e23-941764d58bb9,2026-04-16 12:17:00,
c54aa575-6006-402f-9a24-af79d47663d4,152,82,89a55214-8cd2-48b2-a53a-dd6085378efd,552564e7-84a4-4534-acfd-938092f72643,f3161305-31e6-47c0-8597-e00f4ddec847,2026-04-29 10:22:00,
f7772bff-4f9e-426c-a762-09137eb23420,149,83,89a55214-8cd2-48b2-a53a-dd6085378efd,552564e7-84a4-4534-acfd-938092f72643,c762646d-3ec2-420a-956d-f1b73ea05187,2026-05-16 08:44:00,
f6e13668-bdce-45e5-97e0-e97103ce073e,130,79,89a55214-8cd2-48b2-a53a-dd6085378efd,552564e7-84a4-4534-acfd-938092f72643,448fb26c-4d06-4d9f-a11d-a2745fb4d4c6,2026-06-01 10:35:00,
a86c0bbb-ef17-4e26-97bf-f7a61e3a0c55,121,81,89a55214-8cd2-48b2-a53a-dd6085378efd,552564e7-84a4-4534-acfd-938092f72643,0035c5bf-742a-4ff6-9e23-941764d58bb9,2026-06-28 09:54:00,
839ae48e-82fe-42ef-89d0-c8ae1badf7d8,120,79,89a55214-8cd2-48b2-a53a-dd6085378efd,552564e7-84a4-4534-acfd-938092f72643,213c0975-3815-4ea4-ba67-23c54c2546da,2026-08-24 12:37:00,
2a86808a-6949-49a0-95e2-9b9704fd55e9,135,68,8c463ec7-74d0-401b-ab96-ea372d06410b,5f213a58-b179-42d7-9c05-e29474526e82,b302ab11-03e4-4bae-be36-6ec2662f7fc9,2025-10-08 09:32:00,
728f1ac9-0784-450e-8314-83a90505ed0c,139,88,8c463ec7-74d0-401b-ab96-ea372d06410b,5f213a58-b179-42d7-9c05-e29474526e82,2db9a55b-d59a-4a30-a4c8-bf7ae0a1e014,2026-04-22 15:08:00,
ac4817b5-7190-43a0-a281-a56bcb7fcdad,173,93,37aa0e55-28bf-4af7-9ace-d684de6b5f72,552564e7-84a4-4534-acfd-938092f72643,448fb26c-4d06-4d9f-a11d-a2745fb4d4c6,2026-03-26 15:59:00,
9bcadfa3-0144-49c0-9e5d-34ae9469e13f,174,98,37aa0e55-28bf-4af7-9ace-d684de6b5f72,552564e7-84a4-4534-acfd-938092f72643,213c0975-3815-4ea4-ba67-23c54c2546da,2026-04-09 12:47:00,
da3d4aa8-7990-4c92-8ca9-9eeea149e3a4,170,95,37aa0e55-28bf-4af7-9ace-d684de6b5f72,552564e7-84a4-4534-acfd-938092f72643,f3161305-31e6-47c0-8597-e00f4ddec847,2026-04-19 08:44:00,
756f3296-5a95-419e-82aa-9c386499eef8,170,91,37aa0e55-28bf-4af7-9ace-d684de6b5f72,552564e7-84a4-4534-acfd-938092f72643,0035c5bf-742a-4ff6-9e23-941764d58bb9,2026-05-19 15:32:00,
cf6af3d9-79c9-4be1-8f97-533bf7b3b870,163,108,9c943843-aed1-4463-a2f7-ddeba6563799,906096d6-f0f6-4da5-9c19-dc403afb4bb8,b0715258-4719-4ce5-8a85-03ccda2c376c,2025-06-18 11:15:00,
8bf82106-e452-43e8-86e9-d6c7cebe3516,174,102,9c943843-aed1-4463-a2f7-ddeba6563799,906096d6-f0f6-4da5-9c19-dc403afb4bb8,9bae34d8-d312-48ce-9bbf-17fa6222b3f6,2025-08-29 11:53:00,
27a62092-f67b-4c20-9251-8134d3239299,182,98,9c943843-aed1-4463-a2f7-ddeba6563799,906096d6-f0f6-4da5-9c19-dc403afb4bb8,9bae34d8-d312-48ce-9bbf-17fa6222b3f6,2026-01-02 12:29:00,
a0755cc9-ccb5-4e9d-8c97-cf6fcc58b506,178,97,9c943843-aed1-4463-a2f7-ddeba6563799,906096d6-f0f6-4da5-9c19-dc403afb4bb8,8cc3bb69-3add-47d5-9cd2-8cff31252948,2026-01-29 12:44:00,
cfb88882-2949-4a03-9336-8251e3a470e6,187,101,9c943843-aed1-4463-a2f7-ddeba6563799,906096d6-f0f6-4da5-9c19-dc403afb4bb8,9bae34d8-d312-48ce-9bbf-17fa6222b3f6,2026-02-22 15:25:00,
8d33815a-962c-4377-ac5f-f34c9511e570,171,115,7d05720a-d007-493d-9454-a82b980b73ce,552564e7-84a4-4534-acfd-938092f72643,f3161305-31e6-47c0-8597-e00f4ddec847,2025-05-17 11:16:00,
bc33a273-e21d-436a-82a5-0afdee07929d,173,106,7d05720a-d007-493d-9454-a82b980b73ce,552564e7-84a4-4534-acfd-938092f72643,448fb26c-4d06-4d9f-a11d-a2745fb4d4c6,2025-06-16 13:58:00,
3c2fa152-60f3-48a7-b231-5562731ec43c,175,109,7d05720a-d007-493d-9454-a82b980b73ce,552564e7-84a4-4534-acfd-938092f72643,f3161305-31e6-47c0-8597-e00f4ddec847,2025-07-29 12:12:00,
de97e2ce-959a-455a-ade8-9eb498287096,168,108,7d05720a-d007-493d-9454-a82b980b73ce,552564e7-84a4-4534-acfd-938092f72643,19f2d2b9-737d-4029-8250-945229084df8,2025-08-27 08:26:00,
98baf743-7f42-45b1-b829-c2fa45004ba1,169,116,7d05720a-d007-493d-9454-a82b980b73ce,552564e7-84a4-4534-acfd-938092f72643,c762646d-3ec2-420a-956d-f1b73ea05187,2025-09-25 12:26:00,
3373e468-1548-4885-acda-6d27eb043dd8,170,111,7d05720a-d007-493d-9454-a82b980b73ce,552564e7-84a4-4534-acfd-938092f72643,448fb26c-4d06-4d9f-a11d-a2745fb4d4c6,2025-10-25 09:12:00,
f08794d2-e6e2-4be0-b338-e53a30e084f4,158,108,7d05720a-d007-493d-9454-a82b980b73ce,552564e7-84a4-4534-acfd-938092f72643,f3161305-31e6-47c0-8597-e00f4ddec847,2026-05-13 12:40:00,
c754ca8a-b43c-4e17-9636-3f22a40d6c85,132,108,7d05720a-d007-493d-9454-a82b980b73ce,552564e7-84a4-4534-acfd-938092f72643,f3161305-31e6-47c0-8597-e00f4ddec847,2026-06-07 08:32:00,
fe15a83f-db05-4ce3-ba8a-4e2e7edd44b3,106,102,7d05720a-d007-493d-9454-a82b980b73ce,552564e7-84a4-4534-acfd-938092f72643,448fb26c-4d06-4d9f-a11d-a2745fb4d4c6,2026-06-18 15:23:00,
3ce47e0f-89be-40b1-af31-507aa0ea44fe,107,91,7d05720a-d007-493d-9454-a82b980b73ce,552564e7-84a4-4534-acfd-938092f72643,f3161305-31e6-47c0-8597-e00f4ddec847,2026-07-22 13:15:00,
d659e467-26cc-4017-bc7b-4c8c28623cdd,108,94,7d05720a-d007-493d-9454-a82b980b73ce,552564e7-84a4-4534-acfd-938092f72643,213c0975-3815-4ea4-ba67-23c54c2546da,2026-08-05 14:16:00,
82d45ac1-ae16-4bcd-9d2c-c9e063165f75,143,98,54b6facf-ec4f-4b56-b199-1f4c49327b13,da845e7d-fedd-47ac-b12d-fb734b6449eb,447e99c5-592b-43d3-805b-eb75f1251d2a,2026-02-17 14:38:00,
87718184-533f-4d62-856b-f89a6f2ffbc6,147,93,54b6facf-ec4f-4b56-b199-1f4c49327b13,da845e7d-fedd-47ac-b12d-fb734b6449eb,e18956f3-25d3-4ad3-9e29-e476c974b1e2,2026-03-04 08:19:00,
fa23f291-49eb-43da-bfa2-7d3c981cc05f,150,85,54b6facf-ec4f-4b56-b199-1f4c49327b13,da845e7d-fedd-47ac-b12d-fb734b6449eb,5e76f2ad-b087-4dc4-9d25-73e3e0503036,2026-04-03 10:31:00,
80b890f2-2052-4ca9-bac5-f8987bfd2d13,136,112,a9955436-0e7b-49fa-abe3-d8f91805d028,ffe42279-f3bd-4683-a6a8-52c1bb9651f3,353297dd-2e3c-46c0-a49c-7fd69ac2c389,2025-09-10 08:35:00,
7b4f4889-4e62-404e-9867-6325108e7a76,135,101,a9955436-0e7b-49fa-abe3-d8f91805d028,ffe42279-f3bd-4683-a6a8-52c1bb9651f3,353297dd-2e3c-46c0-a49c-7fd69ac2c389,2025-10-08 09:48:00,
e2890f88-48a8-41b2-b0d0-ed17d769725d,131,97,a9955436-0e7b-49fa-abe3-d8f91805d028,ffe42279-f3bd-4683-a6a8-52c1bb9651f3,246dee45-3351-44d3-8a3a-ca414c46c168,2025-11-04 08:11:00,
bfa69cd1-3393-45af-820b-c5cbe7bffa5d,126,93,a9955436-0e7b-49fa-abe3-d8f91805d028,ffe42279-f3bd-4683-a6a8-52c1bb9651f3,246dee45-3351-44d3-8a3a-ca414c46c168,2025-11-15 12:43:00,
6d24da89-b037-4b5d-bac3-6a290f2be1f1,107,89,a9955436-0e7b-49fa-abe3-d8f91805d028,ffe42279-f3bd-4683-a6a8-52c1bb9651f3,4519b91f-242d-4e4d-ae0c-da1f0c701874,2025-12-13 15:37:00,
d870e063-1724-46e7-bfdd-66070d4f5cfd,122,88,a9955436-0e7b-49fa-abe3-d8f91805d028,ffe42279-f3bd-4683-a6a8-52c1bb9651f3,4519b91f-242d-4e4d-ae0c-da1f0c701874,2026-01-11 10:01:00,
1601100e-816e-42a3-b184-8fbebfe4df5d,129,79,a9955436-0e7b-49fa-abe3-d8f91805d028,ffe42279-f3bd-4683-a6a8-52c1bb9651f3,cd18ec08-f6a4-4724-926f-acd2aeb0daf2,2026-03-10 12:26:00,
9bbfea72-f428-46f7-ad1f-273c75b45873,121,87,a9955436-0e7b-49fa-abe3-d8f91805d028,ffe42279-f3bd-4683-a6a8-52c1bb9651f3,cd18ec08-f6a4-4724-926f-acd2aeb0daf2,2026-05-05 10:40:00,
fd1746df-155e-4455-81ca-1118618cb65e,111,87,a9955436-0e7b-49fa-abe3-d8f91805d028,ffe42279-f3bd-4683-a6a8-52c1bb9651f3,246dee45-3351-44d3-8a3a-ca414c46c168,2026-06-30 13:10:00,
a5eb92ff-0278-4eca-9a30-8debca8285a4,107,82,a9955436-0e7b-49fa-abe3-d8f91805d028,ffe42279-f3bd-4683-a6a8-52c1bb9651f3,cd18ec08-f6a4-4724-926f-acd2aeb0daf2,2026-07-26 11:37:00,
1a01e6e4-d62a-4e66-9405-5a3eec2a6c13,112,82,a9955436-0e7b-49fa-abe3-d8f91805d028,ffe42279-f3bd-4683-a6a8-52c1bb9651f3,246dee45-3351-44d3-8a3a-ca414c46c168,2026-08-20 09:02:00,
13ad064b-005c-48c6-bde6-cd0f7eb7477e,130,84,a9955436-0e7b-49fa-abe3-d8f91805d028,ffe42279-f3bd-4683-a6a8-52c1bb9651f3,4519b91f-242d-4e4d-ae0c-da1f0c701874,2026-09-15 08:04:00,
1bcd0f50-d3db-480e-a19f-de67f915b50f,154,82,c41ca486-dbe2-41ee-a981-b4037d879f4a,552564e7-84a4-4534-acfd-938092f72643,0035c5bf-742a-4ff6-9e23-941764d58bb9,2024-11-15 12:25:00,
e475bcb4-aa33-41fd-8b5b-df8a98ca6250,156,77,c41ca486-dbe2-41ee-a981-b4037d879f4a,552564e7-84a4-4534-acfd-938092f72643,0035c5bf-742a-4ff6-9e23-941764d58bb9,2025-06-12 10:31:00,
01f7e649-3c7d-410b-9aff-550c393122a6,164,92,6d63ab74-5d08-4680-a74c-bdc1b37dca76,5f213a58-b179-42d7-9c05-e29474526e82,8e0d0bd7-32bc-44e0-8bb3-7f4f4b13cf78,2026-05-01 14:20:00,
491b747c-1252-49a7-a633-dc92f182ed9f,165,85,6d63ab74-5d08-4680-a74c-bdc1b37dca76,5f213a58-b179-42d7-9c05-e29474526e82,8e0d0bd7-32bc-44e0-8bb3-7f4f4b13cf78,2026-07-20 08:10:00,
202e6079-5d11-4b50-be0d-c5f13a2aba31,175,84,6d63ab74-5d08-4680-a74c-bdc1b37dca76,5f213a58-b179-42d7-9c05-e29474526e82,2db9a55b-d59a-4a30-a4c8-bf7ae0a1e014,2026-08-28 14:46:00,
f07f31e8-6ece-4bc9-a6a4-21e184ea9a69,159,98,1ff53102-f524-4e53-93fb-49e584cb164b,906096d6-f0f6-4da5-9c19-dc403afb4bb8,9bae34d8-d312-48ce-9bbf-17fa6222b3f6,2025-10-09 09:54:00,
93108690-7aee-465d-a0a7-c62d86edd969,166,97,1ff53102-f524-4e53-93fb-49e584cb164b,906096d6-f0f6-4da5-9c19-dc403afb4bb8,b0715258-4719-4ce5-8a85-03ccda2c376c,2025-11-02 09:36:00,
ccfe2751-5ddf-4790-8555-3e29b9b15d44,161,92,1ff53102-f524-4e53-93fb-49e584cb164b,906096d6-f0f6-4da5-9c19-dc403afb4bb8,9bae34d8-d312-48ce-9bbf-17fa6222b3f6,2025-12-02 08:07:00,
3d7badf5-2a1d-4972-8913-1fe10ab7579f,168,89,1ff53102-f524-4e53-93fb-49e584cb164b,906096d6-f0f6-4da5-9c19-dc403afb4bb8,b0715258-4719-4ce5-8a85-03ccda2c376c,2026-01-08 11:44:00,
23500b6a-c2bf-461f-ab16-f3fcfec39032,160,85,1ff53102-f524-4e53-93fb-49e584cb164b,906096d6-f0f6-4da5-9c19-dc403afb4bb8,8cc3bb69-3add-47d5-9cd2-8cff31252948,2026-01-25 08:33:00,
cc77656c-3d9f-4026-bbea-935876a9ebce,148,86,1ff53102-f524-4e53-93fb-49e584cb164b,906096d6-f0f6-4da5-9c19-dc403afb4bb8,b0715258-4719-4ce5-8a85-03ccda2c376c,2026-02-21 13:12:00,
eaf78592-e3f7-4890-8e00-ad18001ebeaa,123,100,00b17037-d400-4dff-9015-8b25f6f490f9,906096d6-f0f6-4da5-9c19-dc403afb4bb8,9bae34d8-d312-48ce-9bbf-17fa6222b3f6,2026-07-12 14:28:00,
07982c7b-128c-4b9c-b51e-d4092789ef41,122,93,00b17037-d400-4dff-9015-8b25f6f490f9,906096d6-f0f6-4da5-9c19-dc403afb4bb8,9bae34d8-d312-48ce-9bbf-17fa6222b3f6,2026-08-12 10:44:00,
e4f86129-8c47-409f-8e4a-80d855a60513,128,84,00b17037-d400-4dff-9015-8b25f6f490f9,906096d6-f0f6-4da5-9c19-dc403afb4bb8,8cc3bb69-3add-47d5-9cd2-8cff31252948,2026-09-09 11:45:00,
f2bb10bb-b372-4cec-b0cf-b817da47a44f,139,100,f042c1c1-3dde-4647-bddc-aab05986d7b3,552564e7-84a4-4534-acfd-938092f72643,c762646d-3ec2-420a-956d-f1b73ea05187,2024-09-10 14:51:00,
0da56843-5187-4da8-9ed8-4797b78da22e,121,91,f042c1c1-3dde-4647-bddc-aab05986d7b3,552564e7-84a4-4534-acfd-938092f72643,448fb26c-4d06-4d9f-a11d-a2745fb4d4c6,2024-10-03 09:01:00,
8272cef0-67ef-48f7-bb1f-28bc2af01b52,109,89,f042c1c1-3dde-4647-bddc-aab05986d7b3,552564e7-84a4-4534-acfd-938092f72643,448fb26c-4d06-4d9f-a11d-a2745fb4d4c6,2024-10-29 09:05:00,
31d02268-9c41-4f92-b8a1-f56547ce792a,198,91,fe05bf35-3b97-44c6-a7dd-757350f4d983,ffe42279-f3bd-4683-a6a8-52c1bb9651f3,246dee45-3351-44d3-8a3a-ca414c46c168,2025-06-01 13:11:00,
62956f03-3a89-4c95-8e7c-f35478b7e99f,204,94,fe05bf35-3b97-44c6-a7dd-757350f4d983,ffe42279-f3bd-4683-a6a8-52c1bb9651f3,353297dd-2e3c-46c0-a49c-7fd69ac2c389,2025-07-02 14:22:00,
c8ff2637-f818-45c3-8b40-010cc3b1c783,196,92,fe05bf35-3b97-44c6-a7dd-757350f4d983,ffe42279-f3bd-4683-a6a8-52c1bb9651f3,353297dd-2e3c-46c0-a49c-7fd69ac2c389,2025-07-17 08:52:00,
d33175f5-1e90-4a61-bf89-b453731bd76b,202,89,fe05bf35-3b97-44c6-a7dd-757350f4d983,ffe42279-f3bd-4683-a6a8-52c1bb9651f3,4519b91f-242d-4e4d-ae0c-da1f0c701874,2025-08-03 10:55:00,
e6c7836a-c35d-4bd6-abfa-b988e82614a7,141,103,75bfba9d-4dc2-414d-bf30-01153edd908a,906096d6-f0f6-4da5-9c19-dc403afb4bb8,8cc3bb69-3add-47d5-9cd2-8cff31252948,2026-05-04 14:36:00,
729d3fda-9098-4fac-8537-8d37d689b3ca,147,95,75bfba9d-4dc2-414d-bf30-01153edd908a,906096d6-f0f6-4da5-9c19-dc403afb4bb8,8cc3bb69-3add-47d5-9cd2-8cff31252948,2026-05-14 10:35:00,
f282cfff-6dea-4a2b-b8f8-2101902edc9d,135,91,75bfba9d-4dc2-414d-bf30-01153edd908a,906096d6-f0f6-4da5-9c19-dc403afb4bb8,b0715258-4719-4ce5-8a85-03ccda2c376c,2026-06-14 10:18:00,
b918be27-30b1-44d6-9da8-35e9dc17aa02,134,103,75bfba9d-4dc2-414d-bf30-01153edd908a,906096d6-f0f6-4da5-9c19-dc403afb4bb8,9bae34d8-d312-48ce-9bbf-17fa6222b3f6,2026-07-13 15:20:00,
d0db649e-e107-4187-adab-16bfff325061,131,106,75bfba9d-4dc2-414d-bf30-01153edd908a,906096d6-f0f6-4da5-9c19-dc403afb4bb8,9bae34d8-d312-48ce-9bbf-17fa6222b3f6,2026-08-13 10:46:00,
f3b88606-2fae-42d0-9c7c-8bdbd0f8e6ba,114,103,75bfba9d-4dc2-414d-bf30-01153edd908a,906096d6-f0f6-4da5-9c19-dc403afb4bb8,b0715258-4719-4ce5-8a85-03ccda2c376c,2026-09-11 09:30:00,
c7e5a625-7bd3-4742-8670-9093bec50608,172,87,d5aa1d60-d9c3-4956-b1b1-b8d9e7d7b5f5,906096d6-f0f6-4da5-9c19-dc403afb4bb8,9bae34d8-d312-48ce-9bbf-17fa6222b3f6,2026-05-10 11:39:00,
a81392d0-87f0-4be7-9fd1-37e5e765d5d9,151,97,b30d62fc-d861-41ab-b81c-8f5f8d624691,ffe42279-f3bd-4683-a6a8-52c1bb9651f3,cd18ec08-f6a4-4724-926f-acd2aeb0daf2,2025-09-06 08:26:00,
9a0ec898-0297-4527-ad54-0da0024e6450,145,102,b30d62fc-d861-41ab-b81c-8f5f8d624691,ffe42279-f3bd-4683-a6a8-52c1bb9651f3,4519b91f-242d-4e4d-ae0c-da1f0c701874,2025-10-04 08:49:00,
5b3fa9d1-13d8-43c2-b5a5-9c16ac30002e,136,104,b30d62fc-d861-41ab-b81c-8f5f8d624691,ffe42279-f3bd-4683-a6a8-52c1bb9651f3,cd18ec08-f6a4-4724-926f-acd2aeb0daf2,2025-11-02 10:46:00,
19b828bd-3e79-4f34-beb1-3997ba5c6a17,139,101,b30d62fc-d861-41ab-b81c-8f5f8d624691,ffe42279-f3bd-4683-a6a8-52c1bb9651f3,246dee45-3351-44d3-8a3a-ca414c46c168,2025-12-02 10:05:00,
a915aa68-e414-4670-ace0-5088bd8a74cd,129,94,b30d62fc-d861-41ab-b81c-8f5f8d624691,ffe42279-f3bd-4683-a6a8-52c1bb9651f3,246dee45-3351-44d3-8a3a-ca414c46c168,2025-12-28 08:59:00,
f8872c8f-9ac9-45a0-85c8-2c7328228680,137,89,b30d62fc-d861-41ab-b81c-8f5f8d624691,ffe42279-f3bd-4683-a6a8-52c1bb9651f3,246dee45-3351-44d3-8a3a-ca414c46c168,2026-02-14 13:51:00,
fc788325-ee3a-471d-9e85-063bdd18091e,139,84,b30d62fc-d861-41ab-b81c-8f5f8d624691,ffe42279-f3bd-4683-a6a8-52c1bb9651f3,4519b91f-242d-4e4d-ae0c-da1f0c701874,2026-08-09 09:46:00,
4c98c33c-d2fb-4bc4-8d12-2a87877255bd,129,85,b30d62fc-d861-41ab-b81c-8f5f8d624691,ffe42279-f3bd-4683-a6a8-52c1bb9651f3,cd18ec08-f6a4-4724-926f-acd2aeb0daf2,2026-09-07 13:57:00,
a2c45af9-3015-4195-998f-7a11566e40f3,179,105,d09d09b0-c9ec-4723-9a60-c9ab8b291ea6,ffe42279-f3bd-4683-a6a8-52c1bb9651f3,246dee45-3351-44d3-8a3a-ca414c46c168,2025-05-23 08:35:00,
4375e662-2dd9-4229-9aa5-78eed2d207b4,171,100,d09d09b0-c9ec-4723-9a60-c9ab8b291ea6,ffe42279-f3bd-4683-a6a8-52c1bb9651f3,353297dd-2e3c-46c0-a49c-7fd69ac2c389,2025-06-22 08:25:00,
8fa55ce3-a5cf-49bf-8a93-cab3e19c7ee2,171,98,d09d09b0-c9ec-4723-9a60-c9ab8b291ea6,ffe42279-f3bd-4683-a6a8-52c1bb9651f3,4519b91f-242d-4e4d-ae0c-da1f0c701874,2025-07-04 08:52:00,
8964f376-769f-4e2d-97c2-5bf2b7cbc620,165,100,d09d09b0-c9ec-4723-9a60-c9ab8b291ea6,ffe42279-f3bd-4683-a6a8-52c1bb9651f3,353297dd-2e3c-46c0-a49c-7fd69ac2c389,2025-08-04 12:31:00,
19cc5507-73f6-4060-af2e-7319f6a12bef,168,97,d09d09b0-c9ec-4723-9a60-c9ab8b291ea6,ffe42279-f3bd-4683-a6a8-52c1bb9651f3,353297dd-2e3c-46c0-a49c-7fd69ac2c389,2025-09-22 15:45:00,
8365dc56-0067-4b9d-bffe-26d4e6889cda,155,98,d09d09b0-c9ec-4723-9a60-c9ab8b291ea6,ffe42279-f3bd-4683-a6a8-52c1bb9651f3,353297dd-2e3c-46c0-a49c-7fd69ac2c389,2025-10-24 15:30:00,
73ef3958-70f9-4ba5-8d1b-ad50e88f790b,151,95,d09d09b0-c9ec-4723-9a60-c9ab8b291ea6,ffe42279-f3bd-4683-a6a8-52c1bb9651f3,cd18ec08-f6a4-4724-926f-acd2aeb0daf2,2025-11-18 08:07:00,
5615e807-009a-4a4e-8b8a-f117d7be559d,146,80,d09d09b0-c9ec-4723-9a60-c9ab8b291ea6,ffe42279-f3bd-4683-a6a8-52c1bb9651f3,4519b91f-242d-4e4d-ae0c-da1f0c701874,2025-12-18 15:08:00,
35308268-8dac-48e5-bd5e-5fd829ce003b,141,81,d09d09b0-c9ec-4723-9a60-c9ab8b291ea6,ffe42279-f3bd-4683-a6a8-52c1bb9651f3,4519b91f-242d-4e4d-ae0c-da1f0c701874,2025-12-31 13:31:00,
ef7cdf9a-61b0-4c5f-9247-399169c2290f,138,78,d09d09b0-c9ec-4723-9a60-c9ab8b291ea6,ffe42279-f3bd-4683-a6a8-52c1bb9651f3,246dee45-3351-44d3-8a3a-ca414c46c168,2026-01-31 11:36:00,
95cc5a5b-9fcd-43ad-b36f-9013da43e574,118,78,d09d09b0-c9ec-4723-9a60-c9ab8b291ea6,ffe42279-f3bd-4683-a6a8-52c1bb9651f3,353297dd-2e3c-46c0-a49c-7fd69ac2c389,2026-03-27 09:56:00,
b232f680-783c-40e9-a2b8-ce0b8c65e65a,125,77,d09d09b0-c9ec-4723-9a60-c9ab8b291ea6,ffe42279-f3bd-4683-a6a8-52c1bb9651f3,4519b91f-242d-4e4d-ae0c-da1f0c701874,2026-05-23 09:04:00,
4e2068cf-08dc-47fa-8b31-8c5f5e641e77,134,109,6911cfaa-23dd-4278-b8f6-8a557e268f32,5f213a58-b179-42d7-9c05-e29474526e82,2db9a55b-d59a-4a30-a4c8-bf7ae0a1e014,2025-07-11 11:41:00,
2addcabe-c67f-454c-ab70-e176280e1eac,139,100,6911cfaa-23dd-4278-b8f6-8a557e268f32,5f213a58-b179-42d7-9c05-e29474526e82,b302ab11-03e4-4bae-be36-6ec2662f7fc9,2025-08-11 15:43:00,
df0a326e-d355-4796-b639-f1991919b17f,131,96,6911cfaa-23dd-4278-b8f6-8a557e268f32,5f213a58-b179-42d7-9c05-e29474526e82,2db9a55b-d59a-4a30-a4c8-bf7ae0a1e014,2025-10-10 13:43:00,
e0e5b317-efd0-4920-8cf8-27d788ad66c8,130,96,6911cfaa-23dd-4278-b8f6-8a557e268f32,5f213a58-b179-42d7-9c05-e29474526e82,406a76ac-2a9d-4982-b6f8-1efb7296c6c0,2025-10-25 08:09:00,
f057bc62-8cd6-4129-a40e-26fabaf4d883,131,100,6911cfaa-23dd-4278-b8f6-8a557e268f32,5f213a58-b179-42d7-9c05-e29474526e82,b302ab11-03e4-4bae-be36-6ec2662f7fc9,2025-11-22 12:36:00,
f5ae67bc-8134-4bfa-b21a-0103c33db80d,118,109,6911cfaa-23dd-4278-b8f6-8a557e268f32,5f213a58-b179-42d7-9c05-e29474526e82,2db9a55b-d59a-4a30-a4c8-bf7ae0a1e014,2025-12-20 08:19:00,
a14f25e4-0a9b-4584-aa6c-ee9edee30636,125,112,6911cfaa-23dd-4278-b8f6-8a557e268f32,5f213a58-b179-42d7-9c05-e29474526e82,2db9a55b-d59a-4a30-a4c8-bf7ae0a1e014,2026-03-21 12:47:00,
bdcfc0e0-e908-433e-b478-31ea612f9584,124,110,6911cfaa-23dd-4278-b8f6-8a557e268f32,5f213a58-b179-42d7-9c05-e29474526e82,8e0d0bd7-32bc-44e0-8bb3-7f4f4b13cf78,2026-04-19 09:46:00,
6d9b5cba-1b3d-47f5-943f-6d1f9c150926,122,102,6911cfaa-23dd-4278-b8f6-8a557e268f32,5f213a58-b179-42d7-9c05-e29474526e82,b302ab11-03e4-4bae-be36-6ec2662f7fc9,2026-05-18 10:25:00,
3e86d7b7-07d8-4a55-9cfd-724712831815,118,104,6911cfaa-23dd-4278-b8f6-8a557e268f32,5f213a58-b179-42d7-9c05-e29474526e82,406a76ac-2a9d-4982-b6f8-1efb7296c6c0,2026-07-12 14:28:00,
166f7dcf-a3d8-4c65-8a72-d773a696144c,107,99,6911cfaa-23dd-4278-b8f6-8a557e268f32,5f213a58-b179-42d7-9c05-e29474526e82,406a76ac-2a9d-4982-b6f8-1efb7296c6c0,2026-07-29 12:36:00,
238a5619-2cf4-41a0-a9ac-119f414c87e4,142,76,d2543b90-a9c9-4cd4-8244-3ab6223536b5,552564e7-84a4-4534-acfd-938092f72643,0035c5bf-742a-4ff6-9e23-941764d58bb9,2024-10-03 14:49:00,
6621179e-6b90-447b-be5d-b3b95e44bf88,131,82,d2543b90-a9c9-4cd4-8244-3ab6223536b5,552564e7-84a4-4534-acfd-938092f72643,f3161305-31e6-47c0-8597-e00f4ddec847,2024-10-30 12:18:00,
4f76cb8c-178b-4fb2-9257-28d4560fe4ce,194,101,0b23d63c-cf0d-4a35-a0cc-c1877d57eafd,552564e7-84a4-4534-acfd-938092f72643,f3161305-31e6-47c0-8597-e00f4ddec847,2025-10-18 11:14:00,
f5e06b9a-132e-4b1f-8b1c-eec6e3a735af,157,89,53c94caa-6c76-405d-b011-fdf88d4425ec,da845e7d-fedd-47ac-b12d-fb734b6449eb,5e76f2ad-b087-4dc4-9d25-73e3e0503036,2026-06-02 14:24:00,
13ff0f27-feef-4e35-a819-148d98356cd6,146,95,1735900a-9b6b-4fce-a7f3-ad4fa5671acf,906096d6-f0f6-4da5-9c19-dc403afb4bb8,8cc3bb69-3add-47d5-9cd2-8cff31252948,2025-01-02 13:49:00,
fc7f726f-3b5d-4ac2-8c5b-2a3ae4b74bfb,147,98,1735900a-9b6b-4fce-a7f3-ad4fa5671acf,906096d6-f0f6-4da5-9c19-dc403afb4bb8,b0715258-4719-4ce5-8a85-03ccda2c376c,2025-03-03 09:16:00,
dfc8dc35-5fee-47fe-893b-c63d7aec3e97,141,98,1735900a-9b6b-4fce-a7f3-ad4fa5671acf,906096d6-f0f6-4da5-9c19-dc403afb4bb8,8cc3bb69-3add-47d5-9cd2-8cff31252948,2025-03-26 10:01:00,
fa5cfda1-d9fc-4c78-8a7d-e22679f68f45,141,86,1735900a-9b6b-4fce-a7f3-ad4fa5671acf,906096d6-f0f6-4da5-9c19-dc403afb4bb8,9bae34d8-d312-48ce-9bbf-17fa6222b3f6,2025-05-23 13:11:00,
ad7dbeb4-93f0-47ba-b397-a4f2188b4b15,129,96,169cd9ca-d881-45bc-a78e-c5c031b47fe6,906096d6-f0f6-4da5-9c19-dc403afb4bb8,9bae34d8-d312-48ce-9bbf-17fa6222b3f6,2024-10-12 10:18:00,
24312166-131a-4394-bcc6-ccf28a8d7fe6,140,101,169cd9ca-d881-45bc-a78e-c5c031b47fe6,906096d6-f0f6-4da5-9c19-dc403afb4bb8,9bae34d8-d312-48ce-9bbf-17fa6222b3f6,2024-11-18 10:47:00,
86722dfc-a31c-4d77-9af1-3009557af63f,147,102,169cd9ca-d881-45bc-a78e-c5c031b47fe6,906096d6-f0f6-4da5-9c19-dc403afb4bb8,8cc3bb69-3add-47d5-9cd2-8cff31252948,2025-03-22 09:01:00,
cd6b4c62-e358-40dc-b04e-5a7b7c22b819,153,95,169cd9ca-d881-45bc-a78e-c5c031b47fe6,906096d6-f0f6-4da5-9c19-dc403afb4bb8,9bae34d8-d312-48ce-9bbf-17fa6222b3f6,2025-05-09 11:52:00,
31c40e79-e833-46ae-9f9a-25764c694582,145,98,d94b9bdf-7e65-4d84-9b13-235e8e86a0d7,ffe42279-f3bd-4683-a6a8-52c1bb9651f3,246dee45-3351-44d3-8a3a-ca414c46c168,2024-12-01 15:36:00,
2031d4c3-3065-4627-92ff-21244814a622,140,101,d94b9bdf-7e65-4d84-9b13-235e8e86a0d7,ffe42279-f3bd-4683-a6a8-52c1bb9651f3,353297dd-2e3c-46c0-a49c-7fd69ac2c389,2024-12-26 11:40:00,
bd8ec3a3-a735-4cd7-9561-fb1e25febc01,134,101,d94b9bdf-7e65-4d84-9b13-235e8e86a0d7,ffe42279-f3bd-4683-a6a8-52c1bb9651f3,cd18ec08-f6a4-4724-926f-acd2aeb0daf2,2025-01-22 13:49:00,
1245ae56-12dd-4e8a-8a22-f7c28cd68e78,123,102,d94b9bdf-7e65-4d84-9b13-235e8e86a0d7,ffe42279-f3bd-4683-a6a8-52c1bb9651f3,4519b91f-242d-4e4d-ae0c-da1f0c701874,2025-02-20 09:07:00,
75de8f84-9eef-472a-8220-35acc125a1ed,108,100,d94b9bdf-7e65-4d84-9b13-235e8e86a0d7,ffe42279-f3bd-4683-a6a8-52c1bb9651f3,cd18ec08-f6a4-4724-926f-acd2aeb0daf2,2025-03-07 13:19:00,
2c70b63e-1750-4001-8135-aeb9ce07a6c9,105,104,d94b9bdf-7e65-4d84-9b13-235e8e86a0d7,ffe42279-f3bd-4683-a6a8-52c1bb9651f3,4519b91f-242d-4e4d-ae0c-da1f0c701874,2025-03-30 13:10:00,
88cc8639-0b91-4a37-9afb-a47724120387,105,101,d94b9bdf-7e65-4d84-9b13-235e8e86a0d7,ffe42279-f3bd-4683-a6a8-52c1bb9651f3,246dee45-3351-44d3-8a3a-ca414c46c168,2025-06-11 13:33:00,
5d334f77-1959-404e-ac5e-2d5a9baeb950,112,96,d94b9bdf-7e65-4d84-9b13-235e8e86a0d7,ffe42279-f3bd-4683-a6a8-52c1bb9651f3,246dee45-3351-44d3-8a3a-ca414c46c168,2025-08-14 13:44:00,
009c619c-22a6-416f-ab05-0a4fe8351104,108,99,d94b9bdf-7e65-4d84-9b13-235e8e86a0d7,ffe42279-f3bd-4683-a6a8-52c1bb9651f3,246dee45-3351-44d3-8a3a-ca414c46c168,2025-09-10 13:41:00,
b718dc94-8f17-4aef-8012-bff0a1cb88ca,107,102,d94b9bdf-7e65-4d84-9b13-235e8e86a0d7,ffe42279-f3bd-4683-a6a8-52c1bb9651f3,353297dd-2e3c-46c0-a49c-7fd69ac2c389,2025-10-09 15:43:00,
70c9258e-8f19-4de0-9013-b3c711048257,105,108,d94b9bdf-7e65-4d84-9b13-235e8e86a0d7,ffe42279-f3bd-4683-a6a8-52c1bb9651f3,246dee45-3351-44d3-8a3a-ca414c46c168,2025-11-08 15:00:00,
e057bb14-2d44-4820-b6e5-6b55552b3b13,105,112,d94b9bdf-7e65-4d84-9b13-235e8e86a0d7,ffe42279-f3bd-4683-a6a8-52c1bb9651f3,cd18ec08-f6a4-4724-926f-acd2aeb0daf2,2025-12-03 09:59:00,
9a310caf-3d1b-4ae7-ac01-301abaedebe7,105,96,d94b9bdf-7e65-4d84-9b13-235e8e86a0d7,ffe42279-f3bd-4683-a6a8-52c1bb9651f3,246dee45-3351-44d3-8a3a-ca414c46c168,2025-12-31 10:11:00,
74123e77-d808-499b-afe6-046bf8a27c16,110,92,d94b9bdf-7e65-4d84-9b13-235e8e86a0d7,ffe42279-f3bd-4683-a6a8-52c1bb9651f3,cd18ec08-f6a4-4724-926f-acd2aeb0daf2,2026-01-23 08:21:00,
535988f4-9e9d-4ecd-9a46-33a58b8b6e60,110,98,d94b9bdf-7e65-4d84-9b13-235e8e86a0d7,ffe42279-f3bd-4683-a6a8-52c1bb9651f3,cd18ec08-f6a4-4724-926f-acd2aeb0daf2,2026-04-02 15:43:00,
fb5cfd79-c495-459b-85e1-75318bfd112c,105,106,d94b9bdf-7e65-4d84-9b13-235e8e86a0d7,ffe42279-f3bd-4683-a6a8-52c1bb9651f3,353297dd-2e3c-46c0-a49c-7fd69ac2c389,2026-05-02 12:10:00,
14bd12be-0ef6-4847-bbc8-23650e298f84,105,112,d94b9bdf-7e65-4d84-9b13-235e8e86a0d7,ffe42279-f3bd-4683-a6a8-52c1bb9651f3,cd18ec08-f6a4-4724-926f-acd2aeb0daf2,2026-05-16 08:32:00,
00e5df85-5ab1-4c20-9bf2-ca06dffb2596,105,100,d94b9bdf-7e65-4d84-9b13-235e8e86a0d7,ffe42279-f3bd-4683-a6a8-52c1bb9651f3,246dee45-3351-44d3-8a3a-ca414c46c168,2026-05-29 13:30:00,
28512b72-119d-4f8f-89f0-18630727b168,105,93,d94b9bdf-7e65-4d84-9b13-235e8e86a0d7,ffe42279-f3bd-4683-a6a8-52c1bb9651f3,4519b91f-242d-4e4d-ae0c-da1f0c701874,2026-06-15 12:11:00,
22a701e4-136d-4c1a-b17f-eb9acfd76dcf,177,95,d2acf484-385b-444c-9ff1-9bd6235e876c,5f213a58-b179-42d7-9c05-e29474526e82,2db9a55b-d59a-4a30-a4c8-bf7ae0a1e014,2025-08-17 10:26:00,
c89d776f-fa5b-4968-836b-4ae7787f2209,178,87,d2acf484-385b-444c-9ff1-9bd6235e876c,5f213a58-b179-42d7-9c05-e29474526e82,b302ab11-03e4-4bae-be36-6ec2662f7fc9,2025-09-14 12:37:00,
2b364677-2930-4cf7-8d70-36df7cf61cdd,181,86,d2acf484-385b-444c-9ff1-9bd6235e876c,5f213a58-b179-42d7-9c05-e29474526e82,406a76ac-2a9d-4982-b6f8-1efb7296c6c0,2025-10-12 11:56:00,
d5b671f8-e589-447c-85bd-1f2ca6e1487d,167,81,d2acf484-385b-444c-9ff1-9bd6235e876c,5f213a58-b179-42d7-9c05-e29474526e82,406a76ac-2a9d-4982-b6f8-1efb7296c6c0,2025-11-07 08:18:00,
3884037e-28a2-4347-82b9-ee33fdab002b,176,83,d2acf484-385b-444c-9ff1-9bd6235e876c,5f213a58-b179-42d7-9c05-e29474526e82,2db9a55b-d59a-4a30-a4c8-bf7ae0a1e014,2025-12-22 13:42:00,
125d5df1-588a-4139-8699-89fd21b77792,171,80,d2acf484-385b-444c-9ff1-9bd6235e876c,5f213a58-b179-42d7-9c05-e29474526e82,406a76ac-2a9d-4982-b6f8-1efb7296c6c0,2026-01-17 08:06:00,
73300d62-51a8-4ecf-bc4a-6ecba0377802,173,85,d2acf484-385b-444c-9ff1-9bd6235e876c,5f213a58-b179-42d7-9c05-e29474526e82,2db9a55b-d59a-4a30-a4c8-bf7ae0a1e014,2026-03-31 14:35:00,
5e47f396-c1f1-4b99-a684-c7cec041cd8c,158,98,d2acf484-385b-444c-9ff1-9bd6235e876c,5f213a58-b179-42d7-9c05-e29474526e82,406a76ac-2a9d-4982-b6f8-1efb7296c6c0,2026-05-19 14:21:00,
77a6cb27-6734-482d-bb4a-34ea6a22a868,148,93,d2acf484-385b-444c-9ff1-9bd6235e876c,5f213a58-b179-42d7-9c05-e29474526e82,b302ab11-03e4-4bae-be36-6ec2662f7fc9,2026-07-01 10:04:00,
6e7988f7-cff0-4b2f-9b46-252259e93514,146,88,d2acf484-385b-444c-9ff1-9bd6235e876c,5f213a58-b179-42d7-9c05-e29474526e82,2db9a55b-d59a-4a30-a4c8-bf7ae0a1e014,2026-07-26 09:47:00,
8948c4cd-820e-4160-baa6-f53ae4342a32,116,80,d2acf484-385b-444c-9ff1-9bd6235e876c,5f213a58-b179-42d7-9c05-e29474526e82,b302ab11-03e4-4bae-be36-6ec2662f7fc9,2026-08-20 08:27:00,
6dc85951-7796-4dfe-83ba-bb65d692596f,178,69,10bfb3f5-36f7-444f-b7ab-a6c25971282b,5f213a58-b179-42d7-9c05-e29474526e82,2db9a55b-d59a-4a30-a4c8-bf7ae0a1e014,2025-09-14 11:04:00,
d1e39af9-f7bf-439a-9667-87b869ab19b2,181,71,10bfb3f5-36f7-444f-b7ab-a6c25971282b,5f213a58-b179-42d7-9c05-e29474526e82,8e0d0bd7-32bc-44e0-8bb3-7f4f4b13cf78,2025-10-14 15:27:00,
28f2c567-c055-469f-96de-91bca69ab8d4,175,65,10bfb3f5-36f7-444f-b7ab-a6c25971282b,5f213a58-b179-42d7-9c05-e29474526e82,406a76ac-2a9d-4982-b6f8-1efb7296c6c0,2025-11-14 14:38:00,
2f96b6ea-9308-491c-85fb-2517790c8353,167,65,10bfb3f5-36f7-444f-b7ab-a6c25971282b,5f213a58-b179-42d7-9c05-e29474526e82,8e0d0bd7-32bc-44e0-8bb3-7f4f4b13cf78,2025-12-15 10:42:00,
f290f7c0-e184-40d8-b6ae-441f776941b2,161,65,10bfb3f5-36f7-444f-b7ab-a6c25971282b,5f213a58-b179-42d7-9c05-e29474526e82,b302ab11-03e4-4bae-be36-6ec2662f7fc9,2026-01-09 15:05:00,
edd065be-1a8f-412b-9bc6-6e9e1035510b,148,65,10bfb3f5-36f7-444f-b7ab-a6c25971282b,5f213a58-b179-42d7-9c05-e29474526e82,b302ab11-03e4-4bae-be36-6ec2662f7fc9,2026-01-23 12:04:00,
4777c15c-f281-4e93-b845-54e1448f5e22,166,84,29ea352a-4a1e-4376-afb8-972e8fdecc76,5f213a58-b179-42d7-9c05-e29474526e82,406a76ac-2a9d-4982-b6f8-1efb7296c6c0,2025-05-16 13:04:00,
e2d1a3cd-0f8f-4cee-8ff4-143c06e6f491,169,74,29ea352a-4a1e-4376-afb8-972e8fdecc76,5f213a58-b179-42d7-9c05-e29474526e82,8e0d0bd7-32bc-44e0-8bb3-7f4f4b13cf78,2025-06-08 11:05:00,
68e728fe-1885-4bb0-8519-42ae1e2a1502,152,82,29ea352a-4a1e-4376-afb8-972e8fdecc76,5f213a58-b179-42d7-9c05-e29474526e82,406a76ac-2a9d-4982-b6f8-1efb7296c6c0,2025-07-11 08:36:00,
274cc291-859a-4cfe-b0c9-63762b1f9f54,158,82,29ea352a-4a1e-4376-afb8-972e8fdecc76,5f213a58-b179-42d7-9c05-e29474526e82,2db9a55b-d59a-4a30-a4c8-bf7ae0a1e014,2025-08-21 15:51:00,
7e671a23-9f49-4631-bcb7-84ffe3a4b5bb,148,82,29ea352a-4a1e-4376-afb8-972e8fdecc76,5f213a58-b179-42d7-9c05-e29474526e82,2db9a55b-d59a-4a30-a4c8-bf7ae0a1e014,2025-09-01 10:21:00,
76d1793b-21f7-47cb-a530-c7775018db20,130,118,84205bf5-8a7d-4ac6-ab4e-963cd366dabc,5f213a58-b179-42d7-9c05-e29474526e82,2db9a55b-d59a-4a30-a4c8-bf7ae0a1e014,2026-06-29 09:56:00,
c9938bcc-9c84-4c07-b8d5-afa43ed31206,121,118,84205bf5-8a7d-4ac6-ab4e-963cd366dabc,5f213a58-b179-42d7-9c05-e29474526e82,b302ab11-03e4-4bae-be36-6ec2662f7fc9,2026-07-29 08:25:00,
af0dc776-9bb2-4b23-add6-b2b746afe42f,123,115,84205bf5-8a7d-4ac6-ab4e-963cd366dabc,5f213a58-b179-42d7-9c05-e29474526e82,2db9a55b-d59a-4a30-a4c8-bf7ae0a1e014,2026-08-24 08:54:00,
af97a99d-f9b1-41bc-a2c5-d01ebf639b32,122,108,84205bf5-8a7d-4ac6-ab4e-963cd366dabc,5f213a58-b179-42d7-9c05-e29474526e82,8e0d0bd7-32bc-44e0-8bb3-7f4f4b13cf78,2026-09-18 15:55:00,
2c7d3956-d7ea-467d-b136-171fbbeb254d,159,100,2a3950cf-9c04-4c94-a5e8-ee8e4a41769b,5f213a58-b179-42d7-9c05-e29474526e82,406a76ac-2a9d-4982-b6f8-1efb7296c6c0,2026-06-28 13:18:00,
1ab6af28-b7a7-412a-b1d2-fc55f310d3d1,151,96,2a3950cf-9c04-4c94-a5e8-ee8e4a41769b,5f213a58-b179-42d7-9c05-e29474526e82,406a76ac-2a9d-4982-b6f8-1efb7296c6c0,2026-07-26 09:03:00,
739afca4-677f-4afa-afbd-f557fb46e970,151,88,2a3950cf-9c04-4c94-a5e8-ee8e4a41769b,5f213a58-b179-42d7-9c05-e29474526e82,2db9a55b-d59a-4a30-a4c8-bf7ae0a1e014,2026-08-19 13:35:00,
1e1c1acc-d8b5-4786-abb6-39fe7e90e774,141,81,2a3950cf-9c04-4c94-a5e8-ee8e4a41769b,5f213a58-b179-42d7-9c05-e29474526e82,8e0d0bd7-32bc-44e0-8bb3-7f4f4b13cf78,2026-09-17 11:56:00,
838f026d-d8b0-4e9a-a808-0837367f74ee,134,104,097e2669-1214-47f4-a4b7-367068ebcb9f,5f213a58-b179-42d7-9c05-e29474526e82,8e0d0bd7-32bc-44e0-8bb3-7f4f4b13cf78,2026-02-19 09:34:00,
114bd609-b8ab-4216-8a52-ffb44c397edc,177,83,07888b0c-585a-49bb-82e3-e4a98a3465c0,552564e7-84a4-4534-acfd-938092f72643,c762646d-3ec2-420a-956d-f1b73ea05187,2024-09-07 08:03:00,
3bf16869-19cc-4772-8b41-7ba29ea32577,181,80,07888b0c-585a-49bb-82e3-e4a98a3465c0,552564e7-84a4-4534-acfd-938092f72643,0035c5bf-742a-4ff6-9e23-941764d58bb9,2024-10-06 08:57:00,
ed1d9b54-4ce4-4dea-9da4-4502e0e12e98,178,85,07888b0c-585a-49bb-82e3-e4a98a3465c0,552564e7-84a4-4534-acfd-938092f72643,213c0975-3815-4ea4-ba67-23c54c2546da,2024-11-11 08:40:00,
0ea161c5-6fde-4889-a66f-916eb4341002,181,83,07888b0c-585a-49bb-82e3-e4a98a3465c0,552564e7-84a4-4534-acfd-938092f72643,213c0975-3815-4ea4-ba67-23c54c2546da,2025-02-07 15:41:00,
5267ed13-a1cb-4e78-82e6-6e46150031b2,174,78,07888b0c-585a-49bb-82e3-e4a98a3465c0,552564e7-84a4-4534-acfd-938092f72643,448fb26c-4d06-4d9f-a11d-a2745fb4d4c6,2025-02-20 13:05:00,
9d85036c-ec53-418e-be0d-6396ed6de382,170,80,07888b0c-585a-49bb-82e3-e4a98a3465c0,552564e7-84a4-4534-acfd-938092f72643,c762646d-3ec2-420a-956d-f1b73ea05187,2025-03-23 09:00:00,
75fed759-21e4-4508-812f-9b0e5eff7607,172,84,07888b0c-585a-49bb-82e3-e4a98a3465c0,552564e7-84a4-4534-acfd-938092f72643,213c0975-3815-4ea4-ba67-23c54c2546da,2025-04-25 09:36:00,
eec2f96d-7fa0-40b9-850c-bf2195da5bd1,160,77,07888b0c-585a-49bb-82e3-e4a98a3465c0,552564e7-84a4-4534-acfd-938092f72643,f3161305-31e6-47c0-8597-e00f4ddec847,2025-05-10 13:28:00,
e34f7f60-23e4-436f-b913-a1f868f2e621,146,84,07888b0c-585a-49bb-82e3-e4a98a3465c0,552564e7-84a4-4534-acfd-938092f72643,c762646d-3ec2-420a-956d-f1b73ea05187,2025-06-04 09:30:00,
30cf2c81-c40f-4aa3-98e8-6dc68e507731,111,74,07888b0c-585a-49bb-82e3-e4a98a3465c0,552564e7-84a4-4534-acfd-938092f72643,0035c5bf-742a-4ff6-9e23-941764d58bb9,2025-07-04 13:15:00,
742fa17e-3549-40b0-bda6-dc7df67e8735,105,74,07888b0c-585a-49bb-82e3-e4a98a3465c0,552564e7-84a4-4534-acfd-938092f72643,0035c5bf-742a-4ff6-9e23-941764d58bb9,2025-08-31 10:51:00,
24c4f95d-230e-4788-abfd-cbe9539a9f0b,111,77,07888b0c-585a-49bb-82e3-e4a98a3465c0,552564e7-84a4-4534-acfd-938092f72643,f3161305-31e6-47c0-8597-e00f4ddec847,2025-11-03 15:51:00,
7f26cd90-3895-4289-bccb-90fec2839d64,105,72,07888b0c-585a-49bb-82e3-e4a98a3465c0,552564e7-84a4-4534-acfd-938092f72643,213c0975-3815-4ea4-ba67-23c54c2546da,2025-12-28 14:36:00,
c8991084-54e3-43c0-b0f9-284b0e139792,119,73,07888b0c-585a-49bb-82e3-e4a98a3465c0,552564e7-84a4-4534-acfd-938092f72643,c762646d-3ec2-420a-956d-f1b73ea05187,2026-01-22 14:11:00,
165bf20a-642d-4f82-9200-a1d8d1f26fb6,186,90,1f3d92df-bd4c-455b-ae16-1c2bbf143724,5f213a58-b179-42d7-9c05-e29474526e82,8e0d0bd7-32bc-44e0-8bb3-7f4f4b13cf78,2025-06-18 15:54:00,
37cabacf-51c7-417c-b69e-5ae9c45e5b6e,181,89,1f3d92df-bd4c-455b-ae16-1c2bbf143724,5f213a58-b179-42d7-9c05-e29474526e82,8e0d0bd7-32bc-44e0-8bb3-7f4f4b13cf78,2025-11-22 08:01:00,
38592d35-b0ca-45ab-aecf-d665f050bbd7,177,82,1f3d92df-bd4c-455b-ae16-1c2bbf143724,5f213a58-b179-42d7-9c05-e29474526e82,b302ab11-03e4-4bae-be36-6ec2662f7fc9,2025-12-16 08:16:00,
26d74d9d-25c1-48e0-be4e-bccecb3615ff,185,85,1f3d92df-bd4c-455b-ae16-1c2bbf143724,5f213a58-b179-42d7-9c05-e29474526e82,8e0d0bd7-32bc-44e0-8bb3-7f4f4b13cf78,2026-01-21 11:48:00,
35e229f2-4437-4f25-9264-e8c581c48b7c,140,90,eedd09c9-d902-4a33-a350-94fd6ed36f43,ffe42279-f3bd-4683-a6a8-52c1bb9651f3,cd18ec08-f6a4-4724-926f-acd2aeb0daf2,2025-01-26 15:38:00,
ede14b0f-4c46-4e76-9865-2465c97d675f,123,80,eedd09c9-d902-4a33-a350-94fd6ed36f43,ffe42279-f3bd-4683-a6a8-52c1bb9651f3,353297dd-2e3c-46c0-a49c-7fd69ac2c389,2025-02-08 09:58:00,
1007a334-91e3-44e0-8bcd-817de9b41d5a,127,77,eedd09c9-d902-4a33-a350-94fd6ed36f43,ffe42279-f3bd-4683-a6a8-52c1bb9651f3,4519b91f-242d-4e4d-ae0c-da1f0c701874,2025-03-08 08:33:00,
47152d79-e3d0-442e-a97f-53d9b11fe801,127,82,eedd09c9-d902-4a33-a350-94fd6ed36f43,ffe42279-f3bd-4683-a6a8-52c1bb9651f3,4519b91f-242d-4e4d-ae0c-da1f0c701874,2025-04-03 12:27:00,
c9b32a5a-5d52-4700-9c03-057236abf78e,141,69,eedd09c9-d902-4a33-a350-94fd6ed36f43,ffe42279-f3bd-4683-a6a8-52c1bb9651f3,246dee45-3351-44d3-8a3a-ca414c46c168,2025-05-02 13:53:00,
7c141d15-ef87-4861-b6e9-de76a62cb367,144,72,eedd09c9-d902-4a33-a350-94fd6ed36f43,ffe42279-f3bd-4683-a6a8-52c1bb9651f3,cd18ec08-f6a4-4724-926f-acd2aeb0daf2,2025-06-05 10:17:00,
a76af008-5887-482c-ac6b-9a2ff1ff9f7d,129,78,eedd09c9-d902-4a33-a350-94fd6ed36f43,ffe42279-f3bd-4683-a6a8-52c1bb9651f3,cd18ec08-f6a4-4724-926f-acd2aeb0daf2,2025-07-04 12:13:00,
70d25466-a73d-451e-a7cd-3404826baa6e,112,81,eedd09c9-d902-4a33-a350-94fd6ed36f43,ffe42279-f3bd-4683-a6a8-52c1bb9651f3,4519b91f-242d-4e4d-ae0c-da1f0c701874,2025-08-02 08:50:00,
090d5350-e1f5-465c-acf2-dac984f76d5f,111,87,eedd09c9-d902-4a33-a350-94fd6ed36f43,ffe42279-f3bd-4683-a6a8-52c1bb9651f3,353297dd-2e3c-46c0-a49c-7fd69ac2c389,2025-10-25 11:31:00,
c078dd28-feb0-4fd7-bfba-e08572435f44,112,82,eedd09c9-d902-4a33-a350-94fd6ed36f43,ffe42279-f3bd-4683-a6a8-52c1bb9651f3,4519b91f-242d-4e4d-ae0c-da1f0c701874,2025-12-20 13:03:00,
b9f8deaa-822d-47b7-9b50-8bc59f814a6e,115,75,eedd09c9-d902-4a33-a350-94fd6ed36f43,ffe42279-f3bd-4683-a6a8-52c1bb9651f3,353297dd-2e3c-46c0-a49c-7fd69ac2c389,2026-02-13 08:17:00,
17e05407-0404-4b84-b010-130bd7e36437,117,65,eedd09c9-d902-4a33-a350-94fd6ed36f43,ffe42279-f3bd-4683-a6a8-52c1bb9651f3,246dee45-3351-44d3-8a3a-ca414c46c168,2026-04-09 15:28:00,
a2079c00-795e-4445-a218-628a015da50b,113,76,eedd09c9-d902-4a33-a350-94fd6ed36f43,ffe42279-f3bd-4683-a6a8-52c1bb9651f3,cd18ec08-f6a4-4724-926f-acd2aeb0daf2,2026-06-02 14:08:00,
37344074-bedc-44f0-9f1e-a8af8d3a50d1,114,77,eedd09c9-d902-4a33-a350-94fd6ed36f43,ffe42279-f3bd-4683-a6a8-52c1bb9651f3,cd18ec08-f6a4-4724-926f-acd2aeb0daf2,2026-06-30 12:43:00,
4714511d-cf1a-43b8-a19a-3fe37e74fbf7,112,85,eedd09c9-d902-4a33-a350-94fd6ed36f43,ffe42279-f3bd-4683-a6a8-52c1bb9651f3,246dee45-3351-44d3-8a3a-ca414c46c168,2026-08-28 15:07:00,
af9e1c15-6b16-4f2f-ad3d-6ca4b88d3a69,158,73,32c5aeac-6fcc-4edc-95ce-1a140b1a29d0,da845e7d-fedd-47ac-b12d-fb734b6449eb,5e76f2ad-b087-4dc4-9d25-73e3e0503036,2024-09-09 08:03:00,
db287afd-f071-4a0c-a428-a8de2833a1ad,150,73,32c5aeac-6fcc-4edc-95ce-1a140b1a29d0,da845e7d-fedd-47ac-b12d-fb734b6449eb,447e99c5-592b-43d3-805b-eb75f1251d2a,2024-10-10 13:07:00,
2dab81b7-24c9-48b2-b269-bba2d06e8283,154,65,32c5aeac-6fcc-4edc-95ce-1a140b1a29d0,da845e7d-fedd-47ac-b12d-fb734b6449eb,447e99c5-592b-43d3-805b-eb75f1251d2a,2024-10-26 09:26:00,
c2f571c9-b141-4a43-a97e-afaba0a35597,153,66,32c5aeac-6fcc-4edc-95ce-1a140b1a29d0,da845e7d-fedd-47ac-b12d-fb734b6449eb,e18956f3-25d3-4ad3-9e29-e476c974b1e2,2024-11-24 09:17:00,
d369a5cf-1177-4cc2-8cab-bad13bf5d48f,156,65,32c5aeac-6fcc-4edc-95ce-1a140b1a29d0,da845e7d-fedd-47ac-b12d-fb734b6449eb,447e99c5-592b-43d3-805b-eb75f1251d2a,2024-12-22 11:23:00,
8175b80b-f4a1-4b5d-9bcc-140e3eecc9a3,137,65,32c5aeac-6fcc-4edc-95ce-1a140b1a29d0,da845e7d-fedd-47ac-b12d-fb734b6449eb,5e76f2ad-b087-4dc4-9d25-73e3e0503036,2025-01-05 12:09:00,
88190b7c-85f9-4298-a537-d3be28bbc404,130,67,32c5aeac-6fcc-4edc-95ce-1a140b1a29d0,da845e7d-fedd-47ac-b12d-fb734b6449eb,5e76f2ad-b087-4dc4-9d25-73e3e0503036,2025-02-24 15:17:00,
3ae92821-d027-44eb-ae05-d0ac4303b60a,132,65,32c5aeac-6fcc-4edc-95ce-1a140b1a29d0,da845e7d-fedd-47ac-b12d-fb734b6449eb,5e76f2ad-b087-4dc4-9d25-73e3e0503036,2025-05-05 14:23:00,
b4a1d50f-322d-41aa-b4b3-0c738a689893,142,67,32c5aeac-6fcc-4edc-95ce-1a140b1a29d0,da845e7d-fedd-47ac-b12d-fb734b6449eb,447e99c5-592b-43d3-805b-eb75f1251d2a,2025-08-06 14:27:00,
ea5091d0-5ed4-4ab7-b317-425eea806572,125,65,32c5aeac-6fcc-4edc-95ce-1a140b1a29d0,da845e7d-fedd-47ac-b12d-fb734b6449eb,e18956f3-25d3-4ad3-9e29-e476c974b1e2,2026-03-23 15:37:00,
aa02da21-485f-4a95-a810-c851568f985a,126,67,32c5aeac-6fcc-4edc-95ce-1a140b1a29d0,da845e7d-fedd-47ac-b12d-fb734b6449eb,5e76f2ad-b087-4dc4-9d25-73e3e0503036,2026-04-20 08:35:00,
2f8c97e6-5133-46b4-ab01-ed219374de16,109,70,32c5aeac-6fcc-4edc-95ce-1a140b1a29d0,da845e7d-fedd-47ac-b12d-fb734b6449eb,447e99c5-592b-43d3-805b-eb75f1251d2a,2026-05-19 08:47:00,
b794a0dd-51b0-4fad-8d82-6a0edb7a4945,111,82,32c5aeac-6fcc-4edc-95ce-1a140b1a29d0,da845e7d-fedd-47ac-b12d-fb734b6449eb,5e76f2ad-b087-4dc4-9d25-73e3e0503036,2026-08-14 10:12:00,
f653d6f4-959f-4eec-bd30-5af4c616b3b3,157,106,c045e5f5-45c9-4de2-bb3e-e849493b1aac,906096d6-f0f6-4da5-9c19-dc403afb4bb8,9bae34d8-d312-48ce-9bbf-17fa6222b3f6,2024-11-17 09:10:00,
b195cd3f-6bf6-46ed-bf5b-16ea0d456105,148,100,c045e5f5-45c9-4de2-bb3e-e849493b1aac,906096d6-f0f6-4da5-9c19-dc403afb4bb8,8cc3bb69-3add-47d5-9cd2-8cff31252948,2024-12-04 13:32:00,
6955e6e9-0838-4906-92ae-780498f1db74,152,99,c045e5f5-45c9-4de2-bb3e-e849493b1aac,906096d6-f0f6-4da5-9c19-dc403afb4bb8,8cc3bb69-3add-47d5-9cd2-8cff31252948,2024-12-30 10:33:00,
5fa5e65e-88d3-440a-b6b5-a269172c1f66,157,99,c045e5f5-45c9-4de2-bb3e-e849493b1aac,906096d6-f0f6-4da5-9c19-dc403afb4bb8,8cc3bb69-3add-47d5-9cd2-8cff31252948,2025-01-29 09:29:00,
f71671c5-01b4-4555-91df-4cb682543dd7,157,98,c045e5f5-45c9-4de2-bb3e-e849493b1aac,906096d6-f0f6-4da5-9c19-dc403afb4bb8,9bae34d8-d312-48ce-9bbf-17fa6222b3f6,2025-04-06 14:05:00,
56a114b5-2303-4b09-b3f5-e61164c4f930,159,99,c045e5f5-45c9-4de2-bb3e-e849493b1aac,906096d6-f0f6-4da5-9c19-dc403afb4bb8,8cc3bb69-3add-47d5-9cd2-8cff31252948,2025-05-30 14:06:00,
141363f7-13b4-42ab-8ba5-2ce33f86d17d,159,101,c045e5f5-45c9-4de2-bb3e-e849493b1aac,906096d6-f0f6-4da5-9c19-dc403afb4bb8,8cc3bb69-3add-47d5-9cd2-8cff31252948,2025-07-16 09:23:00,
5b73e630-586e-482c-9163-408bc3bf0431,120,77,5f72d095-3e4c-4e84-8a86-76dc02cbed12,5f213a58-b179-42d7-9c05-e29474526e82,8e0d0bd7-32bc-44e0-8bb3-7f4f4b13cf78,2025-03-25 11:56:00,
ba67c5f5-2109-4707-bc5e-cc6f4320922a,115,80,5f72d095-3e4c-4e84-8a86-76dc02cbed12,5f213a58-b179-42d7-9c05-e29474526e82,8e0d0bd7-32bc-44e0-8bb3-7f4f4b13cf78,2025-05-22 13:56:00,
3e3ed4ba-837d-4e93-bc67-856b577f72ea,114,82,5f72d095-3e4c-4e84-8a86-76dc02cbed12,5f213a58-b179-42d7-9c05-e29474526e82,b302ab11-03e4-4bae-be36-6ec2662f7fc9,2025-06-25 14:26:00,
36596949-74fe-45e3-a16f-0a55ebb2af39,115,82,5f72d095-3e4c-4e84-8a86-76dc02cbed12,5f213a58-b179-42d7-9c05-e29474526e82,406a76ac-2a9d-4982-b6f8-1efb7296c6c0,2025-08-17 15:41:00,
70987dfe-0ad7-4833-82b0-cd6272118398,115,75,5f72d095-3e4c-4e84-8a86-76dc02cbed12,5f213a58-b179-42d7-9c05-e29474526e82,2db9a55b-d59a-4a30-a4c8-bf7ae0a1e014,2025-09-11 11:58:00,
56d9f446-bd8d-4b66-9608-b749b05333ae,127,76,5f72d095-3e4c-4e84-8a86-76dc02cbed12,5f213a58-b179-42d7-9c05-e29474526e82,8e0d0bd7-32bc-44e0-8bb3-7f4f4b13cf78,2025-10-08 12:34:00,
77fd63f4-70ec-4e26-b281-6e017c3f798c,118,86,5f72d095-3e4c-4e84-8a86-76dc02cbed12,5f213a58-b179-42d7-9c05-e29474526e82,b302ab11-03e4-4bae-be36-6ec2662f7fc9,2025-11-06 15:37:00,
c3271f65-c280-4a16-a43d-b335e31b0a51,123,86,5f72d095-3e4c-4e84-8a86-76dc02cbed12,5f213a58-b179-42d7-9c05-e29474526e82,2db9a55b-d59a-4a30-a4c8-bf7ae0a1e014,2025-12-31 12:04:00,
b0cd9a0c-d444-4681-9ec9-c2ec1a625587,133,83,5f72d095-3e4c-4e84-8a86-76dc02cbed12,5f213a58-b179-42d7-9c05-e29474526e82,b302ab11-03e4-4bae-be36-6ec2662f7fc9,2026-02-24 09:18:00,
4aaa0955-9def-4e3c-a3a1-f9a054e94fc1,119,90,5f72d095-3e4c-4e84-8a86-76dc02cbed12,5f213a58-b179-42d7-9c05-e29474526e82,406a76ac-2a9d-4982-b6f8-1efb7296c6c0,2026-04-22 12:18:00,
d412a39c-ae4e-49f2-85bd-f65863764919,107,79,5f72d095-3e4c-4e84-8a86-76dc02cbed12,5f213a58-b179-42d7-9c05-e29474526e82,2db9a55b-d59a-4a30-a4c8-bf7ae0a1e014,2026-05-22 12:09:00,
f26cc807-dc27-43bd-b3f3-2d42f003f497,105,81,5f72d095-3e4c-4e84-8a86-76dc02cbed12,5f213a58-b179-42d7-9c05-e29474526e82,8e0d0bd7-32bc-44e0-8bb3-7f4f4b13cf78,2026-07-15 14:42:00,
cb994db2-e1a0-4e9a-9da8-fcea3a87eadf,105,77,5f72d095-3e4c-4e84-8a86-76dc02cbed12,5f213a58-b179-42d7-9c05-e29474526e82,8e0d0bd7-32bc-44e0-8bb3-7f4f4b13cf78,2026-09-14 11:15:00,
7da389f5-79d3-404a-87ea-13e119e43c8e,120,79,962776f3-0dee-457a-bfcc-5b416669541a,906096d6-f0f6-4da5-9c19-dc403afb4bb8,b0715258-4719-4ce5-8a85-03ccda2c376c,2026-06-29 08:58:00,
52d4a2ef-6ca2-4865-b38c-94a79f0516d5,128,78,962776f3-0dee-457a-bfcc-5b416669541a,906096d6-f0f6-4da5-9c19-dc403afb4bb8,8cc3bb69-3add-47d5-9cd2-8cff31252948,2026-07-28 10:29:00,
6a076072-292b-40b1-bc5e-460a8569d210,131,73,962776f3-0dee-457a-bfcc-5b416669541a,906096d6-f0f6-4da5-9c19-dc403afb4bb8,8cc3bb69-3add-47d5-9cd2-8cff31252948,2026-09-23 13:14:00,
615a8043-2553-4ce5-a6d7-f216f35a3f6d,143,82,984bfce1-442f-4ebf-8b83-f13ee16dcc72,ffe42279-f3bd-4683-a6a8-52c1bb9651f3,246dee45-3351-44d3-8a3a-ca414c46c168,2024-12-14 11:46:00,
498f9f72-7bca-4014-be6a-9aeaadbac9ed,143,90,984bfce1-442f-4ebf-8b83-f13ee16dcc72,ffe42279-f3bd-4683-a6a8-52c1bb9651f3,246dee45-3351-44d3-8a3a-ca414c46c168,2025-01-15 10:23:00,
4756a04c-66b7-429d-9b51-6c2becc39170,149,88,984bfce1-442f-4ebf-8b83-f13ee16dcc72,ffe42279-f3bd-4683-a6a8-52c1bb9651f3,cd18ec08-f6a4-4724-926f-acd2aeb0daf2,2025-02-09 08:47:00,
f5108d20-d764-48f3-9878-a3348253ceea,143,90,984bfce1-442f-4ebf-8b83-f13ee16dcc72,ffe42279-f3bd-4683-a6a8-52c1bb9651f3,246dee45-3351-44d3-8a3a-ca414c46c168,2025-02-24 09:48:00,
82c2e283-5e71-4d8a-9258-8abeb3d1a979,152,81,984bfce1-442f-4ebf-8b83-f13ee16dcc72,ffe42279-f3bd-4683-a6a8-52c1bb9651f3,353297dd-2e3c-46c0-a49c-7fd69ac2c389,2025-03-27 08:57:00,
c9064db1-198e-4f9e-83c9-3ae02f89cfac,146,77,984bfce1-442f-4ebf-8b83-f13ee16dcc72,ffe42279-f3bd-4683-a6a8-52c1bb9651f3,353297dd-2e3c-46c0-a49c-7fd69ac2c389,2025-04-27 10:58:00,
33a5d17a-51f7-4081-912e-fb6fc7ebc572,132,73,984bfce1-442f-4ebf-8b83-f13ee16dcc72,ffe42279-f3bd-4683-a6a8-52c1bb9651f3,cd18ec08-f6a4-4724-926f-acd2aeb0daf2,2025-05-24 14:30:00,
33dc2cc7-26c9-4c56-8162-416fb2c199c5,119,71,984bfce1-442f-4ebf-8b83-f13ee16dcc72,ffe42279-f3bd-4683-a6a8-52c1bb9651f3,353297dd-2e3c-46c0-a49c-7fd69ac2c389,2025-07-24 11:24:00,
23962445-0add-400d-ba61-4f1be3f1194c,115,75,984bfce1-442f-4ebf-8b83-f13ee16dcc72,ffe42279-f3bd-4683-a6a8-52c1bb9651f3,cd18ec08-f6a4-4724-926f-acd2aeb0daf2,2025-09-22 10:37:00,
a8055146-bcfa-4b97-92ff-d5bc105da26b,105,83,984bfce1-442f-4ebf-8b83-f13ee16dcc72,ffe42279-f3bd-4683-a6a8-52c1bb9651f3,353297dd-2e3c-46c0-a49c-7fd69ac2c389,2025-11-21 13:52:00,
9332dc22-6dfb-40c0-ba00-6e8c97a69e36,105,79,984bfce1-442f-4ebf-8b83-f13ee16dcc72,ffe42279-f3bd-4683-a6a8-52c1bb9651f3,353297dd-2e3c-46c0-a49c-7fd69ac2c389,2025-12-21 13:33:00,
73227982-aae5-4c01-a1f4-6d7515a2e20f,105,82,984bfce1-442f-4ebf-8b83-f13ee16dcc72,ffe42279-f3bd-4683-a6a8-52c1bb9651f3,4519b91f-242d-4e4d-ae0c-da1f0c701874,2026-01-20 11:00:00,
3035517c-ae80-4204-a93d-ad2210e824d1,105,88,984bfce1-442f-4ebf-8b83-f13ee16dcc72,ffe42279-f3bd-4683-a6a8-52c1bb9651f3,4519b91f-242d-4e4d-ae0c-da1f0c701874,2026-04-13 10:36:00,
56e78e96-51ce-4011-8cfc-463786178004,105,81,984bfce1-442f-4ebf-8b83-f13ee16dcc72,ffe42279-f3bd-4683-a6a8-52c1bb9651f3,353297dd-2e3c-46c0-a49c-7fd69ac2c389,2026-07-05 10:35:00,
ae1693f4-af07-4ac2-bed6-5553391a526c,124,86,984bfce1-442f-4ebf-8b83-f13ee16dcc72,ffe42279-f3bd-4683-a6a8-52c1bb9651f3,cd18ec08-f6a4-4724-926f-acd2aeb0daf2,2026-08-29 08:59:00,
c18516d9-8fa4-4f9d-879d-450e850db207,150,82,0f658961-6275-4a34-bd90-7e758f369210,5f213a58-b179-42d7-9c05-e29474526e82,b302ab11-03e4-4bae-be36-6ec2662f7fc9,2026-03-31 15:42:00,
7d35d1b8-36a4-4102-aaab-73382a5b328d,140,80,0f658961-6275-4a34-bd90-7e758f369210,5f213a58-b179-42d7-9c05-e29474526e82,8e0d0bd7-32bc-44e0-8bb3-7f4f4b13cf78,2026-04-12 10:42:00,
2fae7550-105c-49d5-a5bc-66f335c67184,181,84,61a96335-da59-40a5-aee8-a643dc5fbf24,552564e7-84a4-4534-acfd-938092f72643,19f2d2b9-737d-4029-8250-945229084df8,2025-05-17 08:57:00,
daed51c9-e245-4215-b1c5-c19f25840104,177,82,61a96335-da59-40a5-aee8-a643dc5fbf24,552564e7-84a4-4534-acfd-938092f72643,0035c5bf-742a-4ff6-9e23-941764d58bb9,2025-06-15 09:41:00,
d8cb6eee-a22e-4a10-a2f0-162415ae6e75,175,80,61a96335-da59-40a5-aee8-a643dc5fbf24,552564e7-84a4-4534-acfd-938092f72643,0035c5bf-742a-4ff6-9e23-941764d58bb9,2025-07-14 08:03:00,
c6b6c529-03e4-4df1-a5c7-0a0f6c734c72,170,80,61a96335-da59-40a5-aee8-a643dc5fbf24,552564e7-84a4-4534-acfd-938092f72643,448fb26c-4d06-4d9f-a11d-a2745fb4d4c6,2025-08-14 13:04:00,
050ed5ba-5fc9-4b49-a916-514d0812d760,157,85,61a96335-da59-40a5-aee8-a643dc5fbf24,552564e7-84a4-4534-acfd-938092f72643,448fb26c-4d06-4d9f-a11d-a2745fb4d4c6,2025-09-21 08:15:00,
4d4a6e86-9621-4a1c-ad9b-0f635afbeef3,143,70,61a96335-da59-40a5-aee8-a643dc5fbf24,552564e7-84a4-4534-acfd-938092f72643,f3161305-31e6-47c0-8597-e00f4ddec847,2025-10-22 10:30:00,
d24e1bc8-649b-42d9-a541-b512240ada22,138,69,61a96335-da59-40a5-aee8-a643dc5fbf24,552564e7-84a4-4534-acfd-938092f72643,19f2d2b9-737d-4029-8250-945229084df8,2025-11-17 08:01:00,
ae63ddc6-7aae-4e3e-b7f9-5161bdd787af,131,71,61a96335-da59-40a5-aee8-a643dc5fbf24,552564e7-84a4-4534-acfd-938092f72643,f3161305-31e6-47c0-8597-e00f4ddec847,2026-01-13 11:09:00,
2b1c045c-7f5c-40a4-91c7-d8a5f31e8799,110,69,61a96335-da59-40a5-aee8-a643dc5fbf24,552564e7-84a4-4534-acfd-938092f72643,f3161305-31e6-47c0-8597-e00f4ddec847,2026-03-04 14:27:00,
9d43fbcf-5c10-4fcf-bbc9-393c285c3802,107,66,61a96335-da59-40a5-aee8-a643dc5fbf24,552564e7-84a4-4534-acfd-938092f72643,19f2d2b9-737d-4029-8250-945229084df8,2026-03-31 14:41:00,
7467bea8-cc81-4a6e-86f7-fcb89a3e4200,108,75,61a96335-da59-40a5-aee8-a643dc5fbf24,552564e7-84a4-4534-acfd-938092f72643,0035c5bf-742a-4ff6-9e23-941764d58bb9,2026-09-22 08:09:00,
e5cca94b-0b6f-4fb6-bca0-0c704acb1151,139,81,8b793d39-ae70-418d-89a5-2f02decae029,906096d6-f0f6-4da5-9c19-dc403afb4bb8,8cc3bb69-3add-47d5-9cd2-8cff31252948,2026-01-30 10:02:00,
651d8a01-9903-4867-8707-529b5e8c028d,138,79,8b793d39-ae70-418d-89a5-2f02decae029,906096d6-f0f6-4da5-9c19-dc403afb4bb8,9bae34d8-d312-48ce-9bbf-17fa6222b3f6,2026-03-31 08:43:00,
cc6f4922-963a-4906-9f70-39f0a81cf045,143,84,8b793d39-ae70-418d-89a5-2f02decae029,906096d6-f0f6-4da5-9c19-dc403afb4bb8,b0715258-4719-4ce5-8a85-03ccda2c376c,2026-04-29 09:42:00,
963ed205-d8ea-434c-a313-270247f3077b,139,73,8b793d39-ae70-418d-89a5-2f02decae029,906096d6-f0f6-4da5-9c19-dc403afb4bb8,8cc3bb69-3add-47d5-9cd2-8cff31252948,2026-05-30 14:12:00,
07a74711-8ae3-42b6-8466-ae7dea78b1cf,143,79,8b793d39-ae70-418d-89a5-2f02decae029,906096d6-f0f6-4da5-9c19-dc403afb4bb8,9bae34d8-d312-48ce-9bbf-17fa6222b3f6,2026-08-19 10:25:00,
4fe57325-3b67-41da-b16e-9613c0d28f98,152,80,8b793d39-ae70-418d-89a5-2f02decae029,906096d6-f0f6-4da5-9c19-dc403afb4bb8,b0715258-4719-4ce5-8a85-03ccda2c376c,2026-09-18 10:34:00,
bda5b518-05e9-4183-a133-cb2ac04e850e,180,90,38e426f9-49e6-43aa-b097-5128012ba62d,552564e7-84a4-4534-acfd-938092f72643,213c0975-3815-4ea4-ba67-23c54c2546da,2025-01-19 15:32:00,
e535de3f-dbd4-4759-a8d0-e5c6d6c79e41,177,96,38e426f9-49e6-43aa-b097-5128012ba62d,552564e7-84a4-4534-acfd-938092f72643,0035c5bf-742a-4ff6-9e23-941764d58bb9,2025-02-12 08:26:00,
81e850c4-2ff2-48c3-8440-d59daa9d412c,175,86,38e426f9-49e6-43aa-b097-5128012ba62d,552564e7-84a4-4534-acfd-938092f72643,19f2d2b9-737d-4029-8250-945229084df8,2025-03-15 14:48:00,
25b3f0d6-709e-4977-ae40-8ccad1da8841,174,94,38e426f9-49e6-43aa-b097-5128012ba62d,552564e7-84a4-4534-acfd-938092f72643,c762646d-3ec2-420a-956d-f1b73ea05187,2025-04-10 14:04:00,
016597f0-0e45-4fcc-a023-a0db82a28c71,158,82,38e426f9-49e6-43aa-b097-5128012ba62d,552564e7-84a4-4534-acfd-938092f72643,213c0975-3815-4ea4-ba67-23c54c2546da,2025-04-19 10:58:00,
3c305cb3-609d-4444-a030-55e52077a517,154,83,38e426f9-49e6-43aa-b097-5128012ba62d,552564e7-84a4-4534-acfd-938092f72643,213c0975-3815-4ea4-ba67-23c54c2546da,2025-05-01 15:10:00,
9b8f28d2-b37a-432b-9843-75ffb1449a75,158,78,38e426f9-49e6-43aa-b097-5128012ba62d,552564e7-84a4-4534-acfd-938092f72643,448fb26c-4d06-4d9f-a11d-a2745fb4d4c6,2025-05-27 09:47:00,
c2782e34-7640-4eb0-8ee5-7087aa62d3b3,132,74,38e426f9-49e6-43aa-b097-5128012ba62d,552564e7-84a4-4534-acfd-938092f72643,f3161305-31e6-47c0-8597-e00f4ddec847,2025-06-24 09:28:00,
f67a4a8e-6131-40bf-b8ad-8f03844195aa,108,70,38e426f9-49e6-43aa-b097-5128012ba62d,552564e7-84a4-4534-acfd-938092f72643,448fb26c-4d06-4d9f-a11d-a2745fb4d4c6,2025-08-18 15:40:00,
1c0661dc-0e7a-4979-b2bd-b2acd29b731b,120,68,38e426f9-49e6-43aa-b097-5128012ba62d,552564e7-84a4-4534-acfd-938092f72643,0035c5bf-742a-4ff6-9e23-941764d58bb9,2025-12-17 09:39:00,
442474ce-c85f-45b1-8a5a-daa342d4f9ff,111,68,38e426f9-49e6-43aa-b097-5128012ba62d,552564e7-84a4-4534-acfd-938092f72643,19f2d2b9-737d-4029-8250-945229084df8,2026-01-14 08:40:00,
653135d6-a57c-4592-98f0-5e2805a3330b,124,65,38e426f9-49e6-43aa-b097-5128012ba62d,552564e7-84a4-4534-acfd-938092f72643,213c0975-3815-4ea4-ba67-23c54c2546da,2026-04-23 14:25:00,
12a48446-52da-4687-affc-58ad37da3ff3,113,66,38e426f9-49e6-43aa-b097-5128012ba62d,552564e7-84a4-4534-acfd-938092f72643,19f2d2b9-737d-4029-8250-945229084df8,2026-06-14 13:59:00,
c425f715-8a5a-47e5-a700-f4eb8be78b8c,174,73,3d2cfb51-a2ab-4517-8a0c-2b24ce043e86,552564e7-84a4-4534-acfd-938092f72643,0035c5bf-742a-4ff6-9e23-941764d58bb9,2026-07-18 13:53:00,
7ab485cf-f242-4f58-b77e-9ade2912c1b9,169,75,3d2cfb51-a2ab-4517-8a0c-2b24ce043e86,552564e7-84a4-4534-acfd-938092f72643,19f2d2b9-737d-4029-8250-945229084df8,2026-07-31 10:24:00,
0b9700da-2116-4d60-835c-177a8fc63d2e,158,104,aa284adf-058c-433d-8709-fceb3d3a59df,552564e7-84a4-4534-acfd-938092f72643,448fb26c-4d06-4d9f-a11d-a2745fb4d4c6,2025-12-11 13:25:00,
220e9b25-7580-45d8-bfe7-6b76a745fa57,156,98,aa284adf-058c-433d-8709-fceb3d3a59df,552564e7-84a4-4534-acfd-938092f72643,19f2d2b9-737d-4029-8250-945229084df8,2026-04-12 12:15:00,
924737b8-d81c-4123-b4d7-089b8d2f2b6a,157,95,aa284adf-058c-433d-8709-fceb3d3a59df,552564e7-84a4-4534-acfd-938092f72643,213c0975-3815-4ea4-ba67-23c54c2546da,2026-05-28 12:12:00,
e97bb93e-00f7-450a-8162-e246e753c3e4,154,89,aa284adf-058c-433d-8709-fceb3d3a59df,552564e7-84a4-4534-acfd-938092f72643,0035c5bf-742a-4ff6-9e23-941764d58bb9,2026-06-27 15:56:00,
2c9fb7d2-92aa-44f4-8d28-b017389d8b89,167,88,c57c566a-8d6c-4e24-8164-e7cee334a183,906096d6-f0f6-4da5-9c19-dc403afb4bb8,9bae34d8-d312-48ce-9bbf-17fa6222b3f6,2025-07-13 14:18:00,
eb2c51d3-53b2-4374-969c-8d4c7f7bebe1,157,84,c57c566a-8d6c-4e24-8164-e7cee334a183,906096d6-f0f6-4da5-9c19-dc403afb4bb8,b0715258-4719-4ce5-8a85-03ccda2c376c,2025-08-10 15:22:00,
76b10a7b-5eb2-4bb8-81d5-730f95e9b4bc,163,84,c57c566a-8d6c-4e24-8164-e7cee334a183,906096d6-f0f6-4da5-9c19-dc403afb4bb8,b0715258-4719-4ce5-8a85-03ccda2c376c,2025-08-27 13:04:00,
badf4e35-720d-4f7a-915f-6f36f82b682f,149,83,c57c566a-8d6c-4e24-8164-e7cee334a183,906096d6-f0f6-4da5-9c19-dc403afb4bb8,9bae34d8-d312-48ce-9bbf-17fa6222b3f6,2025-11-23 15:19:00,
210eb517-29b2-4a31-aabc-4726a777c10e,147,82,c57c566a-8d6c-4e24-8164-e7cee334a183,906096d6-f0f6-4da5-9c19-dc403afb4bb8,b0715258-4719-4ce5-8a85-03ccda2c376c,2025-12-31 10:37:00,
cec2a804-e877-41de-bfae-e1d5012aa9df,146,75,c57c566a-8d6c-4e24-8164-e7cee334a183,906096d6-f0f6-4da5-9c19-dc403afb4bb8,9bae34d8-d312-48ce-9bbf-17fa6222b3f6,2026-07-07 12:20:00,
1101a3cf-fdb9-48fa-a1cf-0a2e5fe5d031,154,76,c57c566a-8d6c-4e24-8164-e7cee334a183,906096d6-f0f6-4da5-9c19-dc403afb4bb8,8cc3bb69-3add-47d5-9cd2-8cff31252948,2026-08-22 15:10:00,
4969d4cd-7465-4628-9f86-968f11ae952b,154,71,c57c566a-8d6c-4e24-8164-e7cee334a183,906096d6-f0f6-4da5-9c19-dc403afb4bb8,b0715258-4719-4ce5-8a85-03ccda2c376c,2026-09-03 13:06:00,
7044d13d-5a9e-4cd5-92a3-b85efaf4257f,130,100,df258bc8-0fb4-4ba1-b4fd-0598b3cba6d1,5f213a58-b179-42d7-9c05-e29474526e82,406a76ac-2a9d-4982-b6f8-1efb7296c6c0,2026-05-27 11:44:00,
0b71bf93-4813-4c50-89d9-4d0c826a6cb3,145,98,df258bc8-0fb4-4ba1-b4fd-0598b3cba6d1,5f213a58-b179-42d7-9c05-e29474526e82,b302ab11-03e4-4bae-be36-6ec2662f7fc9,2026-06-07 09:16:00,
86e5747a-ba48-4013-b336-b8819f660a66,138,88,df258bc8-0fb4-4ba1-b4fd-0598b3cba6d1,5f213a58-b179-42d7-9c05-e29474526e82,406a76ac-2a9d-4982-b6f8-1efb7296c6c0,2026-06-19 09:18:00,
23879c2d-f60e-4f34-97a9-ae8d1081575d,136,71,eb2cd807-9074-43f9-889d-1890d1ccf593,ffe42279-f3bd-4683-a6a8-52c1bb9651f3,cd18ec08-f6a4-4724-926f-acd2aeb0daf2,2026-04-09 08:51:00,
e067c65c-37be-4d6c-8159-3b3ce46f5b87,130,69,eb2cd807-9074-43f9-889d-1890d1ccf593,ffe42279-f3bd-4683-a6a8-52c1bb9651f3,cd18ec08-f6a4-4724-926f-acd2aeb0daf2,2026-05-09 14:20:00,
ecaa01f3-a0ff-4244-ad79-6ffec1b551e1,123,65,eb2cd807-9074-43f9-889d-1890d1ccf593,ffe42279-f3bd-4683-a6a8-52c1bb9651f3,4519b91f-242d-4e4d-ae0c-da1f0c701874,2026-08-02 12:10:00,
ceffdd37-2257-4db9-9074-1ebc48c42994,116,65,eb2cd807-9074-43f9-889d-1890d1ccf593,ffe42279-f3bd-4683-a6a8-52c1bb9651f3,cd18ec08-f6a4-4724-926f-acd2aeb0daf2,2026-09-25 09:53:00,
7c125f23-5bbc-4d54-b0ea-5165a0ef1f59,202,100,d4683117-005b-49dc-956f-ea4435a0574c,552564e7-84a4-4534-acfd-938092f72643,f3161305-31e6-47c0-8597-e00f4ddec847,2025-11-07 10:43:00,
323a9918-f54a-4f92-b629-153a22151624,192,95,d4683117-005b-49dc-956f-ea4435a0574c,552564e7-84a4-4534-acfd-938092f72643,19f2d2b9-737d-4029-8250-945229084df8,2025-12-07 13:55:00,
edffa95a-677b-4af0-88f8-ea098e3064db,203,98,d4683117-005b-49dc-956f-ea4435a0574c,552564e7-84a4-4534-acfd-938092f72643,c762646d-3ec2-420a-956d-f1b73ea05187,2026-04-10 14:40:00,
d9144c2e-78d2-4f93-ac28-2fea310ba471,213,94,d4683117-005b-49dc-956f-ea4435a0574c,552564e7-84a4-4534-acfd-938092f72643,448fb26c-4d06-4d9f-a11d-a2745fb4d4c6,2026-05-07 08:51:00,
8282775f-0c53-4959-a19e-9a1899fbcb94,212,86,d4683117-005b-49dc-956f-ea4435a0574c,552564e7-84a4-4534-acfd-938092f72643,f3161305-31e6-47c0-8597-e00f4ddec847,2026-06-06 09:52:00,
61f5cf85-23ad-43dc-8233-fa584b2b034d,199,85,d4683117-005b-49dc-956f-ea4435a0574c,552564e7-84a4-4534-acfd-938092f72643,19f2d2b9-737d-4029-8250-945229084df8,2026-07-19 14:40:00,
26e2ab6f-e308-4ab4-8abd-37fe1a6da752,202,85,d4683117-005b-49dc-956f-ea4435a0574c,552564e7-84a4-4534-acfd-938092f72643,213c0975-3815-4ea4-ba67-23c54c2546da,2026-08-18 09:25:00,
24e6bedf-1d6c-453b-8f92-09cbd4801f8b,212,80,d4683117-005b-49dc-956f-ea4435a0574c,552564e7-84a4-4534-acfd-938092f72643,c762646d-3ec2-420a-956d-f1b73ea05187,2026-09-16 08:10:00,
791d15ce-c4a3-4c24-83be-5920dc84c102,190,85,8354aad5-e1c3-413c-98c6-85a6d7a9b4cc,ffe42279-f3bd-4683-a6a8-52c1bb9651f3,353297dd-2e3c-46c0-a49c-7fd69ac2c389,2026-03-19 11:34:00,
97f5bf24-c062-4141-8710-213176c46e5e,193,85,8354aad5-e1c3-413c-98c6-85a6d7a9b4cc,ffe42279-f3bd-4683-a6a8-52c1bb9651f3,4519b91f-242d-4e4d-ae0c-da1f0c701874,2026-04-08 14:28:00,
2943b57a-8bc9-46ce-ac53-26433521b333,209,78,8354aad5-e1c3-413c-98c6-85a6d7a9b4cc,ffe42279-f3bd-4683-a6a8-52c1bb9651f3,4519b91f-242d-4e4d-ae0c-da1f0c701874,2026-06-25 12:32:00,
7736aac1-2c42-4b64-beac-cbbac2561394,206,88,8354aad5-e1c3-413c-98c6-85a6d7a9b4cc,ffe42279-f3bd-4683-a6a8-52c1bb9651f3,cd18ec08-f6a4-4724-926f-acd2aeb0daf2,2026-07-07 10:15:00,
53261716-2794-4f80-a318-9ce49c2f6411,201,88,8354aad5-e1c3-413c-98c6-85a6d7a9b4cc,ffe42279-f3bd-4683-a6a8-52c1bb9651f3,246dee45-3351-44d3-8a3a-ca414c46c168,2026-09-05 11:10:00,
6e0aba76-c2ba-4e9c-aec1-b0e1f01a0227,171,85,d97c0704-4a90-44b9-a01a-63d9776d5830,5f213a58-b179-42d7-9c05-e29474526e82,2db9a55b-d59a-4a30-a4c8-bf7ae0a1e014,2025-01-28 11:27:00,
28350751-3fdc-4878-bc4e-2591d4607bc4,172,86,d97c0704-4a90-44b9-a01a-63d9776d5830,5f213a58-b179-42d7-9c05-e29474526e82,406a76ac-2a9d-4982-b6f8-1efb7296c6c0,2025-02-10 10:35:00,
209f641f-44b0-4ae8-bf28-112b51d522cb,172,89,d97c0704-4a90-44b9-a01a-63d9776d5830,5f213a58-b179-42d7-9c05-e29474526e82,406a76ac-2a9d-4982-b6f8-1efb7296c6c0,2025-03-08 11:02:00,
34fc07fb-e0a0-4fc6-a6ad-c32d322c0800,160,88,d97c0704-4a90-44b9-a01a-63d9776d5830,5f213a58-b179-42d7-9c05-e29474526e82,8e0d0bd7-32bc-44e0-8bb3-7f4f4b13cf78,2025-04-20 10:42:00,
5ac0a28b-cbe5-4f2a-835d-d67ad03b54e3,161,90,d97c0704-4a90-44b9-a01a-63d9776d5830,5f213a58-b179-42d7-9c05-e29474526e82,b302ab11-03e4-4bae-be36-6ec2662f7fc9,2025-05-14 10:55:00,
664bdcb1-7722-41d9-aef9-658dcd25850f,160,88,d97c0704-4a90-44b9-a01a-63d9776d5830,5f213a58-b179-42d7-9c05-e29474526e82,b302ab11-03e4-4bae-be36-6ec2662f7fc9,2025-06-10 12:05:00,
2343748f-b93e-4683-982a-d00096d0ea89,133,74,d97c0704-4a90-44b9-a01a-63d9776d5830,5f213a58-b179-42d7-9c05-e29474526e82,2db9a55b-d59a-4a30-a4c8-bf7ae0a1e014,2025-06-23 12:08:00,
696f7bb7-6ea8-45c5-8e03-66217fdf5d72,121,75,d97c0704-4a90-44b9-a01a-63d9776d5830,5f213a58-b179-42d7-9c05-e29474526e82,406a76ac-2a9d-4982-b6f8-1efb7296c6c0,2025-08-16 15:14:00,
c988dca1-03d2-4e77-bc2b-d37e5014b758,117,80,d97c0704-4a90-44b9-a01a-63d9776d5830,5f213a58-b179-42d7-9c05-e29474526e82,406a76ac-2a9d-4982-b6f8-1efb7296c6c0,2025-11-10 14:26:00,
025d6d8f-4099-47ed-ba9e-9e61aec7605a,105,74,d97c0704-4a90-44b9-a01a-63d9776d5830,5f213a58-b179-42d7-9c05-e29474526e82,2db9a55b-d59a-4a30-a4c8-bf7ae0a1e014,2026-01-02 14:21:00,
ded18049-2f15-431f-b7ab-74d9f40eed09,105,68,d97c0704-4a90-44b9-a01a-63d9776d5830,5f213a58-b179-42d7-9c05-e29474526e82,406a76ac-2a9d-4982-b6f8-1efb7296c6c0,2026-03-06 08:37:00,
369eeadb-d3f4-43bd-ba12-4692e3b37472,105,69,d97c0704-4a90-44b9-a01a-63d9776d5830,5f213a58-b179-42d7-9c05-e29474526e82,b302ab11-03e4-4bae-be36-6ec2662f7fc9,2026-05-01 12:06:00,
f1d054af-6fef-4aa6-acee-98d9733a188c,105,65,d97c0704-4a90-44b9-a01a-63d9776d5830,5f213a58-b179-42d7-9c05-e29474526e82,8e0d0bd7-32bc-44e0-8bb3-7f4f4b13cf78,2026-07-03 09:42:00,
39eaad7a-2caf-4ec2-9c37-1d91621dfad6,105,65,d97c0704-4a90-44b9-a01a-63d9776d5830,5f213a58-b179-42d7-9c05-e29474526e82,b302ab11-03e4-4bae-be36-6ec2662f7fc9,2026-08-28 10:56:00,
2f6564f1-8d62-42e8-8160-1d2c1543d5eb,150,93,d3ee20fb-16ed-4484-9a14-3b2b96393502,552564e7-84a4-4534-acfd-938092f72643,c762646d-3ec2-420a-956d-f1b73ea05187,2026-01-31 09:00:00,
f39aa089-175e-4780-a785-7e138ba4f5e9,148,82,d3ee20fb-16ed-4484-9a14-3b2b96393502,552564e7-84a4-4534-acfd-938092f72643,0035c5bf-742a-4ff6-9e23-941764d58bb9,2026-03-02 12:09:00,
63d0e658-5743-446d-abd4-1860f1a80ea5,152,80,d3ee20fb-16ed-4484-9a14-3b2b96393502,552564e7-84a4-4534-acfd-938092f72643,448fb26c-4d06-4d9f-a11d-a2745fb4d4c6,2026-04-02 12:39:00,
843803ca-9f4c-40d4-bca2-0e866866e9f3,152,81,d3ee20fb-16ed-4484-9a14-3b2b96393502,552564e7-84a4-4534-acfd-938092f72643,0035c5bf-742a-4ff6-9e23-941764d58bb9,2026-04-30 14:44:00,
0dcbb99c-b46e-47a5-9d93-97fd4b659dc5,158,89,d3ee20fb-16ed-4484-9a14-3b2b96393502,552564e7-84a4-4534-acfd-938092f72643,448fb26c-4d06-4d9f-a11d-a2745fb4d4c6,2026-06-15 15:08:00,
432d8721-e930-47ec-ab5f-3b4ecc5c0119,175,85,d3ee20fb-16ed-4484-9a14-3b2b96393502,552564e7-84a4-4534-acfd-938092f72643,f3161305-31e6-47c0-8597-e00f4ddec847,2026-07-19 09:10:00,
b457e075-4d13-4f8a-a66d-a535d03e22f8,180,112,33b5ba30-7ed9-4242-8a3b-803dbe13a98d,5f213a58-b179-42d7-9c05-e29474526e82,2db9a55b-d59a-4a30-a4c8-bf7ae0a1e014,2025-08-18 14:07:00,
3aa9423f-04aa-4293-bb4c-108757217ec6,167,113,33b5ba30-7ed9-4242-8a3b-803dbe13a98d,5f213a58-b179-42d7-9c05-e29474526e82,406a76ac-2a9d-4982-b6f8-1efb7296c6c0,2025-09-12 14:01:00,
66f078e9-b1e4-4d29-a470-238dc129dcc7,154,112,33b5ba30-7ed9-4242-8a3b-803dbe13a98d,5f213a58-b179-42d7-9c05-e29474526e82,406a76ac-2a9d-4982-b6f8-1efb7296c6c0,2025-10-12 08:51:00,
3a34fdb7-4a30-4c07-acaa-58469d00df96,148,86,6eab271d-0b68-4d89-aa74-3ef5f1fc6099,5f213a58-b179-42d7-9c05-e29474526e82,406a76ac-2a9d-4982-b6f8-1efb7296c6c0,2025-04-02 11:46:00,
dcd94ab6-2c65-48bf-bb8d-9e3289939a8d,142,87,6eab271d-0b68-4d89-aa74-3ef5f1fc6099,5f213a58-b179-42d7-9c05-e29474526e82,b302ab11-03e4-4bae-be36-6ec2662f7fc9,2025-08-10 15:18:00,
0699437f-d70a-434a-9162-eacb5c9385a7,151,90,6eab271d-0b68-4d89-aa74-3ef5f1fc6099,5f213a58-b179-42d7-9c05-e29474526e82,b302ab11-03e4-4bae-be36-6ec2662f7fc9,2026-02-21 10:46:00,
4dd0f02f-8c66-4d28-bd16-c18d634a0333,152,95,6eab271d-0b68-4d89-aa74-3ef5f1fc6099,5f213a58-b179-42d7-9c05-e29474526e82,8e0d0bd7-32bc-44e0-8bb3-7f4f4b13cf78,2026-04-04 12:58:00,
c59cf7f2-fd59-4de6-8cc7-07a7c8856d86,131,94,6eab271d-0b68-4d89-aa74-3ef5f1fc6099,5f213a58-b179-42d7-9c05-e29474526e82,8e0d0bd7-32bc-44e0-8bb3-7f4f4b13cf78,2026-06-29 11:06:00,
7ea2d6b6-ad4b-45e2-aaf8-10d81017f039,190,117,ee292f2c-af5c-475b-b92d-814a586e8b7c,ffe42279-f3bd-4683-a6a8-52c1bb9651f3,4519b91f-242d-4e4d-ae0c-da1f0c701874,2026-07-20 09:39:00,
2e493783-4208-4b6f-b754-ae45c222766a,189,107,ee292f2c-af5c-475b-b92d-814a586e8b7c,ffe42279-f3bd-4683-a6a8-52c1bb9651f3,cd18ec08-f6a4-4724-926f-acd2aeb0daf2,2026-08-21 11:18:00,
848aea96-753a-478b-aafa-a89e40cafc96,131,122,31b8cac3-12f2-4a7a-add1-49070d2a5a3a,da845e7d-fedd-47ac-b12d-fb734b6449eb,e18956f3-25d3-4ad3-9e29-e476c974b1e2,2025-04-11 14:28:00,
9a3deac1-acf2-4be7-9ce9-4090ba33a99c,135,123,31b8cac3-12f2-4a7a-add1-49070d2a5a3a,da845e7d-fedd-47ac-b12d-fb734b6449eb,e18956f3-25d3-4ad3-9e29-e476c974b1e2,2025-04-22 08:05:00,
b2b01390-6fdb-451c-b7d3-97a90308c75b,134,125,31b8cac3-12f2-4a7a-add1-49070d2a5a3a,da845e7d-fedd-47ac-b12d-fb734b6449eb,5e76f2ad-b087-4dc4-9d25-73e3e0503036,2025-05-20 15:27:00,
12df7019-b0e0-4e76-93aa-d4d24123446f,133,117,31b8cac3-12f2-4a7a-add1-49070d2a5a3a,da845e7d-fedd-47ac-b12d-fb734b6449eb,447e99c5-592b-43d3-805b-eb75f1251d2a,2025-05-31 12:17:00,
5993eb86-0590-474e-8242-5a0441fe5d60,138,121,31b8cac3-12f2-4a7a-add1-49070d2a5a3a,da845e7d-fedd-47ac-b12d-fb734b6449eb,e18956f3-25d3-4ad3-9e29-e476c974b1e2,2025-06-16 15:05:00,
3ddc9e67-5363-403c-9957-c388bd05b8ea,133,121,31b8cac3-12f2-4a7a-add1-49070d2a5a3a,da845e7d-fedd-47ac-b12d-fb734b6449eb,5e76f2ad-b087-4dc4-9d25-73e3e0503036,2025-07-10 10:58:00,
8a7fe554-d261-4811-adcc-a79f54eedadd,120,129,31b8cac3-12f2-4a7a-add1-49070d2a5a3a,da845e7d-fedd-47ac-b12d-fb734b6449eb,e18956f3-25d3-4ad3-9e29-e476c974b1e2,2025-09-27 15:31:00,
c7dee574-01cd-4a57-9eb7-191d466e52ed,120,121,31b8cac3-12f2-4a7a-add1-49070d2a5a3a,da845e7d-fedd-47ac-b12d-fb734b6449eb,447e99c5-592b-43d3-805b-eb75f1251d2a,2025-10-30 08:06:00,
f92c9940-cc11-441a-b243-d9e39e168683,113,115,31b8cac3-12f2-4a7a-add1-49070d2a5a3a,da845e7d-fedd-47ac-b12d-fb734b6449eb,5e76f2ad-b087-4dc4-9d25-73e3e0503036,2025-11-22 10:29:00,
d96a1f24-f21d-4b6e-af47-05dc719ce8fe,111,113,31b8cac3-12f2-4a7a-add1-49070d2a5a3a,da845e7d-fedd-47ac-b12d-fb734b6449eb,5e76f2ad-b087-4dc4-9d25-73e3e0503036,2026-01-20 15:43:00,
cc0104e6-5793-44d7-8b25-0d220cf290f4,110,110,31b8cac3-12f2-4a7a-add1-49070d2a5a3a,da845e7d-fedd-47ac-b12d-fb734b6449eb,e18956f3-25d3-4ad3-9e29-e476c974b1e2,2026-03-18 15:01:00,
fd1e8a76-d285-4de4-8e47-b76af02fc959,105,108,31b8cac3-12f2-4a7a-add1-49070d2a5a3a,da845e7d-fedd-47ac-b12d-fb734b6449eb,447e99c5-592b-43d3-805b-eb75f1251d2a,2026-04-17 09:35:00,
726bcfc0-82be-479f-8d02-080750cfb540,109,107,31b8cac3-12f2-4a7a-add1-49070d2a5a3a,da845e7d-fedd-47ac-b12d-fb734b6449eb,5e76f2ad-b087-4dc4-9d25-73e3e0503036,2026-05-27 09:53:00,
090b77bd-4d17-4e2c-a3d3-05cd2a313c58,105,104,31b8cac3-12f2-4a7a-add1-49070d2a5a3a,da845e7d-fedd-47ac-b12d-fb734b6449eb,e18956f3-25d3-4ad3-9e29-e476c974b1e2,2026-07-08 11:40:00,
c1957c7d-4b83-4800-ab73-ddd9a0d0af85,105,100,31b8cac3-12f2-4a7a-add1-49070d2a5a3a,da845e7d-fedd-47ac-b12d-fb734b6449eb,5e76f2ad-b087-4dc4-9d25-73e3e0503036,2026-09-05 10:02:00,
639a6aac-bef4-4f16-962e-a8539dedc0d5,145,108,fa2f1bd2-3366-4667-a05f-7ced48c4c588,ffe42279-f3bd-4683-a6a8-52c1bb9651f3,353297dd-2e3c-46c0-a49c-7fd69ac2c389,2025-05-18 12:44:00,
e54fbc7b-2f4d-4cf6-9a68-0b904b596d85,139,101,fa2f1bd2-3366-4667-a05f-7ced48c4c588,ffe42279-f3bd-4683-a6a8-52c1bb9651f3,4519b91f-242d-4e4d-ae0c-da1f0c701874,2025-06-15 13:33:00,
ff4f7e4a-ce03-4f3b-b681-39557bf13cbe,151,100,fa2f1bd2-3366-4667-a05f-7ced48c4c588,ffe42279-f3bd-4683-a6a8-52c1bb9651f3,353297dd-2e3c-46c0-a49c-7fd69ac2c389,2025-07-15 15:25:00,
9f73673b-5a79-4764-968e-077f39c82517,145,98,fa2f1bd2-3366-4667-a05f-7ced48c4c588,ffe42279-f3bd-4683-a6a8-52c1bb9651f3,4519b91f-242d-4e4d-ae0c-da1f0c701874,2025-08-14 15:36:00,
fd106297-57e9-4415-aeb1-27313c06db43,136,87,fa2f1bd2-3366-4667-a05f-7ced48c4c588,ffe42279-f3bd-4683-a6a8-52c1bb9651f3,353297dd-2e3c-46c0-a49c-7fd69ac2c389,2025-09-10 09:27:00,
dd5cbd7c-f1a9-4fce-8c76-39265a854b78,132,70,fa2f1bd2-3366-4667-a05f-7ced48c4c588,ffe42279-f3bd-4683-a6a8-52c1bb9651f3,246dee45-3351-44d3-8a3a-ca414c46c168,2025-11-15 10:46:00,
05d116a3-7bf3-44e6-90a8-c1e67687b4a7,133,75,fa2f1bd2-3366-4667-a05f-7ced48c4c588,ffe42279-f3bd-4683-a6a8-52c1bb9651f3,353297dd-2e3c-46c0-a49c-7fd69ac2c389,2026-02-06 08:19:00,
28173812-3233-4185-a99e-ec44a16cdfe0,134,74,fa2f1bd2-3366-4667-a05f-7ced48c4c588,ffe42279-f3bd-4683-a6a8-52c1bb9651f3,4519b91f-242d-4e4d-ae0c-da1f0c701874,2026-04-03 12:07:00,
af58035a-05ee-4064-a41f-77e452fe867f,126,75,fa2f1bd2-3366-4667-a05f-7ced48c4c588,ffe42279-f3bd-4683-a6a8-52c1bb9651f3,4519b91f-242d-4e4d-ae0c-da1f0c701874,2026-07-07 15:01:00,
90565a6d-3eae-4a9e-b8cc-cc7d3ee2ca4c,107,77,fa2f1bd2-3366-4667-a05f-7ced48c4c588,ffe42279-f3bd-4683-a6a8-52c1bb9651f3,4519b91f-242d-4e4d-ae0c-da1f0c701874,2026-09-04 10:46:00,
55f23243-e70e-464b-8675-d9339c7731d7,150,87,14b03848-e362-4931-be7f-5c99ad1acf51,906096d6-f0f6-4da5-9c19-dc403afb4bb8,9bae34d8-d312-48ce-9bbf-17fa6222b3f6,2025-06-08 09:29:00,
e1342aa9-1000-4c34-b1ca-7b5202c99cd3,144,86,14b03848-e362-4931-be7f-5c99ad1acf51,906096d6-f0f6-4da5-9c19-dc403afb4bb8,9bae34d8-d312-48ce-9bbf-17fa6222b3f6,2025-06-24 10:03:00,
ed266403-0599-4cc9-b382-e1d4ac1374d8,138,85,14b03848-e362-4931-be7f-5c99ad1acf51,906096d6-f0f6-4da5-9c19-dc403afb4bb8,9bae34d8-d312-48ce-9bbf-17fa6222b3f6,2025-07-25 08:10:00,
cf3437ad-a1df-43dc-9ff7-61d25ff1bab6,143,83,14b03848-e362-4931-be7f-5c99ad1acf51,906096d6-f0f6-4da5-9c19-dc403afb4bb8,8cc3bb69-3add-47d5-9cd2-8cff31252948,2025-10-18 11:29:00,
3c6bfea7-3a61-43c0-8182-581dadb7959b,136,78,14b03848-e362-4931-be7f-5c99ad1acf51,906096d6-f0f6-4da5-9c19-dc403afb4bb8,9bae34d8-d312-48ce-9bbf-17fa6222b3f6,2025-11-14 15:56:00,
526b97bf-b7f0-425e-a3ad-0ee7d83eeed6,112,76,14b03848-e362-4931-be7f-5c99ad1acf51,906096d6-f0f6-4da5-9c19-dc403afb4bb8,b0715258-4719-4ce5-8a85-03ccda2c376c,2025-12-13 12:20:00,
0d48580b-f615-40d1-a547-bfa2551dcdd5,105,76,14b03848-e362-4931-be7f-5c99ad1acf51,906096d6-f0f6-4da5-9c19-dc403afb4bb8,8cc3bb69-3add-47d5-9cd2-8cff31252948,2026-01-12 11:15:00,
686ad7eb-7f8c-4a56-a4fb-4fd30dbe4be7,105,67,14b03848-e362-4931-be7f-5c99ad1acf51,906096d6-f0f6-4da5-9c19-dc403afb4bb8,9bae34d8-d312-48ce-9bbf-17fa6222b3f6,2026-02-08 09:12:00,
7cd0d7ff-d68e-4e36-a053-e2d0fdc023d9,107,65,14b03848-e362-4931-be7f-5c99ad1acf51,906096d6-f0f6-4da5-9c19-dc403afb4bb8,9bae34d8-d312-48ce-9bbf-17fa6222b3f6,2026-03-12 15:18:00,
edb0371f-8792-4e10-ac1d-c53d5539c4ee,135,111,ff3db565-8190-4ee3-b865-0cddf9ba8c8e,ffe42279-f3bd-4683-a6a8-52c1bb9651f3,cd18ec08-f6a4-4724-926f-acd2aeb0daf2,2025-10-10 10:42:00,
92c20d5b-70a8-4b21-9408-6c17fb8b149e,124,105,ff3db565-8190-4ee3-b865-0cddf9ba8c8e,ffe42279-f3bd-4683-a6a8-52c1bb9651f3,4519b91f-242d-4e4d-ae0c-da1f0c701874,2025-11-04 10:00:00,
66d538d4-550f-4ac6-8da0-e95ec4965b8d,137,103,ff3db565-8190-4ee3-b865-0cddf9ba8c8e,ffe42279-f3bd-4683-a6a8-52c1bb9651f3,4519b91f-242d-4e4d-ae0c-da1f0c701874,2025-12-01 08:15:00,
c7fda231-0bdf-413f-8b9e-dbecab62ded4,142,104,ff3db565-8190-4ee3-b865-0cddf9ba8c8e,ffe42279-f3bd-4683-a6a8-52c1bb9651f3,4519b91f-242d-4e4d-ae0c-da1f0c701874,2025-12-28 13:07:00,
9df6a62a-cff2-4fff-9b81-9dbea0604d6c,148,95,ff3db565-8190-4ee3-b865-0cddf9ba8c8e,ffe42279-f3bd-4683-a6a8-52c1bb9651f3,cd18ec08-f6a4-4724-926f-acd2aeb0daf2,2026-01-27 11:29:00,
d32f3e40-4115-4371-95de-ab5d581cdfec,151,92,ff3db565-8190-4ee3-b865-0cddf9ba8c8e,ffe42279-f3bd-4683-a6a8-52c1bb9651f3,353297dd-2e3c-46c0-a49c-7fd69ac2c389,2026-05-10 09:57:00,
58220566-6d90-4a10-bd9a-f044bda79122,127,82,ff3db565-8190-4ee3-b865-0cddf9ba8c8e,ffe42279-f3bd-4683-a6a8-52c1bb9651f3,4519b91f-242d-4e4d-ae0c-da1f0c701874,2026-09-14 09:38:00,
06dc1264-face-403c-9964-90a925f82212,153,100,718fe957-85f7-479f-a27d-32447ddaa748,906096d6-f0f6-4da5-9c19-dc403afb4bb8,8cc3bb69-3add-47d5-9cd2-8cff31252948,2025-03-31 11:50:00,
de4cb57d-53e9-41c6-aeac-aeaad15bdf76,159,97,718fe957-85f7-479f-a27d-32447ddaa748,906096d6-f0f6-4da5-9c19-dc403afb4bb8,9bae34d8-d312-48ce-9bbf-17fa6222b3f6,2025-04-27 10:05:00,
50dc546f-fa55-4a49-8dc3-93845ef751a9,162,103,718fe957-85f7-479f-a27d-32447ddaa748,906096d6-f0f6-4da5-9c19-dc403afb4bb8,9bae34d8-d312-48ce-9bbf-17fa6222b3f6,2025-05-28 08:45:00,
b5ffac7f-f95d-4432-922a-67d463a82b3d,160,105,718fe957-85f7-479f-a27d-32447ddaa748,906096d6-f0f6-4da5-9c19-dc403afb4bb8,b0715258-4719-4ce5-8a85-03ccda2c376c,2025-07-23 10:07:00,
f4171a10-4701-4473-bd0f-bcea339ffecb,169,92,a7344a0e-5832-441d-991c-6f3377ac69bd,ffe42279-f3bd-4683-a6a8-52c1bb9651f3,246dee45-3351-44d3-8a3a-ca414c46c168,2024-09-12 09:24:00,
a731414e-8cfe-4271-a5f7-2fe28742fae4,167,89,a7344a0e-5832-441d-991c-6f3377ac69bd,ffe42279-f3bd-4683-a6a8-52c1bb9651f3,246dee45-3351-44d3-8a3a-ca414c46c168,2024-10-09 11:04:00,
123d947f-15ba-4d56-b8ee-13e9fd202383,164,87,a7344a0e-5832-441d-991c-6f3377ac69bd,ffe42279-f3bd-4683-a6a8-52c1bb9651f3,353297dd-2e3c-46c0-a49c-7fd69ac2c389,2024-11-03 11:33:00,
3b0bce0b-2b91-43fa-9fc4-11c3a0dcfee9,166,82,a7344a0e-5832-441d-991c-6f3377ac69bd,ffe42279-f3bd-4683-a6a8-52c1bb9651f3,353297dd-2e3c-46c0-a49c-7fd69ac2c389,2024-12-01 13:30:00,
29ecde73-972a-4164-b470-1a9ab1d0d32a,156,78,a7344a0e-5832-441d-991c-6f3377ac69bd,ffe42279-f3bd-4683-a6a8-52c1bb9651f3,cd18ec08-f6a4-4724-926f-acd2aeb0daf2,2024-12-27 14:58:00,
c6d88bec-d555-4a5c-881e-0a6665c2a973,141,77,a7344a0e-5832-441d-991c-6f3377ac69bd,ffe42279-f3bd-4683-a6a8-52c1bb9651f3,4519b91f-242d-4e4d-ae0c-da1f0c701874,2025-01-26 09:16:00,
f2d075ab-b8f7-435c-bf63-56e60a9bfe5d,123,72,a7344a0e-5832-441d-991c-6f3377ac69bd,ffe42279-f3bd-4683-a6a8-52c1bb9651f3,4519b91f-242d-4e4d-ae0c-da1f0c701874,2025-02-20 08:49:00,
0f1f0a70-9149-42c1-87cf-7f3069350179,117,67,a7344a0e-5832-441d-991c-6f3377ac69bd,ffe42279-f3bd-4683-a6a8-52c1bb9651f3,cd18ec08-f6a4-4724-926f-acd2aeb0daf2,2025-04-16 08:48:00,
0eb75634-a2ad-464a-8c4d-4af158911cef,118,65,a7344a0e-5832-441d-991c-6f3377ac69bd,ffe42279-f3bd-4683-a6a8-52c1bb9651f3,353297dd-2e3c-46c0-a49c-7fd69ac2c389,2025-08-02 12:13:00,
9b7c7e47-9bef-455a-ae77-d11b9476115c,123,74,a7344a0e-5832-441d-991c-6f3377ac69bd,ffe42279-f3bd-4683-a6a8-52c1bb9651f3,246dee45-3351-44d3-8a3a-ca414c46c168,2025-09-23 10:07:00,
e5692d4c-f61d-4b88-bb90-282af6294273,117,82,a7344a0e-5832-441d-991c-6f3377ac69bd,ffe42279-f3bd-4683-a6a8-52c1bb9651f3,cd18ec08-f6a4-4724-926f-acd2aeb0daf2,2025-12-03 09:23:00,
5fa0313e-358d-4f94-94ce-47b4434b6432,105,92,a7344a0e-5832-441d-991c-6f3377ac69bd,ffe42279-f3bd-4683-a6a8-52c1bb9651f3,cd18ec08-f6a4-4724-926f-acd2aeb0daf2,2026-01-04 13:08:00,
5d93852c-d366-44a0-be68-d6b5564560dc,107,86,a7344a0e-5832-441d-991c-6f3377ac69bd,ffe42279-f3bd-4683-a6a8-52c1bb9651f3,246dee45-3351-44d3-8a3a-ca414c46c168,2026-01-20 14:04:00,
10dffa67-6d6d-48ac-b249-e1ef5b4c831c,105,85,a7344a0e-5832-441d-991c-6f3377ac69bd,ffe42279-f3bd-4683-a6a8-52c1bb9651f3,353297dd-2e3c-46c0-a49c-7fd69ac2c389,2026-03-14 12:04:00,
51aea615-a6d3-480f-b7da-95fc3a1dce96,105,81,a7344a0e-5832-441d-991c-6f3377ac69bd,ffe42279-f3bd-4683-a6a8-52c1bb9651f3,353297dd-2e3c-46c0-a49c-7fd69ac2c389,2026-05-06 12:25:00,
3bfd523d-1b62-42c4-8775-b830b6069160,105,81,a7344a0e-5832-441d-991c-6f3377ac69bd,ffe42279-f3bd-4683-a6a8-52c1bb9651f3,cd18ec08-f6a4-4724-926f-acd2aeb0daf2,2026-07-28 11:35:00,
1a62b6b7-2384-4109-80fd-88acaabe4650,105,79,a7344a0e-5832-441d-991c-6f3377ac69bd,ffe42279-f3bd-4683-a6a8-52c1bb9651f3,246dee45-3351-44d3-8a3a-ca414c46c168,2026-09-20 11:56:00,
0c92a8cb-1576-4f6c-a082-e2f34eebd47d,161,89,bcb1dfb3-952a-4c04-9830-b380e7c401fb,906096d6-f0f6-4da5-9c19-dc403afb4bb8,8cc3bb69-3add-47d5-9cd2-8cff31252948,2025-05-27 08:00:00,
e3db306f-bd6e-4621-8d0d-ecc8745e51b5,169,89,bcb1dfb3-952a-4c04-9830-b380e7c401fb,906096d6-f0f6-4da5-9c19-dc403afb4bb8,9bae34d8-d312-48ce-9bbf-17fa6222b3f6,2025-06-24 08:00:00,
26e79a94-3302-4768-b377-37d1bc14f736,164,81,bcb1dfb3-952a-4c04-9830-b380e7c401fb,906096d6-f0f6-4da5-9c19-dc403afb4bb8,8cc3bb69-3add-47d5-9cd2-8cff31252948,2025-07-24 15:24:00,
070b0100-037d-4dca-9863-d92f36f499d0,163,78,bcb1dfb3-952a-4c04-9830-b380e7c401fb,906096d6-f0f6-4da5-9c19-dc403afb4bb8,b0715258-4719-4ce5-8a85-03ccda2c376c,2025-08-19 15:16:00,
8e76ec36-7a98-421f-9154-d42080961bca,159,77,bcb1dfb3-952a-4c04-9830-b380e7c401fb,906096d6-f0f6-4da5-9c19-dc403afb4bb8,b0715258-4719-4ce5-8a85-03ccda2c376c,2025-09-20 15:18:00,
149acf11-ceb4-4248-9c2e-69054532bdd1,141,71,bcb1dfb3-952a-4c04-9830-b380e7c401fb,906096d6-f0f6-4da5-9c19-dc403afb4bb8,8cc3bb69-3add-47d5-9cd2-8cff31252948,2025-10-15 11:04:00,
cff22013-d408-4e66-bb2f-57dc8a2f1498,130,73,bcb1dfb3-952a-4c04-9830-b380e7c401fb,906096d6-f0f6-4da5-9c19-dc403afb4bb8,b0715258-4719-4ce5-8a85-03ccda2c376c,2025-11-14 10:14:00,
3c79aff3-83c9-43a9-b528-83b396739296,126,72,bcb1dfb3-952a-4c04-9830-b380e7c401fb,906096d6-f0f6-4da5-9c19-dc403afb4bb8,9bae34d8-d312-48ce-9bbf-17fa6222b3f6,2026-01-12 13:03:00,
5c7de679-76a2-4016-86f5-c81a43a7bee7,121,66,bcb1dfb3-952a-4c04-9830-b380e7c401fb,906096d6-f0f6-4da5-9c19-dc403afb4bb8,9bae34d8-d312-48ce-9bbf-17fa6222b3f6,2026-03-12 14:25:00,
271d6b93-3e75-4ea6-847a-74e4c8ca2022,105,65,bcb1dfb3-952a-4c04-9830-b380e7c401fb,906096d6-f0f6-4da5-9c19-dc403afb4bb8,8cc3bb69-3add-47d5-9cd2-8cff31252948,2026-05-06 10:55:00,
94a38495-c5e2-4d65-9c9a-8df6322e8f91,105,68,bcb1dfb3-952a-4c04-9830-b380e7c401fb,906096d6-f0f6-4da5-9c19-dc403afb4bb8,9bae34d8-d312-48ce-9bbf-17fa6222b3f6,2026-07-07 13:14:00,
abf9d71f-ad5b-4c97-b457-abcdfe2bee8a,105,65,bcb1dfb3-952a-4c04-9830-b380e7c401fb,906096d6-f0f6-4da5-9c19-dc403afb4bb8,9bae34d8-d312-48ce-9bbf-17fa6222b3f6,2026-08-02 14:25:00,
9a834041-e9a6-4d21-923c-ef771d41535e,160,88,e7ca10e7-94f7-48c0-b661-63eb1b4c232d,ffe42279-f3bd-4683-a6a8-52c1bb9651f3,246dee45-3351-44d3-8a3a-ca414c46c168,2025-12-27 10:36:00,
66c0907c-bfcd-4d84-ac8c-13bf166b156f,173,91,e7ca10e7-94f7-48c0-b661-63eb1b4c232d,ffe42279-f3bd-4683-a6a8-52c1bb9651f3,cd18ec08-f6a4-4724-926f-acd2aeb0daf2,2026-01-22 11:40:00,
e9a61f3c-87b8-4882-8535-ea42ca49cf2b,183,92,e7ca10e7-94f7-48c0-b661-63eb1b4c232d,ffe42279-f3bd-4683-a6a8-52c1bb9651f3,353297dd-2e3c-46c0-a49c-7fd69ac2c389,2026-03-02 12:55:00,
001729b3-5c9f-4dba-ba80-408c284257a3,177,81,e7ca10e7-94f7-48c0-b661-63eb1b4c232d,ffe42279-f3bd-4683-a6a8-52c1bb9651f3,246dee45-3351-44d3-8a3a-ca414c46c168,2026-03-19 08:33:00,
67b8183b-5a1e-4da9-8f4a-7681e5dc8f80,178,90,e7ca10e7-94f7-48c0-b661-63eb1b4c232d,ffe42279-f3bd-4683-a6a8-52c1bb9651f3,246dee45-3351-44d3-8a3a-ca414c46c168,2026-06-10 11:43:00,
9a092fcf-cf56-4fca-9f7b-fd179ab7dae8,163,92,e7ca10e7-94f7-48c0-b661-63eb1b4c232d,ffe42279-f3bd-4683-a6a8-52c1bb9651f3,4519b91f-242d-4e4d-ae0c-da1f0c701874,2026-06-24 11:18:00,
f254df8e-5c01-4538-b7ab-173a773536ac,141,98,dc18f7f9-8d88-4e04-8bce-c9c70c0b4a06,906096d6-f0f6-4da5-9c19-dc403afb4bb8,9bae34d8-d312-48ce-9bbf-17fa6222b3f6,2026-05-16 13:16:00,
3cae8c7e-615e-44bd-ab26-3de6d2a74898,117,100,dc18f7f9-8d88-4e04-8bce-c9c70c0b4a06,906096d6-f0f6-4da5-9c19-dc403afb4bb8,b0715258-4719-4ce5-8a85-03ccda2c376c,2026-05-29 10:27:00,
08757199-5df0-4c41-baab-ae73e7cea50a,129,102,dc18f7f9-8d88-4e04-8bce-c9c70c0b4a06,906096d6-f0f6-4da5-9c19-dc403afb4bb8,9bae34d8-d312-48ce-9bbf-17fa6222b3f6,2026-08-02 14:03:00,
75407599-ece2-4c5c-9ee2-1c011e17fd3f,152,81,b456e4e4-5085-452e-8ec4-03e8c5d16f29,da845e7d-fedd-47ac-b12d-fb734b6449eb,447e99c5-592b-43d3-805b-eb75f1251d2a,2025-04-26 09:03:00,
d29aa4ee-ccf9-427c-b38b-6d14bc9636d3,124,87,d946cd20-bb4e-4a2a-b5e3-d24231a2b760,552564e7-84a4-4534-acfd-938092f72643,c762646d-3ec2-420a-956d-f1b73ea05187,2024-09-05 08:06:00,
dd1d1d73-67bc-4177-9268-61e0d6cf8e13,132,84,d946cd20-bb4e-4a2a-b5e3-d24231a2b760,552564e7-84a4-4534-acfd-938092f72643,213c0975-3815-4ea4-ba67-23c54c2546da,2024-10-26 11:23:00,
7506b128-91cd-48c7-abe0-e413d1b97973,114,75,d946cd20-bb4e-4a2a-b5e3-d24231a2b760,552564e7-84a4-4534-acfd-938092f72643,448fb26c-4d06-4d9f-a11d-a2745fb4d4c6,2024-12-25 10:48:00,
64bd9281-7e14-403a-bb85-21e640404f78,110,72,d946cd20-bb4e-4a2a-b5e3-d24231a2b760,552564e7-84a4-4534-acfd-938092f72643,f3161305-31e6-47c0-8597-e00f4ddec847,2025-02-15 13:58:00,
50df8726-5c28-484f-908c-837f8aba668e,124,70,d946cd20-bb4e-4a2a-b5e3-d24231a2b760,552564e7-84a4-4534-acfd-938092f72643,c762646d-3ec2-420a-956d-f1b73ea05187,2025-06-09 11:37:00,
3a99c106-a09c-4df4-9a8e-75f4721c42d9,123,70,d946cd20-bb4e-4a2a-b5e3-d24231a2b760,552564e7-84a4-4534-acfd-938092f72643,19f2d2b9-737d-4029-8250-945229084df8,2025-08-05 08:06:00,
395314bd-5d6f-4a6d-bc0a-bf44d9cae123,130,65,d946cd20-bb4e-4a2a-b5e3-d24231a2b760,552564e7-84a4-4534-acfd-938092f72643,c762646d-3ec2-420a-956d-f1b73ea05187,2025-09-30 11:53:00,
e7c29979-762c-4b8a-b3bd-823c4860ac9a,132,65,d946cd20-bb4e-4a2a-b5e3-d24231a2b760,552564e7-84a4-4534-acfd-938092f72643,c762646d-3ec2-420a-956d-f1b73ea05187,2026-01-28 11:07:00,
3712cc08-125e-49b6-be28-e7c18aafd65e,167,91,ae31e651-a450-432c-9d20-3aaea8a21ead,906096d6-f0f6-4da5-9c19-dc403afb4bb8,9bae34d8-d312-48ce-9bbf-17fa6222b3f6,2025-11-28 14:29:00,
571e2fe8-0f05-425f-8f13-a720e205b38c,166,95,ae31e651-a450-432c-9d20-3aaea8a21ead,906096d6-f0f6-4da5-9c19-dc403afb4bb8,9bae34d8-d312-48ce-9bbf-17fa6222b3f6,2026-01-16 08:13:00,
8fffe234-9591-4b41-9351-e9dab91cefde,165,88,3e8eb9cb-a10a-4144-814e-69b1c101ae99,552564e7-84a4-4534-acfd-938092f72643,213c0975-3815-4ea4-ba67-23c54c2546da,2025-06-26 12:20:00,
1c7d71d5-101c-4e83-af8c-8ed3076c51e3,165,88,3e8eb9cb-a10a-4144-814e-69b1c101ae99,552564e7-84a4-4534-acfd-938092f72643,0035c5bf-742a-4ff6-9e23-941764d58bb9,2025-07-28 12:53:00,
9802476c-d899-49dc-a3ad-b4682c6761d2,168,90,3e8eb9cb-a10a-4144-814e-69b1c101ae99,552564e7-84a4-4534-acfd-938092f72643,448fb26c-4d06-4d9f-a11d-a2745fb4d4c6,2025-08-23 10:18:00,
9be465e9-7fb5-4f5e-b17f-c7a2eff30fc5,155,92,3e8eb9cb-a10a-4144-814e-69b1c101ae99,552564e7-84a4-4534-acfd-938092f72643,0035c5bf-742a-4ff6-9e23-941764d58bb9,2025-09-19 12:30:00,
260905d3-7b48-4778-8c97-ecf3cf7667c1,161,101,3e8eb9cb-a10a-4144-814e-69b1c101ae99,552564e7-84a4-4534-acfd-938092f72643,448fb26c-4d06-4d9f-a11d-a2745fb4d4c6,2025-10-03 13:25:00,
14ec6aa3-634e-4d32-9f44-d5513cf36d36,146,102,3e8eb9cb-a10a-4144-814e-69b1c101ae99,552564e7-84a4-4534-acfd-938092f72643,c762646d-3ec2-420a-956d-f1b73ea05187,2025-10-31 15:58:00,
871e9971-d974-4cfa-b670-5573dea8701f,140,98,3e8eb9cb-a10a-4144-814e-69b1c101ae99,552564e7-84a4-4534-acfd-938092f72643,0035c5bf-742a-4ff6-9e23-941764d58bb9,2025-11-29 14:35:00,
45db7fe7-2fc6-4943-b359-d5d01e051b15,142,84,3e8eb9cb-a10a-4144-814e-69b1c101ae99,552564e7-84a4-4534-acfd-938092f72643,213c0975-3815-4ea4-ba67-23c54c2546da,2025-12-23 10:33:00,
490ada3c-7bd1-4e92-8787-cfa54ee45f96,131,85,3e8eb9cb-a10a-4144-814e-69b1c101ae99,552564e7-84a4-4534-acfd-938092f72643,448fb26c-4d06-4d9f-a11d-a2745fb4d4c6,2026-01-07 08:19:00,
f5ecef71-360a-43fa-ab46-3aef90a84ce6,123,85,3e8eb9cb-a10a-4144-814e-69b1c101ae99,552564e7-84a4-4534-acfd-938092f72643,c762646d-3ec2-420a-956d-f1b73ea05187,2026-03-02 11:05:00,
eff1ecb6-758a-4871-abef-c8990cec8ae6,124,73,3e8eb9cb-a10a-4144-814e-69b1c101ae99,552564e7-84a4-4534-acfd-938092f72643,f3161305-31e6-47c0-8597-e00f4ddec847,2026-05-16 10:40:00,
f9678a95-2f07-433a-a333-c73199af1d64,133,76,3e8eb9cb-a10a-4144-814e-69b1c101ae99,552564e7-84a4-4534-acfd-938092f72643,19f2d2b9-737d-4029-8250-945229084df8,2026-06-16 10:29:00,
9cde7ddb-04fc-4680-8313-6e27ca6592f0,118,72,3e8eb9cb-a10a-4144-814e-69b1c101ae99,552564e7-84a4-4534-acfd-938092f72643,213c0975-3815-4ea4-ba67-23c54c2546da,2026-07-15 13:51:00,
50129dea-67f3-4aef-86d5-d196422c20ab,183,86,7ec85339-0e33-4d5a-a098-df1c83ac7a00,da845e7d-fedd-47ac-b12d-fb734b6449eb,447e99c5-592b-43d3-805b-eb75f1251d2a,2024-10-23 15:13:00,
ae64e4f7-9409-4866-8dc4-5c3a0d865171,169,80,7ec85339-0e33-4d5a-a098-df1c83ac7a00,da845e7d-fedd-47ac-b12d-fb734b6449eb,5e76f2ad-b087-4dc4-9d25-73e3e0503036,2024-11-05 15:45:00,
f23568df-72ab-4fdd-94cb-84ae8cd75a1b,169,76,7ec85339-0e33-4d5a-a098-df1c83ac7a00,da845e7d-fedd-47ac-b12d-fb734b6449eb,e18956f3-25d3-4ad3-9e29-e476c974b1e2,2024-12-23 10:49:00,
772b028e-4e0c-40c0-b08c-f6da00081a82,169,69,7ec85339-0e33-4d5a-a098-df1c83ac7a00,da845e7d-fedd-47ac-b12d-fb734b6449eb,e18956f3-25d3-4ad3-9e29-e476c974b1e2,2025-01-09 13:13:00,
98039cba-e718-4357-8fe2-b8108a00d143,165,65,7ec85339-0e33-4d5a-a098-df1c83ac7a00,da845e7d-fedd-47ac-b12d-fb734b6449eb,e18956f3-25d3-4ad3-9e29-e476c974b1e2,2025-02-15 08:49:00,
5cc7dd2c-ac98-4171-8b63-9824168ace74,165,65,7ec85339-0e33-4d5a-a098-df1c83ac7a00,da845e7d-fedd-47ac-b12d-fb734b6449eb,447e99c5-592b-43d3-805b-eb75f1251d2a,2025-03-06 10:02:00,
e73067d6-9669-45df-a543-e33b237fa468,157,65,7ec85339-0e33-4d5a-a098-df1c83ac7a00,da845e7d-fedd-47ac-b12d-fb734b6449eb,e18956f3-25d3-4ad3-9e29-e476c974b1e2,2025-04-01 11:54:00,
981ce9e4-ba89-4200-82a9-ab3e3d63d032,137,65,7ec85339-0e33-4d5a-a098-df1c83ac7a00,da845e7d-fedd-47ac-b12d-fb734b6449eb,5e76f2ad-b087-4dc4-9d25-73e3e0503036,2025-04-17 08:10:00,
b5f5114c-b688-425b-8a73-577493de9521,137,65,7ec85339-0e33-4d5a-a098-df1c83ac7a00,da845e7d-fedd-47ac-b12d-fb734b6449eb,447e99c5-592b-43d3-805b-eb75f1251d2a,2025-06-22 15:53:00,
b66ab3c4-1925-45ed-82ff-0d7e9fd8faa7,148,65,7ec85339-0e33-4d5a-a098-df1c83ac7a00,da845e7d-fedd-47ac-b12d-fb734b6449eb,e18956f3-25d3-4ad3-9e29-e476c974b1e2,2025-10-18 11:27:00,
5381a8dc-8d0b-43d5-8f11-f2acbca64a34,124,74,7ec85339-0e33-4d5a-a098-df1c83ac7a00,da845e7d-fedd-47ac-b12d-fb734b6449eb,5e76f2ad-b087-4dc4-9d25-73e3e0503036,2025-12-04 15:58:00,
76aedd18-ee0b-49d2-93ae-4294ff29b418,118,70,7ec85339-0e33-4d5a-a098-df1c83ac7a00,da845e7d-fedd-47ac-b12d-fb734b6449eb,5e76f2ad-b087-4dc4-9d25-73e3e0503036,2026-03-27 09:12:00,
e2b00c16-df9c-4edc-9506-2752acb0d3ac,113,66,7ec85339-0e33-4d5a-a098-df1c83ac7a00,da845e7d-fedd-47ac-b12d-fb734b6449eb,5e76f2ad-b087-4dc4-9d25-73e3e0503036,2026-04-22 15:24:00,
344dd0b6-7292-477d-b047-94f2a6918c61,105,66,7ec85339-0e33-4d5a-a098-df1c83ac7a00,da845e7d-fedd-47ac-b12d-fb734b6449eb,447e99c5-592b-43d3-805b-eb75f1251d2a,2026-07-18 15:01:00,
86c7a8aa-c810-44f5-bf6f-4ed3fb6cabb5,105,65,7ec85339-0e33-4d5a-a098-df1c83ac7a00,da845e7d-fedd-47ac-b12d-fb734b6449eb,447e99c5-592b-43d3-805b-eb75f1251d2a,2026-08-12 12:56:00,
b55713e3-8df7-4a3e-833f-b21a9d877345,154,100,fac769b3-c0ba-4c42-8d89-62d75c293d78,5f213a58-b179-42d7-9c05-e29474526e82,2db9a55b-d59a-4a30-a4c8-bf7ae0a1e014,2025-09-08 09:36:00,
8570cc24-f9a4-41c1-ac36-f3149588e3b0,147,111,fac769b3-c0ba-4c42-8d89-62d75c293d78,5f213a58-b179-42d7-9c05-e29474526e82,406a76ac-2a9d-4982-b6f8-1efb7296c6c0,2026-04-30 15:02:00,
012fd79a-ca1b-4cf4-a57f-729001d5a14d,155,116,fac769b3-c0ba-4c42-8d89-62d75c293d78,5f213a58-b179-42d7-9c05-e29474526e82,b302ab11-03e4-4bae-be36-6ec2662f7fc9,2026-06-19 12:34:00,
0b094c29-aa56-4012-af3c-43840c8c7c3b,131,87,3b7897b7-f9e1-482a-96ad-0e729d644d2e,552564e7-84a4-4534-acfd-938092f72643,19f2d2b9-737d-4029-8250-945229084df8,2025-01-14 14:36:00,
14ea97d2-df83-4ae4-a792-17504e0c8879,145,90,3b7897b7-f9e1-482a-96ad-0e729d644d2e,552564e7-84a4-4534-acfd-938092f72643,213c0975-3815-4ea4-ba67-23c54c2546da,2025-07-20 13:26:00,
95eac34b-885f-4405-97fc-2998489b18fa,140,87,3b7897b7-f9e1-482a-96ad-0e729d644d2e,552564e7-84a4-4534-acfd-938092f72643,f3161305-31e6-47c0-8597-e00f4ddec847,2025-08-15 10:19:00,
0d5783aa-7a48-4076-89c7-4e4e0c08fcd7,146,90,3b7897b7-f9e1-482a-96ad-0e729d644d2e,552564e7-84a4-4534-acfd-938092f72643,0035c5bf-742a-4ff6-9e23-941764d58bb9,2025-09-15 12:56:00,
897fe795-2d30-4579-8020-78e41691c37c,130,96,3b7897b7-f9e1-482a-96ad-0e729d644d2e,552564e7-84a4-4534-acfd-938092f72643,448fb26c-4d06-4d9f-a11d-a2745fb4d4c6,2025-11-07 08:16:00,
34faa070-e7df-49a1-9cd6-f7e1c4177620,122,93,3b7897b7-f9e1-482a-96ad-0e729d644d2e,552564e7-84a4-4534-acfd-938092f72643,0035c5bf-742a-4ff6-9e23-941764d58bb9,2026-07-17 10:05:00,
b3cc715c-8609-4fee-ae29-ae81bb666e17,118,86,3b7897b7-f9e1-482a-96ad-0e729d644d2e,552564e7-84a4-4534-acfd-938092f72643,f3161305-31e6-47c0-8597-e00f4ddec847,2026-08-03 10:33:00,
964c2fe2-f3d6-4f0e-9a76-f81c164d991d,120,86,b9cb3aba-e6d8-4177-abdf-efbfbdd1fcc4,552564e7-84a4-4534-acfd-938092f72643,448fb26c-4d06-4d9f-a11d-a2745fb4d4c6,2024-12-26 09:23:00,
e07f2c83-b604-498c-bb6c-c7119ac972b5,115,79,b9cb3aba-e6d8-4177-abdf-efbfbdd1fcc4,552564e7-84a4-4534-acfd-938092f72643,c762646d-3ec2-420a-956d-f1b73ea05187,2025-02-21 15:10:00,
2a560c4c-3031-49c9-a8b6-8962a6d0bd5f,150,103,428971ff-8629-40e8-bbc2-90dbb7307ea5,ffe42279-f3bd-4683-a6a8-52c1bb9651f3,353297dd-2e3c-46c0-a49c-7fd69ac2c389,2025-01-28 12:49:00,
a8dfad9a-6086-4557-8869-28715fe715b8,146,104,428971ff-8629-40e8-bbc2-90dbb7307ea5,ffe42279-f3bd-4683-a6a8-52c1bb9651f3,246dee45-3351-44d3-8a3a-ca414c46c168,2025-03-01 15:58:00,
7d20ba21-f525-450b-9569-76731b4ff789,131,99,428971ff-8629-40e8-bbc2-90dbb7307ea5,ffe42279-f3bd-4683-a6a8-52c1bb9651f3,353297dd-2e3c-46c0-a49c-7fd69ac2c389,2025-03-30 15:19:00,
936659ae-5207-4667-b846-ad83f939c2ae,122,100,428971ff-8629-40e8-bbc2-90dbb7307ea5,ffe42279-f3bd-4683-a6a8-52c1bb9651f3,cd18ec08-f6a4-4724-926f-acd2aeb0daf2,2025-04-27 08:05:00,
26b07c1a-efd0-4456-afd5-74f9ce6b42ae,112,92,428971ff-8629-40e8-bbc2-90dbb7307ea5,ffe42279-f3bd-4683-a6a8-52c1bb9651f3,353297dd-2e3c-46c0-a49c-7fd69ac2c389,2025-05-22 11:34:00,
65803f11-43d7-4b80-a7cb-352bdc626534,105,90,428971ff-8629-40e8-bbc2-90dbb7307ea5,ffe42279-f3bd-4683-a6a8-52c1bb9651f3,353297dd-2e3c-46c0-a49c-7fd69ac2c389,2025-06-09 08:42:00,
12ffa4c0-3ccf-4dff-b1fd-5bdfd3494675,105,83,428971ff-8629-40e8-bbc2-90dbb7307ea5,ffe42279-f3bd-4683-a6a8-52c1bb9651f3,cd18ec08-f6a4-4724-926f-acd2aeb0daf2,2025-08-07 15:35:00,
db506e4b-2091-4ed0-ba55-63ac14df4d09,116,83,428971ff-8629-40e8-bbc2-90dbb7307ea5,ffe42279-f3bd-4683-a6a8-52c1bb9651f3,cd18ec08-f6a4-4724-926f-acd2aeb0daf2,2025-09-04 10:45:00,
b1a88763-7015-40e8-8df2-6cefbd066833,122,85,428971ff-8629-40e8-bbc2-90dbb7307ea5,ffe42279-f3bd-4683-a6a8-52c1bb9651f3,cd18ec08-f6a4-4724-926f-acd2aeb0daf2,2025-10-30 15:59:00,
d2ef6874-2794-435b-894e-c857ebe1c79a,117,81,428971ff-8629-40e8-bbc2-90dbb7307ea5,ffe42279-f3bd-4683-a6a8-52c1bb9651f3,4519b91f-242d-4e4d-ae0c-da1f0c701874,2025-11-30 08:12:00,
11607fd5-60d8-413b-a308-685f819e66e7,108,73,428971ff-8629-40e8-bbc2-90dbb7307ea5,ffe42279-f3bd-4683-a6a8-52c1bb9651f3,246dee45-3351-44d3-8a3a-ca414c46c168,2026-01-27 14:10:00,
35166351-367e-4541-96d1-564e7581baa1,110,73,428971ff-8629-40e8-bbc2-90dbb7307ea5,ffe42279-f3bd-4683-a6a8-52c1bb9651f3,353297dd-2e3c-46c0-a49c-7fd69ac2c389,2026-04-18 12:52:00,
19fababf-4b6d-421f-99eb-8e1bfe84785d,105,72,428971ff-8629-40e8-bbc2-90dbb7307ea5,ffe42279-f3bd-4683-a6a8-52c1bb9651f3,353297dd-2e3c-46c0-a49c-7fd69ac2c389,2026-05-19 13:27:00,
64e1bb9d-58db-47ee-9d57-df83468e88d2,105,75,428971ff-8629-40e8-bbc2-90dbb7307ea5,ffe42279-f3bd-4683-a6a8-52c1bb9651f3,4519b91f-242d-4e4d-ae0c-da1f0c701874,2026-07-11 15:49:00,
42062d18-c7b4-4d04-bf30-9c34e2486d75,105,78,428971ff-8629-40e8-bbc2-90dbb7307ea5,ffe42279-f3bd-4683-a6a8-52c1bb9651f3,4519b91f-242d-4e4d-ae0c-da1f0c701874,2026-08-06 15:55:00,
7af1b3bd-205c-4c22-ae75-015d5dbe8fee,159,98,48eda7ae-f6b6-4ab1-9060-c46dea47ecef,5f213a58-b179-42d7-9c05-e29474526e82,8e0d0bd7-32bc-44e0-8bb3-7f4f4b13cf78,2024-12-15 08:43:00,
b23f49f3-77f8-4001-8b99-8473f201920d,157,93,48eda7ae-f6b6-4ab1-9060-c46dea47ecef,5f213a58-b179-42d7-9c05-e29474526e82,b302ab11-03e4-4bae-be36-6ec2662f7fc9,2025-01-19 15:50:00,
5936bbf1-3dda-4895-94e0-13244ecebe25,167,97,48eda7ae-f6b6-4ab1-9060-c46dea47ecef,5f213a58-b179-42d7-9c05-e29474526e82,8e0d0bd7-32bc-44e0-8bb3-7f4f4b13cf78,2025-02-27 11:22:00,
198a7d00-82df-4a2d-8864-44c2c50d4f29,179,87,48eda7ae-f6b6-4ab1-9060-c46dea47ecef,5f213a58-b179-42d7-9c05-e29474526e82,2db9a55b-d59a-4a30-a4c8-bf7ae0a1e014,2025-03-26 09:30:00,
e601a86e-a5f7-4166-9cdf-bafc2298818c,173,84,48eda7ae-f6b6-4ab1-9060-c46dea47ecef,5f213a58-b179-42d7-9c05-e29474526e82,8e0d0bd7-32bc-44e0-8bb3-7f4f4b13cf78,2025-04-18 10:04:00,
30706b5d-c82c-4665-be28-d66f65b51a42,174,84,48eda7ae-f6b6-4ab1-9060-c46dea47ecef,5f213a58-b179-42d7-9c05-e29474526e82,8e0d0bd7-32bc-44e0-8bb3-7f4f4b13cf78,2025-05-15 13:27:00,
680045c3-61e3-4d3f-a554-1462d4484993,173,86,48eda7ae-f6b6-4ab1-9060-c46dea47ecef,5f213a58-b179-42d7-9c05-e29474526e82,b302ab11-03e4-4bae-be36-6ec2662f7fc9,2025-06-09 15:15:00,
9c578611-09e8-41e2-b18e-4a570e00ded4,165,85,48eda7ae-f6b6-4ab1-9060-c46dea47ecef,5f213a58-b179-42d7-9c05-e29474526e82,2db9a55b-d59a-4a30-a4c8-bf7ae0a1e014,2025-07-14 15:11:00,
956bc21e-2e04-4ba7-a4c1-f214a3610609,168,86,48eda7ae-f6b6-4ab1-9060-c46dea47ecef,5f213a58-b179-42d7-9c05-e29474526e82,406a76ac-2a9d-4982-b6f8-1efb7296c6c0,2025-08-10 08:02:00,
5138b80c-78e1-4339-8ebc-1dc71a3d9205,154,89,48eda7ae-f6b6-4ab1-9060-c46dea47ecef,5f213a58-b179-42d7-9c05-e29474526e82,8e0d0bd7-32bc-44e0-8bb3-7f4f4b13cf78,2025-09-05 10:14:00,
f3f0d9a6-e2d1-4d22-ad0a-91865690b5ce,138,76,48eda7ae-f6b6-4ab1-9060-c46dea47ecef,5f213a58-b179-42d7-9c05-e29474526e82,2db9a55b-d59a-4a30-a4c8-bf7ae0a1e014,2025-09-17 14:15:00,
435e1d6a-ed53-4331-aa24-9d2beaf48801,121,74,48eda7ae-f6b6-4ab1-9060-c46dea47ecef,5f213a58-b179-42d7-9c05-e29474526e82,8e0d0bd7-32bc-44e0-8bb3-7f4f4b13cf78,2025-12-26 10:25:00,
6e4c7b41-6c5c-4543-9966-c67dfadc6b81,118,79,48eda7ae-f6b6-4ab1-9060-c46dea47ecef,5f213a58-b179-42d7-9c05-e29474526e82,b302ab11-03e4-4bae-be36-6ec2662f7fc9,2026-04-10 12:25:00,
1a637087-adc4-4472-8b96-7109198ac590,110,75,48eda7ae-f6b6-4ab1-9060-c46dea47ecef,5f213a58-b179-42d7-9c05-e29474526e82,2db9a55b-d59a-4a30-a4c8-bf7ae0a1e014,2026-06-06 15:37:00,
5b7b5c1e-730b-4e09-9aee-086e8cc0cd21,108,77,48eda7ae-f6b6-4ab1-9060-c46dea47ecef,5f213a58-b179-42d7-9c05-e29474526e82,b302ab11-03e4-4bae-be36-6ec2662f7fc9,2026-07-30 09:42:00,
e5471e00-7a49-4072-9504-980ccc1880ea,164,112,6ed169a9-9787-4fbe-a8c2-bb77ab0a51db,5f213a58-b179-42d7-9c05-e29474526e82,b302ab11-03e4-4bae-be36-6ec2662f7fc9,2025-02-26 10:08:00,
2ec5f7ac-b55a-43ad-a874-e1974ddfa7a2,169,109,6ed169a9-9787-4fbe-a8c2-bb77ab0a51db,5f213a58-b179-42d7-9c05-e29474526e82,b302ab11-03e4-4bae-be36-6ec2662f7fc9,2025-03-10 15:55:00,
3643042b-dae4-412a-9aab-a4ed3aed8b45,167,107,6ed169a9-9787-4fbe-a8c2-bb77ab0a51db,5f213a58-b179-42d7-9c05-e29474526e82,8e0d0bd7-32bc-44e0-8bb3-7f4f4b13cf78,2025-04-05 09:38:00,
6413d0ad-ece4-443e-aa3c-24abe39ef8a3,168,112,6ed169a9-9787-4fbe-a8c2-bb77ab0a51db,5f213a58-b179-42d7-9c05-e29474526e82,b302ab11-03e4-4bae-be36-6ec2662f7fc9,2025-05-04 11:57:00,
e294dc63-73ee-4382-b9a0-38a69f090201,162,102,6ed169a9-9787-4fbe-a8c2-bb77ab0a51db,5f213a58-b179-42d7-9c05-e29474526e82,406a76ac-2a9d-4982-b6f8-1efb7296c6c0,2025-06-04 09:12:00,
3ce6b155-56ec-4fc9-a004-3bc1f3fd24c3,150,101,6ed169a9-9787-4fbe-a8c2-bb77ab0a51db,5f213a58-b179-42d7-9c05-e29474526e82,8e0d0bd7-32bc-44e0-8bb3-7f4f4b13cf78,2025-07-02 15:18:00,
2dae16c8-ed31-4752-a9fd-74ddda97b25b,141,85,6ed169a9-9787-4fbe-a8c2-bb77ab0a51db,5f213a58-b179-42d7-9c05-e29474526e82,406a76ac-2a9d-4982-b6f8-1efb7296c6c0,2025-07-27 10:31:00,
aeeda5fc-61db-4aaa-8ce6-0d17e5429cb6,153,74,6ed169a9-9787-4fbe-a8c2-bb77ab0a51db,5f213a58-b179-42d7-9c05-e29474526e82,406a76ac-2a9d-4982-b6f8-1efb7296c6c0,2026-02-07 11:06:00,
24ff16f3-7f2c-497b-ab5b-8a25139906c9,148,82,6ed169a9-9787-4fbe-a8c2-bb77ab0a51db,5f213a58-b179-42d7-9c05-e29474526e82,406a76ac-2a9d-4982-b6f8-1efb7296c6c0,2026-02-26 09:41:00,
dfee83f5-0b81-4209-a78f-4b6f93e8edff,131,87,6ed169a9-9787-4fbe-a8c2-bb77ab0a51db,5f213a58-b179-42d7-9c05-e29474526e82,b302ab11-03e4-4bae-be36-6ec2662f7fc9,2026-05-02 14:27:00,
d4693552-9248-488f-888f-8024511b6e6c,116,71,6ed169a9-9787-4fbe-a8c2-bb77ab0a51db,5f213a58-b179-42d7-9c05-e29474526e82,2db9a55b-d59a-4a30-a4c8-bf7ae0a1e014,2026-06-24 08:57:00,
04310d95-a3fd-44da-a49a-4099c220d3a4,121,68,6ed169a9-9787-4fbe-a8c2-bb77ab0a51db,5f213a58-b179-42d7-9c05-e29474526e82,2db9a55b-d59a-4a30-a4c8-bf7ae0a1e014,2026-07-20 14:26:00,
4e4f5da9-7b22-4234-a6d2-32df8fdc8d5a,115,68,6ed169a9-9787-4fbe-a8c2-bb77ab0a51db,5f213a58-b179-42d7-9c05-e29474526e82,8e0d0bd7-32bc-44e0-8bb3-7f4f4b13cf78,2026-09-10 12:05:00,
afc0eb96-1547-40d5-b746-bec8f0a8d387,171,102,4ef70b1d-9b57-4ef4-8c07-e497ac7b9ac3,5f213a58-b179-42d7-9c05-e29474526e82,406a76ac-2a9d-4982-b6f8-1efb7296c6c0,2024-11-11 10:12:00,
708ff93f-e9da-479d-9797-9ce0a1d62b6f,170,99,4ef70b1d-9b57-4ef4-8c07-e497ac7b9ac3,5f213a58-b179-42d7-9c05-e29474526e82,2db9a55b-d59a-4a30-a4c8-bf7ae0a1e014,2024-12-08 14:00:00,
cfccdeb4-3c93-4e01-8343-4520f1dabaa4,190,104,4ef70b1d-9b57-4ef4-8c07-e497ac7b9ac3,5f213a58-b179-42d7-9c05-e29474526e82,8e0d0bd7-32bc-44e0-8bb3-7f4f4b13cf78,2025-01-24 13:16:00,
b2d07c0c-995f-4239-950b-6adf2399ba19,124,91,400a8f51-bb04-44e9-bfa1-5b585443ec62,ffe42279-f3bd-4683-a6a8-52c1bb9651f3,353297dd-2e3c-46c0-a49c-7fd69ac2c389,2026-08-09 08:52:00,
da5fde07-a4de-4a53-916d-311b3ad5e912,120,91,400a8f51-bb04-44e9-bfa1-5b585443ec62,ffe42279-f3bd-4683-a6a8-52c1bb9651f3,4519b91f-242d-4e4d-ae0c-da1f0c701874,2026-09-06 10:00:00,
44887df8-4cb1-47ab-b43e-643ac42d55c5,119,83,908c41ec-4f2e-43cc-805b-2e04860a4a59,552564e7-84a4-4534-acfd-938092f72643,19f2d2b9-737d-4029-8250-945229084df8,2025-08-12 10:32:00,
be17e876-e942-4b39-bf23-6efa506cf714,111,86,908c41ec-4f2e-43cc-805b-2e04860a4a59,552564e7-84a4-4534-acfd-938092f72643,213c0975-3815-4ea4-ba67-23c54c2546da,2025-10-10 11:42:00,
a8089fd2-e53f-43cf-a77e-27d6a3d82f2b,105,82,908c41ec-4f2e-43cc-805b-2e04860a4a59,552564e7-84a4-4534-acfd-938092f72643,448fb26c-4d06-4d9f-a11d-a2745fb4d4c6,2026-01-04 08:37:00,
ffbb8d18-4778-472d-ac5a-e34c910bbb33,137,89,b8225637-e40f-4b86-874e-49f8382a70fa,5f213a58-b179-42d7-9c05-e29474526e82,b302ab11-03e4-4bae-be36-6ec2662f7fc9,2026-02-01 14:33:00,
bc3f42a9-c9dc-467f-9132-09c0e9f7d20f,128,94,b8225637-e40f-4b86-874e-49f8382a70fa,5f213a58-b179-42d7-9c05-e29474526e82,2db9a55b-d59a-4a30-a4c8-bf7ae0a1e014,2026-04-15 12:59:00,
95421cd0-844f-462c-b199-72ccf6b1c047,120,78,b8225637-e40f-4b86-874e-49f8382a70fa,5f213a58-b179-42d7-9c05-e29474526e82,8e0d0bd7-32bc-44e0-8bb3-7f4f4b13cf78,2026-05-12 14:06:00,
9dfd69a8-2a52-426f-b83d-af7d3a461f30,125,77,b8225637-e40f-4b86-874e-49f8382a70fa,5f213a58-b179-42d7-9c05-e29474526e82,2db9a55b-d59a-4a30-a4c8-bf7ae0a1e014,2026-06-11 09:46:00,
7f7efd89-b94e-42a7-adf0-b3d3d2b9e7d1,126,81,b8225637-e40f-4b86-874e-49f8382a70fa,5f213a58-b179-42d7-9c05-e29474526e82,b302ab11-03e4-4bae-be36-6ec2662f7fc9,2026-07-10 15:47:00,
ab7dd25e-03a8-42b8-8447-c58cc39759b6,121,80,b8225637-e40f-4b86-874e-49f8382a70fa,5f213a58-b179-42d7-9c05-e29474526e82,2db9a55b-d59a-4a30-a4c8-bf7ae0a1e014,2026-08-06 13:47:00,
24261e19-ac22-4f7f-b513-460fdbae4d92,120,69,b8225637-e40f-4b86-874e-49f8382a70fa,5f213a58-b179-42d7-9c05-e29474526e82,2db9a55b-d59a-4a30-a4c8-bf7ae0a1e014,2026-08-31 12:48:00,
901d0f04-f21c-4544-8531-9eac6d5588e8,142,90,2de4eae0-1b62-4b0a-aaa8-bca128159b03,da845e7d-fedd-47ac-b12d-fb734b6449eb,e18956f3-25d3-4ad3-9e29-e476c974b1e2,2024-10-27 10:10:00,
d23b1932-5fc7-41bc-8a34-966d8d1e273d,150,100,2de4eae0-1b62-4b0a-aaa8-bca128159b03,da845e7d-fedd-47ac-b12d-fb734b6449eb,e18956f3-25d3-4ad3-9e29-e476c974b1e2,2025-03-13 14:34:00,
cf22fb73-9419-4eed-89cc-a60d3ae3fead,148,91,2de4eae0-1b62-4b0a-aaa8-bca128159b03,da845e7d-fedd-47ac-b12d-fb734b6449eb,447e99c5-592b-43d3-805b-eb75f1251d2a,2025-04-11 13:04:00,
84a36e65-4c8f-4253-b533-dbf356965cd1,157,98,2de4eae0-1b62-4b0a-aaa8-bca128159b03,da845e7d-fedd-47ac-b12d-fb734b6449eb,e18956f3-25d3-4ad3-9e29-e476c974b1e2,2025-08-03 13:01:00,
7305c0cd-cb8e-4cbb-bcc0-84a5c2aa26cc,160,95,2de4eae0-1b62-4b0a-aaa8-bca128159b03,da845e7d-fedd-47ac-b12d-fb734b6449eb,447e99c5-592b-43d3-805b-eb75f1251d2a,2025-09-03 14:58:00,
43977eda-98f9-44fa-9046-9541389422cd,145,102,2de4eae0-1b62-4b0a-aaa8-bca128159b03,da845e7d-fedd-47ac-b12d-fb734b6449eb,e18956f3-25d3-4ad3-9e29-e476c974b1e2,2025-09-29 13:26:00,
4be9d30d-dab6-4559-8114-a5c561e38ecb,147,94,2de4eae0-1b62-4b0a-aaa8-bca128159b03,da845e7d-fedd-47ac-b12d-fb734b6449eb,e18956f3-25d3-4ad3-9e29-e476c974b1e2,2025-10-25 10:27:00,
11e4bbc5-7d98-40ca-9ca0-9afa1fad29d4,140,92,2de4eae0-1b62-4b0a-aaa8-bca128159b03,da845e7d-fedd-47ac-b12d-fb734b6449eb,447e99c5-592b-43d3-805b-eb75f1251d2a,2025-11-08 11:24:00,
09b53fb3-328d-47ee-95ce-de4cf048c016,143,89,2de4eae0-1b62-4b0a-aaa8-bca128159b03,da845e7d-fedd-47ac-b12d-fb734b6449eb,e18956f3-25d3-4ad3-9e29-e476c974b1e2,2025-12-05 14:06:00,
798850a9-1a0d-46d5-848c-27328eafcb4a,132,86,2de4eae0-1b62-4b0a-aaa8-bca128159b03,da845e7d-fedd-47ac-b12d-fb734b6449eb,447e99c5-592b-43d3-805b-eb75f1251d2a,2026-01-02 11:23:00,
bd81360c-2d72-4cd6-a690-f879113316c0,139,107,5187bd10-c004-46af-b5bd-d23cfc87a8f7,5f213a58-b179-42d7-9c05-e29474526e82,2db9a55b-d59a-4a30-a4c8-bf7ae0a1e014,2025-07-04 13:25:00,
9cab13a0-155b-4f8c-bf30-27580cd61ca6,121,108,5187bd10-c004-46af-b5bd-d23cfc87a8f7,5f213a58-b179-42d7-9c05-e29474526e82,8e0d0bd7-32bc-44e0-8bb3-7f4f4b13cf78,2025-07-31 12:19:00,
4cbeb22e-473a-45d5-925f-041d29e61fb8,131,103,5187bd10-c004-46af-b5bd-d23cfc87a8f7,5f213a58-b179-42d7-9c05-e29474526e82,406a76ac-2a9d-4982-b6f8-1efb7296c6c0,2025-08-28 13:56:00,
94c62123-ec50-43b8-be1c-4c6bc2558e82,121,99,5187bd10-c004-46af-b5bd-d23cfc87a8f7,5f213a58-b179-42d7-9c05-e29474526e82,406a76ac-2a9d-4982-b6f8-1efb7296c6c0,2025-09-23 15:44:00,
bfa7b6e3-1064-4d6a-bed6-84c6857cc248,141,102,5187bd10-c004-46af-b5bd-d23cfc87a8f7,5f213a58-b179-42d7-9c05-e29474526e82,406a76ac-2a9d-4982-b6f8-1efb7296c6c0,2025-11-19 11:13:00,
0be008e1-22ba-4a0d-843f-0a817e3a7e2f,135,96,5187bd10-c004-46af-b5bd-d23cfc87a8f7,5f213a58-b179-42d7-9c05-e29474526e82,406a76ac-2a9d-4982-b6f8-1efb7296c6c0,2025-12-20 14:50:00,
cf9ac59b-0adb-4084-ae40-7fc4abdf7ad8,124,90,5187bd10-c004-46af-b5bd-d23cfc87a8f7,5f213a58-b179-42d7-9c05-e29474526e82,2db9a55b-d59a-4a30-a4c8-bf7ae0a1e014,2026-01-19 08:15:00,
15fe9277-ba00-4417-918c-811700248b44,117,88,5187bd10-c004-46af-b5bd-d23cfc87a8f7,5f213a58-b179-42d7-9c05-e29474526e82,406a76ac-2a9d-4982-b6f8-1efb7296c6c0,2026-02-04 10:55:00,
3e63ef13-b615-4781-bcd3-b3d8e7158c0c,115,83,5187bd10-c004-46af-b5bd-d23cfc87a8f7,5f213a58-b179-42d7-9c05-e29474526e82,2db9a55b-d59a-4a30-a4c8-bf7ae0a1e014,2026-03-07 11:52:00,
300bc18c-578e-45ed-9ec3-ac16b9c7bdee,112,81,5187bd10-c004-46af-b5bd-d23cfc87a8f7,5f213a58-b179-42d7-9c05-e29474526e82,b302ab11-03e4-4bae-be36-6ec2662f7fc9,2026-05-02 13:50:00,
377257f2-9a57-4bee-8ff3-4b3e3f1763ff,110,74,5187bd10-c004-46af-b5bd-d23cfc87a8f7,5f213a58-b179-42d7-9c05-e29474526e82,8e0d0bd7-32bc-44e0-8bb3-7f4f4b13cf78,2026-06-26 13:39:00,
e1cea073-c24e-40d1-a5de-0d68fea53710,105,70,5187bd10-c004-46af-b5bd-d23cfc87a8f7,5f213a58-b179-42d7-9c05-e29474526e82,8e0d0bd7-32bc-44e0-8bb3-7f4f4b13cf78,2026-07-22 09:11:00,
6ef7d6f8-8431-4c8a-b2d2-11389c76105f,105,66,5187bd10-c004-46af-b5bd-d23cfc87a8f7,5f213a58-b179-42d7-9c05-e29474526e82,406a76ac-2a9d-4982-b6f8-1efb7296c6c0,2026-08-20 15:47:00,
a387281a-53fd-4c65-a235-d4d8f6d60b6d,105,68,5187bd10-c004-46af-b5bd-d23cfc87a8f7,5f213a58-b179-42d7-9c05-e29474526e82,8e0d0bd7-32bc-44e0-8bb3-7f4f4b13cf78,2026-09-16 11:11:00,
d00b62dd-42e2-40b4-b7c8-7992e7499c30,155,92,389a76bd-bf97-4432-b03c-d8a4cd733b74,5f213a58-b179-42d7-9c05-e29474526e82,406a76ac-2a9d-4982-b6f8-1efb7296c6c0,2025-11-17 10:22:00,
39c85733-bc3e-43f5-839e-36450460b666,155,89,389a76bd-bf97-4432-b03c-d8a4cd733b74,5f213a58-b179-42d7-9c05-e29474526e82,b302ab11-03e4-4bae-be36-6ec2662f7fc9,2025-12-15 14:11:00,
7ff66759-adf5-4cb2-959b-ed9c9374b144,163,80,389a76bd-bf97-4432-b03c-d8a4cd733b74,5f213a58-b179-42d7-9c05-e29474526e82,8e0d0bd7-32bc-44e0-8bb3-7f4f4b13cf78,2026-01-11 12:47:00,
c0f2355f-433c-4bb2-ab66-85e93c27d420,167,82,389a76bd-bf97-4432-b03c-d8a4cd733b74,5f213a58-b179-42d7-9c05-e29474526e82,406a76ac-2a9d-4982-b6f8-1efb7296c6c0,2026-02-09 09:50:00,
078daacf-ae66-43da-a18f-e16d37e00004,153,84,389a76bd-bf97-4432-b03c-d8a4cd733b74,5f213a58-b179-42d7-9c05-e29474526e82,b302ab11-03e4-4bae-be36-6ec2662f7fc9,2026-03-17 09:07:00,
a88e08f8-46f7-4a7e-9f00-99ababb74562,144,81,389a76bd-bf97-4432-b03c-d8a4cd733b74,5f213a58-b179-42d7-9c05-e29474526e82,406a76ac-2a9d-4982-b6f8-1efb7296c6c0,2026-05-23 11:47:00,
b061d81c-f274-41b2-98cc-4a1465ddd98f,129,83,389a76bd-bf97-4432-b03c-d8a4cd733b74,5f213a58-b179-42d7-9c05-e29474526e82,406a76ac-2a9d-4982-b6f8-1efb7296c6c0,2026-06-07 14:26:00,
66f12f3d-dc75-44a8-a230-079d71840ad8,132,81,389a76bd-bf97-4432-b03c-d8a4cd733b74,5f213a58-b179-42d7-9c05-e29474526e82,8e0d0bd7-32bc-44e0-8bb3-7f4f4b13cf78,2026-09-03 15:12:00,
ac97aed3-d75d-44b4-a3a5-54ac3793231a,135,92,0f257fa1-1df6-4807-8a73-612f6b251ce9,5f213a58-b179-42d7-9c05-e29474526e82,406a76ac-2a9d-4982-b6f8-1efb7296c6c0,2024-12-27 12:14:00,
9007ef20-7dd7-431c-af48-54569ca4a694,132,97,0f257fa1-1df6-4807-8a73-612f6b251ce9,5f213a58-b179-42d7-9c05-e29474526e82,2db9a55b-d59a-4a30-a4c8-bf7ae0a1e014,2025-01-26 11:34:00,
88bdb118-c4c2-43a3-8909-0af1bbecb301,134,93,0f257fa1-1df6-4807-8a73-612f6b251ce9,5f213a58-b179-42d7-9c05-e29474526e82,8e0d0bd7-32bc-44e0-8bb3-7f4f4b13cf78,2025-02-07 08:20:00,
5c5ff00d-0f98-4305-8369-7f82c7abd828,120,97,0f257fa1-1df6-4807-8a73-612f6b251ce9,5f213a58-b179-42d7-9c05-e29474526e82,406a76ac-2a9d-4982-b6f8-1efb7296c6c0,2025-03-06 11:47:00,
3e00201f-78df-468b-9365-5206755fa001,179,78,93698b2e-2807-4a04-adf2-02e2423bff67,5f213a58-b179-42d7-9c05-e29474526e82,8e0d0bd7-32bc-44e0-8bb3-7f4f4b13cf78,2024-09-30 09:07:00,
51d70b38-8aa7-418a-8947-3cf7a23f3325,177,77,93698b2e-2807-4a04-adf2-02e2423bff67,5f213a58-b179-42d7-9c05-e29474526e82,b302ab11-03e4-4bae-be36-6ec2662f7fc9,2024-10-29 13:07:00,
e45b0a42-cd07-425d-94fc-3ed13e2f4728,180,76,93698b2e-2807-4a04-adf2-02e2423bff67,5f213a58-b179-42d7-9c05-e29474526e82,b302ab11-03e4-4bae-be36-6ec2662f7fc9,2024-11-28 09:33:00,
cd1f24ba-9490-4960-aa09-0a607a38a039,175,74,93698b2e-2807-4a04-adf2-02e2423bff67,5f213a58-b179-42d7-9c05-e29474526e82,2db9a55b-d59a-4a30-a4c8-bf7ae0a1e014,2024-12-23 08:20:00,
078945c2-0489-4082-8837-fe2960bd8421,168,70,93698b2e-2807-4a04-adf2-02e2423bff67,5f213a58-b179-42d7-9c05-e29474526e82,406a76ac-2a9d-4982-b6f8-1efb7296c6c0,2025-01-18 13:00:00,
0a9ba781-fae1-46c0-b343-0df012c28504,125,106,cd678fbd-e6cd-4019-a6f1-abe9ba5e2d1a,da845e7d-fedd-47ac-b12d-fb734b6449eb,5e76f2ad-b087-4dc4-9d25-73e3e0503036,2026-05-12 09:00:00,
b341f440-6f77-4e42-ab20-7e81d005a355,134,100,cd678fbd-e6cd-4019-a6f1-abe9ba5e2d1a,da845e7d-fedd-47ac-b12d-fb734b6449eb,5e76f2ad-b087-4dc4-9d25-73e3e0503036,2026-05-25 15:05:00,
a6efea3a-b6ee-4df7-8b6e-e22bfc58a092,125,87,cd678fbd-e6cd-4019-a6f1-abe9ba5e2d1a,da845e7d-fedd-47ac-b12d-fb734b6449eb,5e76f2ad-b087-4dc4-9d25-73e3e0503036,2026-06-10 12:32:00,
3f26bdaa-fd63-4318-90de-9b33c56ceccd,127,88,cd678fbd-e6cd-4019-a6f1-abe9ba5e2d1a,da845e7d-fedd-47ac-b12d-fb734b6449eb,5e76f2ad-b087-4dc4-9d25-73e3e0503036,2026-07-10 12:54:00,
062ab798-32b3-4d8f-a3b6-679fe8ce3dc6,119,81,cd678fbd-e6cd-4019-a6f1-abe9ba5e2d1a,da845e7d-fedd-47ac-b12d-fb734b6449eb,e18956f3-25d3-4ad3-9e29-e476c974b1e2,2026-09-03 10:42:00,
5c0a798f-530a-4d50-90fa-b034012c9280,149,109,4758f904-0592-419e-9bbf-4fe8494d3740,da845e7d-fedd-47ac-b12d-fb734b6449eb,447e99c5-592b-43d3-805b-eb75f1251d2a,2026-04-17 14:19:00,
2c0e21e7-8ada-4d34-9452-fddb8bad39d1,142,110,4758f904-0592-419e-9bbf-4fe8494d3740,da845e7d-fedd-47ac-b12d-fb734b6449eb,5e76f2ad-b087-4dc4-9d25-73e3e0503036,2026-05-14 12:46:00,
f23600d4-5ebc-4b79-ae28-20cde531f581,144,108,4758f904-0592-419e-9bbf-4fe8494d3740,da845e7d-fedd-47ac-b12d-fb734b6449eb,447e99c5-592b-43d3-805b-eb75f1251d2a,2026-06-09 10:05:00,
a497016b-0400-4f94-8080-02151de5469d,154,98,332a1cc3-4d85-4187-9ff8-5f1eade860a3,552564e7-84a4-4534-acfd-938092f72643,0035c5bf-742a-4ff6-9e23-941764d58bb9,2024-11-28 15:01:00,
c612870a-189d-4dc0-83e0-abb03098187f,156,99,332a1cc3-4d85-4187-9ff8-5f1eade860a3,552564e7-84a4-4534-acfd-938092f72643,448fb26c-4d06-4d9f-a11d-a2745fb4d4c6,2024-12-28 14:16:00,
9a42566e-970a-43cc-9a17-8ba2a4f2f4eb,165,97,332a1cc3-4d85-4187-9ff8-5f1eade860a3,552564e7-84a4-4534-acfd-938092f72643,448fb26c-4d06-4d9f-a11d-a2745fb4d4c6,2025-01-28 09:59:00,
e91f656b-b77b-4062-9358-43d7ae6635e4,167,99,7af21e3c-9f72-4836-a5ff-2ed2ab4adc91,5f213a58-b179-42d7-9c05-e29474526e82,2db9a55b-d59a-4a30-a4c8-bf7ae0a1e014,2025-02-14 09:22:00,
241f6d0c-a401-4366-bf7c-11759e0e92ed,160,103,7af21e3c-9f72-4836-a5ff-2ed2ab4adc91,5f213a58-b179-42d7-9c05-e29474526e82,b302ab11-03e4-4bae-be36-6ec2662f7fc9,2025-03-17 14:09:00,
0aafd413-176c-4ec6-803a-4ffedb42a8fd,151,108,7af21e3c-9f72-4836-a5ff-2ed2ab4adc91,5f213a58-b179-42d7-9c05-e29474526e82,406a76ac-2a9d-4982-b6f8-1efb7296c6c0,2025-04-13 10:11:00,
8ca9c043-2660-4e19-8b9d-786fbe150b76,149,106,7af21e3c-9f72-4836-a5ff-2ed2ab4adc91,5f213a58-b179-42d7-9c05-e29474526e82,b302ab11-03e4-4bae-be36-6ec2662f7fc9,2025-05-13 14:55:00,
d081cdb4-f6de-4947-8d78-e8096dea0c1c,155,106,7af21e3c-9f72-4836-a5ff-2ed2ab4adc91,5f213a58-b179-42d7-9c05-e29474526e82,2db9a55b-d59a-4a30-a4c8-bf7ae0a1e014,2025-07-14 08:44:00,
1b58e6c2-ee38-4ac8-b684-9d5c73981731,141,93,7af21e3c-9f72-4836-a5ff-2ed2ab4adc91,5f213a58-b179-42d7-9c05-e29474526e82,2db9a55b-d59a-4a30-a4c8-bf7ae0a1e014,2025-08-12 10:27:00,
fd0e8c21-0e86-482b-96d0-750195093c03,129,92,7af21e3c-9f72-4836-a5ff-2ed2ab4adc91,5f213a58-b179-42d7-9c05-e29474526e82,406a76ac-2a9d-4982-b6f8-1efb7296c6c0,2025-08-28 14:44:00,
c401d204-cee0-443e-aaec-e6206e3d12ec,133,83,7af21e3c-9f72-4836-a5ff-2ed2ab4adc91,5f213a58-b179-42d7-9c05-e29474526e82,406a76ac-2a9d-4982-b6f8-1efb7296c6c0,2025-09-14 14:34:00,
ef2acbe5-1210-4c26-a929-454a123e8301,153,99,c91ecc9c-f176-4f5c-90f9-561c5bc76492,906096d6-f0f6-4da5-9c19-dc403afb4bb8,b0715258-4719-4ce5-8a85-03ccda2c376c,2025-04-10 12:45:00,
b3d76347-e918-4153-9b98-f53f6db45500,147,86,c91ecc9c-f176-4f5c-90f9-561c5bc76492,906096d6-f0f6-4da5-9c19-dc403afb4bb8,b0715258-4719-4ce5-8a85-03ccda2c376c,2025-05-12 15:29:00,
44d13616-e759-4349-9201-0f2b7ee6e2c3,140,87,c91ecc9c-f176-4f5c-90f9-561c5bc76492,906096d6-f0f6-4da5-9c19-dc403afb4bb8,b0715258-4719-4ce5-8a85-03ccda2c376c,2025-06-08 10:35:00,
42e365d0-8aa4-4afc-8dbe-9a122bc937f5,136,88,c91ecc9c-f176-4f5c-90f9-561c5bc76492,906096d6-f0f6-4da5-9c19-dc403afb4bb8,9bae34d8-d312-48ce-9bbf-17fa6222b3f6,2025-06-22 08:44:00,
d410e77a-87d2-4654-9fd0-573647a5bd89,131,77,c91ecc9c-f176-4f5c-90f9-561c5bc76492,906096d6-f0f6-4da5-9c19-dc403afb4bb8,8cc3bb69-3add-47d5-9cd2-8cff31252948,2025-09-11 13:10:00,
1528c0fc-0c21-473e-90df-8554c32f9dc5,116,70,c91ecc9c-f176-4f5c-90f9-561c5bc76492,906096d6-f0f6-4da5-9c19-dc403afb4bb8,9bae34d8-d312-48ce-9bbf-17fa6222b3f6,2025-12-04 11:19:00,
832f1e5c-d380-4dfc-9c2d-498b87f75809,119,77,c91ecc9c-f176-4f5c-90f9-561c5bc76492,906096d6-f0f6-4da5-9c19-dc403afb4bb8,8cc3bb69-3add-47d5-9cd2-8cff31252948,2026-01-31 12:47:00,
f74de5bc-4987-44bb-9fe1-fd328c005039,117,82,c91ecc9c-f176-4f5c-90f9-561c5bc76492,906096d6-f0f6-4da5-9c19-dc403afb4bb8,9bae34d8-d312-48ce-9bbf-17fa6222b3f6,2026-02-27 10:28:00,
76cde58f-54c4-4476-962d-14ba243d3a62,122,69,c91ecc9c-f176-4f5c-90f9-561c5bc76492,906096d6-f0f6-4da5-9c19-dc403afb4bb8,9bae34d8-d312-48ce-9bbf-17fa6222b3f6,2026-05-25 15:59:00,
7490bad4-ac42-464e-94ef-f954c7d3251c,119,76,c91ecc9c-f176-4f5c-90f9-561c5bc76492,906096d6-f0f6-4da5-9c19-dc403afb4bb8,8cc3bb69-3add-47d5-9cd2-8cff31252948,2026-06-23 10:30:00,
ef86ba1f-2244-4135-ae66-40c7a64fc97b,118,74,c91ecc9c-f176-4f5c-90f9-561c5bc76492,906096d6-f0f6-4da5-9c19-dc403afb4bb8,8cc3bb69-3add-47d5-9cd2-8cff31252948,2026-08-17 12:33:00,
37956456-19fa-45ca-826a-86baac1629fa,169,109,52fb208f-9236-4abc-a5af-86e1791db2ca,552564e7-84a4-4534-acfd-938092f72643,0035c5bf-742a-4ff6-9e23-941764d58bb9,2024-12-11 09:11:00,
e3068847-b55e-44b5-abcf-6885e7d81cc6,163,98,8ce72098-cf82-4b5c-b4bb-593ec7d595b0,552564e7-84a4-4534-acfd-938092f72643,19f2d2b9-737d-4029-8250-945229084df8,2025-07-27 15:43:00,
36474647-f104-4463-bf65-eaf4f6ef37cf,158,97,8ce72098-cf82-4b5c-b4bb-593ec7d595b0,552564e7-84a4-4534-acfd-938092f72643,c762646d-3ec2-420a-956d-f1b73ea05187,2025-08-12 15:43:00,
7af33277-56e0-44b8-b58a-8bf4509aa106,158,105,8ce72098-cf82-4b5c-b4bb-593ec7d595b0,552564e7-84a4-4534-acfd-938092f72643,19f2d2b9-737d-4029-8250-945229084df8,2025-09-09 11:48:00,
176701a5-72db-46c5-af0c-36b03ee01578,154,106,8ce72098-cf82-4b5c-b4bb-593ec7d595b0,552564e7-84a4-4534-acfd-938092f72643,19f2d2b9-737d-4029-8250-945229084df8,2025-10-04 14:28:00,
43093b20-a024-4c5a-9d17-dbada084521f,147,107,8ce72098-cf82-4b5c-b4bb-593ec7d595b0,552564e7-84a4-4534-acfd-938092f72643,c762646d-3ec2-420a-956d-f1b73ea05187,2025-10-31 12:10:00,
df23d983-3453-4ca8-9aab-b57281d66a9f,135,99,8ce72098-cf82-4b5c-b4bb-593ec7d595b0,552564e7-84a4-4534-acfd-938092f72643,0035c5bf-742a-4ff6-9e23-941764d58bb9,2025-11-26 10:59:00,
7e269827-a29d-45a0-92a9-78783dc9c28b,142,103,8ce72098-cf82-4b5c-b4bb-593ec7d595b0,552564e7-84a4-4534-acfd-938092f72643,f3161305-31e6-47c0-8597-e00f4ddec847,2025-12-21 15:57:00,
86769522-3d45-4152-a99b-e90a39f92e42,135,102,8ce72098-cf82-4b5c-b4bb-593ec7d595b0,552564e7-84a4-4534-acfd-938092f72643,c762646d-3ec2-420a-956d-f1b73ea05187,2026-01-17 15:46:00,
f8c501cc-9af7-4e4c-8ddb-a84216067df9,118,110,8ce72098-cf82-4b5c-b4bb-593ec7d595b0,552564e7-84a4-4534-acfd-938092f72643,c762646d-3ec2-420a-956d-f1b73ea05187,2026-04-14 10:22:00,
c2ae7213-d9a6-4e37-ae9d-ce4aaa99a6aa,116,112,8ce72098-cf82-4b5c-b4bb-593ec7d595b0,552564e7-84a4-4534-acfd-938092f72643,0035c5bf-742a-4ff6-9e23-941764d58bb9,2026-05-10 09:18:00,
aa1b965f-a80a-4977-bf5b-2c63cfd5ef6b,105,113,8ce72098-cf82-4b5c-b4bb-593ec7d595b0,552564e7-84a4-4534-acfd-938092f72643,f3161305-31e6-47c0-8597-e00f4ddec847,2026-06-08 11:44:00,
f40c6da5-a639-42a2-b23b-35d2d680d05f,112,102,8ce72098-cf82-4b5c-b4bb-593ec7d595b0,552564e7-84a4-4534-acfd-938092f72643,19f2d2b9-737d-4029-8250-945229084df8,2026-07-18 15:02:00,
b970f98d-7f0f-4a41-abbe-19a79d83094a,105,100,8ce72098-cf82-4b5c-b4bb-593ec7d595b0,552564e7-84a4-4534-acfd-938092f72643,213c0975-3815-4ea4-ba67-23c54c2546da,2026-09-01 14:11:00,
d96bd633-d185-41c8-8aed-bdf9bb38c5ec,119,99,402f1ace-72bc-4d75-8f25-45a5b200b9e5,da845e7d-fedd-47ac-b12d-fb734b6449eb,5e76f2ad-b087-4dc4-9d25-73e3e0503036,2026-03-03 14:50:00,
ae80554d-20b1-4fff-8a09-cc02576c38d7,115,96,402f1ace-72bc-4d75-8f25-45a5b200b9e5,da845e7d-fedd-47ac-b12d-fb734b6449eb,5e76f2ad-b087-4dc4-9d25-73e3e0503036,2026-05-28 12:08:00,
fd8f01aa-ecef-43ab-addf-7e11a88be407,120,106,402f1ace-72bc-4d75-8f25-45a5b200b9e5,da845e7d-fedd-47ac-b12d-fb734b6449eb,e18956f3-25d3-4ad3-9e29-e476c974b1e2,2026-08-26 14:56:00,
5123e949-c2bc-4f7d-bbc0-e61826e8067e,155,82,1498780b-ebd0-472f-a20f-17e28419eeef,da845e7d-fedd-47ac-b12d-fb734b6449eb,e18956f3-25d3-4ad3-9e29-e476c974b1e2,2026-08-01 14:54:00,
0859160c-ba51-4bca-950e-392e19a2a71e,157,81,1498780b-ebd0-472f-a20f-17e28419eeef,da845e7d-fedd-47ac-b12d-fb734b6449eb,e18956f3-25d3-4ad3-9e29-e476c974b1e2,2026-08-12 14:19:00,
f5908c9a-39fb-4663-8645-6257f20fc9b4,152,77,1498780b-ebd0-472f-a20f-17e28419eeef,da845e7d-fedd-47ac-b12d-fb734b6449eb,447e99c5-592b-43d3-805b-eb75f1251d2a,2026-09-10 12:41:00,
f52b5b7e-b53c-4698-9322-ab7f5d0e3109,132,65,a6594ef3-b2de-43a1-880d-736c0f8e74a6,906096d6-f0f6-4da5-9c19-dc403afb4bb8,8cc3bb69-3add-47d5-9cd2-8cff31252948,2024-10-23 11:28:00,
dfb6f68c-1e45-49f5-aea0-bbf8334324aa,125,65,a6594ef3-b2de-43a1-880d-736c0f8e74a6,906096d6-f0f6-4da5-9c19-dc403afb4bb8,b0715258-4719-4ce5-8a85-03ccda2c376c,2024-11-22 09:55:00,
a5f1a70c-e172-4460-a2e8-5dfc8c831c70,133,73,a6594ef3-b2de-43a1-880d-736c0f8e74a6,906096d6-f0f6-4da5-9c19-dc403afb4bb8,b0715258-4719-4ce5-8a85-03ccda2c376c,2024-12-17 14:34:00,
81ec3aa0-6566-4dfc-9baa-4556b5bdcd90,132,73,a6594ef3-b2de-43a1-880d-736c0f8e74a6,906096d6-f0f6-4da5-9c19-dc403afb4bb8,9bae34d8-d312-48ce-9bbf-17fa6222b3f6,2025-03-08 14:55:00,
d1cc237a-f911-42f0-9116-ee7b9841347a,117,67,a6594ef3-b2de-43a1-880d-736c0f8e74a6,906096d6-f0f6-4da5-9c19-dc403afb4bb8,b0715258-4719-4ce5-8a85-03ccda2c376c,2025-04-15 09:07:00,
5773dd90-83d9-4afb-b3ed-6c488b3ddcc9,119,76,a6594ef3-b2de-43a1-880d-736c0f8e74a6,906096d6-f0f6-4da5-9c19-dc403afb4bb8,b0715258-4719-4ce5-8a85-03ccda2c376c,2025-10-30 15:32:00,
cd1cd5f6-d803-49f1-9c06-5d5f46b8cbde,117,69,a6594ef3-b2de-43a1-880d-736c0f8e74a6,906096d6-f0f6-4da5-9c19-dc403afb4bb8,9bae34d8-d312-48ce-9bbf-17fa6222b3f6,2026-01-25 15:12:00,
bcaca534-20c2-496f-bf52-e874aa322271,124,65,a6594ef3-b2de-43a1-880d-736c0f8e74a6,906096d6-f0f6-4da5-9c19-dc403afb4bb8,b0715258-4719-4ce5-8a85-03ccda2c376c,2026-03-21 12:05:00,
b7596967-d038-4785-aaca-bd576fe233f3,123,70,a6594ef3-b2de-43a1-880d-736c0f8e74a6,906096d6-f0f6-4da5-9c19-dc403afb4bb8,9bae34d8-d312-48ce-9bbf-17fa6222b3f6,2026-04-24 10:26:00,
f3796cdd-30f0-4b5c-af64-ecaf71a7a339,112,70,a6594ef3-b2de-43a1-880d-736c0f8e74a6,906096d6-f0f6-4da5-9c19-dc403afb4bb8,b0715258-4719-4ce5-8a85-03ccda2c376c,2026-06-19 10:09:00,
6d94b186-9168-4df7-8383-5d38bca07835,105,66,a6594ef3-b2de-43a1-880d-736c0f8e74a6,906096d6-f0f6-4da5-9c19-dc403afb4bb8,9bae34d8-d312-48ce-9bbf-17fa6222b3f6,2026-08-13 14:07:00,
6bd15e96-482b-49df-a5c8-b4f6ce82f380,105,65,a6594ef3-b2de-43a1-880d-736c0f8e74a6,906096d6-f0f6-4da5-9c19-dc403afb4bb8,b0715258-4719-4ce5-8a85-03ccda2c376c,2026-09-12 14:57:00,
d28d1a6c-5494-4cbf-989b-5c896b9fcfd1,159,102,a8621829-391c-4ecc-aa5a-36dc877cb654,ffe42279-f3bd-4683-a6a8-52c1bb9651f3,4519b91f-242d-4e4d-ae0c-da1f0c701874,2026-03-23 15:48:00,
67539713-fca5-4338-8976-061b1b3c7187,159,101,a8621829-391c-4ecc-aa5a-36dc877cb654,ffe42279-f3bd-4683-a6a8-52c1bb9651f3,353297dd-2e3c-46c0-a49c-7fd69ac2c389,2026-04-22 13:34:00,
4a2ea086-12a7-47d7-9aec-eb1e36f778e6,154,99,a8621829-391c-4ecc-aa5a-36dc877cb654,ffe42279-f3bd-4683-a6a8-52c1bb9651f3,246dee45-3351-44d3-8a3a-ca414c46c168,2026-05-21 08:09:00,
f1f25693-9562-472e-9f48-7909dce7e0cd,161,80,573b4735-c6a0-45d9-adbd-aa2e7af0cf84,552564e7-84a4-4534-acfd-938092f72643,213c0975-3815-4ea4-ba67-23c54c2546da,2025-01-10 13:28:00,
9ff56044-dec2-4fd7-9699-01cb01353475,150,78,573b4735-c6a0-45d9-adbd-aa2e7af0cf84,552564e7-84a4-4534-acfd-938092f72643,f3161305-31e6-47c0-8597-e00f4ddec847,2025-02-04 11:34:00,
f1b2d156-5df2-4738-89e2-9c6fc4f7ebc6,142,82,573b4735-c6a0-45d9-adbd-aa2e7af0cf84,552564e7-84a4-4534-acfd-938092f72643,f3161305-31e6-47c0-8597-e00f4ddec847,2025-02-13 13:44:00,
a396d922-0dde-4c44-99d2-9a716868c5d9,133,82,573b4735-c6a0-45d9-adbd-aa2e7af0cf84,552564e7-84a4-4534-acfd-938092f72643,448fb26c-4d06-4d9f-a11d-a2745fb4d4c6,2025-02-28 13:11:00,
9c9e50f0-4eb1-4e70-b7a6-77c0802d1c8a,123,88,573b4735-c6a0-45d9-adbd-aa2e7af0cf84,552564e7-84a4-4534-acfd-938092f72643,213c0975-3815-4ea4-ba67-23c54c2546da,2025-03-26 13:01:00,
d675e0f4-d947-4487-ab7c-49e3bee6fd7b,115,89,573b4735-c6a0-45d9-adbd-aa2e7af0cf84,552564e7-84a4-4534-acfd-938092f72643,c762646d-3ec2-420a-956d-f1b73ea05187,2025-05-22 14:11:00,
b527f951-449a-4494-8bc5-6d6fd49fa9a0,117,91,573b4735-c6a0-45d9-adbd-aa2e7af0cf84,552564e7-84a4-4534-acfd-938092f72643,213c0975-3815-4ea4-ba67-23c54c2546da,2025-06-21 12:33:00,
1303e734-346d-4f50-b369-287ed267b003,122,80,573b4735-c6a0-45d9-adbd-aa2e7af0cf84,552564e7-84a4-4534-acfd-938092f72643,19f2d2b9-737d-4029-8250-945229084df8,2025-07-05 08:42:00,
aefac5ab-bd28-4277-9c24-98b3d2b3159e,109,77,573b4735-c6a0-45d9-adbd-aa2e7af0cf84,552564e7-84a4-4534-acfd-938092f72643,c762646d-3ec2-420a-956d-f1b73ea05187,2025-09-01 12:04:00,
4f119489-6f34-4183-a853-51730e1702b2,113,87,573b4735-c6a0-45d9-adbd-aa2e7af0cf84,552564e7-84a4-4534-acfd-938092f72643,c762646d-3ec2-420a-956d-f1b73ea05187,2025-11-25 12:38:00,
254eb965-3b91-4f31-b185-f5b59d65512d,114,88,573b4735-c6a0-45d9-adbd-aa2e7af0cf84,552564e7-84a4-4534-acfd-938092f72643,448fb26c-4d06-4d9f-a11d-a2745fb4d4c6,2026-01-23 13:22:00,
11a8704c-3a8f-4189-b7f8-6c742390c5c6,124,90,573b4735-c6a0-45d9-adbd-aa2e7af0cf84,552564e7-84a4-4534-acfd-938092f72643,c762646d-3ec2-420a-956d-f1b73ea05187,2026-02-23 13:02:00,
76568994-9951-4cbf-a870-40b7ad6d51ef,132,89,573b4735-c6a0-45d9-adbd-aa2e7af0cf84,552564e7-84a4-4534-acfd-938092f72643,213c0975-3815-4ea4-ba67-23c54c2546da,2026-04-19 14:14:00,
265ec8c0-cd75-4a28-8a6f-0cf86c6c6257,152,88,78840e34-8bc7-4855-a250-54dbfc04c791,906096d6-f0f6-4da5-9c19-dc403afb4bb8,9bae34d8-d312-48ce-9bbf-17fa6222b3f6,2025-06-01 15:48:00,
ec2972f1-cf42-4d19-916a-82ff503ecfde,141,80,78840e34-8bc7-4855-a250-54dbfc04c791,906096d6-f0f6-4da5-9c19-dc403afb4bb8,b0715258-4719-4ce5-8a85-03ccda2c376c,2025-06-28 11:03:00,
a1c9eaed-22ed-498c-bd5b-9d4b544554c5,140,91,78840e34-8bc7-4855-a250-54dbfc04c791,906096d6-f0f6-4da5-9c19-dc403afb4bb8,8cc3bb69-3add-47d5-9cd2-8cff31252948,2025-08-25 12:30:00,
de0c3047-72d0-43a3-bda3-1b2fd83e2b41,134,81,78840e34-8bc7-4855-a250-54dbfc04c791,906096d6-f0f6-4da5-9c19-dc403afb4bb8,8cc3bb69-3add-47d5-9cd2-8cff31252948,2025-09-20 09:02:00,
4e63f08c-34df-4965-90ad-492398d4aedd,135,89,78840e34-8bc7-4855-a250-54dbfc04c791,906096d6-f0f6-4da5-9c19-dc403afb4bb8,b0715258-4719-4ce5-8a85-03ccda2c376c,2025-11-17 13:28:00,
1603e424-7bf2-4c2a-96e3-34f4d43e544e,145,83,78840e34-8bc7-4855-a250-54dbfc04c791,906096d6-f0f6-4da5-9c19-dc403afb4bb8,9bae34d8-d312-48ce-9bbf-17fa6222b3f6,2025-12-13 09:28:00,
fb080cbb-1841-41af-a9df-ed721356a78c,162,86,78840e34-8bc7-4855-a250-54dbfc04c791,906096d6-f0f6-4da5-9c19-dc403afb4bb8,8cc3bb69-3add-47d5-9cd2-8cff31252948,2026-01-13 15:07:00,
d26f2f5c-1de4-43d1-8d7c-293513bce1cd,174,84,78840e34-8bc7-4855-a250-54dbfc04c791,906096d6-f0f6-4da5-9c19-dc403afb4bb8,b0715258-4719-4ce5-8a85-03ccda2c376c,2026-07-14 11:40:00,
d072705c-6194-46e8-8543-0d63b2112d71,154,84,78840e34-8bc7-4855-a250-54dbfc04c791,906096d6-f0f6-4da5-9c19-dc403afb4bb8,b0715258-4719-4ce5-8a85-03ccda2c376c,2026-08-14 08:29:00,
fda5b39a-4fb5-46e2-966e-1b09d4100063,160,80,e5985ab6-c2fc-4c54-b53e-8555d7b8b868,ffe42279-f3bd-4683-a6a8-52c1bb9651f3,4519b91f-242d-4e4d-ae0c-da1f0c701874,2024-10-25 09:53:00,
89c9eaff-3de2-4136-979d-622d41819739,145,81,e5985ab6-c2fc-4c54-b53e-8555d7b8b868,ffe42279-f3bd-4683-a6a8-52c1bb9651f3,4519b91f-242d-4e4d-ae0c-da1f0c701874,2024-11-05 14:48:00,
5621d52c-2e0a-45da-bce2-c13031c600ae,122,86,e5985ab6-c2fc-4c54-b53e-8555d7b8b868,ffe42279-f3bd-4683-a6a8-52c1bb9651f3,246dee45-3351-44d3-8a3a-ca414c46c168,2024-12-06 09:09:00,
05c3eb64-6809-4a5b-940f-3786e8c9936f,126,83,e5985ab6-c2fc-4c54-b53e-8555d7b8b868,ffe42279-f3bd-4683-a6a8-52c1bb9651f3,246dee45-3351-44d3-8a3a-ca414c46c168,2025-01-28 09:33:00,
838426e5-1637-4162-a143-378f642d0cb7,119,80,e5985ab6-c2fc-4c54-b53e-8555d7b8b868,ffe42279-f3bd-4683-a6a8-52c1bb9651f3,4519b91f-242d-4e4d-ae0c-da1f0c701874,2025-02-26 15:10:00,
7da034ab-e7d2-471b-8eab-af6fe77db608,107,72,e5985ab6-c2fc-4c54-b53e-8555d7b8b868,ffe42279-f3bd-4683-a6a8-52c1bb9651f3,246dee45-3351-44d3-8a3a-ca414c46c168,2025-04-25 15:41:00,
66cd5ac2-3b66-4f5e-9905-ac15721a775b,116,67,e5985ab6-c2fc-4c54-b53e-8555d7b8b868,ffe42279-f3bd-4683-a6a8-52c1bb9651f3,cd18ec08-f6a4-4724-926f-acd2aeb0daf2,2025-05-21 09:31:00,
e05dd5f4-c322-4463-8f4f-51ab01a78566,111,71,e5985ab6-c2fc-4c54-b53e-8555d7b8b868,ffe42279-f3bd-4683-a6a8-52c1bb9651f3,246dee45-3351-44d3-8a3a-ca414c46c168,2025-07-20 10:59:00,
a221d650-a430-4182-a99a-03cf9818fd64,113,65,e5985ab6-c2fc-4c54-b53e-8555d7b8b868,ffe42279-f3bd-4683-a6a8-52c1bb9651f3,4519b91f-242d-4e4d-ae0c-da1f0c701874,2025-10-13 10:23:00,
7c02ff80-e15f-44f0-96d4-a7a4d1f2455c,114,65,e5985ab6-c2fc-4c54-b53e-8555d7b8b868,ffe42279-f3bd-4683-a6a8-52c1bb9651f3,4519b91f-242d-4e4d-ae0c-da1f0c701874,2025-12-07 08:51:00,
050f7d79-8295-498b-8fdb-0e7072ed5d23,113,65,e5985ab6-c2fc-4c54-b53e-8555d7b8b868,ffe42279-f3bd-4683-a6a8-52c1bb9651f3,246dee45-3351-44d3-8a3a-ca414c46c168,2026-03-01 08:31:00,
0d788876-1810-4b7d-8d4f-f666ee9c9b56,128,66,e5985ab6-c2fc-4c54-b53e-8555d7b8b868,ffe42279-f3bd-4683-a6a8-52c1bb9651f3,353297dd-2e3c-46c0-a49c-7fd69ac2c389,2026-04-25 15:04:00,
2c6c6632-1e24-47b8-abed-150059c11d09,109,72,e5985ab6-c2fc-4c54-b53e-8555d7b8b868,ffe42279-f3bd-4683-a6a8-52c1bb9651f3,353297dd-2e3c-46c0-a49c-7fd69ac2c389,2026-05-23 09:13:00,
f737c732-a55e-4d60-845a-9060d8180cb0,105,71,e5985ab6-c2fc-4c54-b53e-8555d7b8b868,ffe42279-f3bd-4683-a6a8-52c1bb9651f3,353297dd-2e3c-46c0-a49c-7fd69ac2c389,2026-06-21 13:19:00,
c42e90d5-e7f2-410f-9c92-e7e5c3c9fdf1,114,65,e5985ab6-c2fc-4c54-b53e-8555d7b8b868,ffe42279-f3bd-4683-a6a8-52c1bb9651f3,246dee45-3351-44d3-8a3a-ca414c46c168,2026-09-13 15:42:00,
561384a0-27f3-4838-8dd9-1e44b2797a25,169,110,21217237-13aa-47ac-a886-38bf8678b2c4,552564e7-84a4-4534-acfd-938092f72643,448fb26c-4d06-4d9f-a11d-a2745fb4d4c6,2026-08-22 14:10:00,
433c0c89-1492-423e-b422-a43023a9f0e1,131,82,c38e4ca4-0868-4e0c-83d1-9396a5c9dd1a,da845e7d-fedd-47ac-b12d-fb734b6449eb,5e76f2ad-b087-4dc4-9d25-73e3e0503036,2026-05-28 11:06:00,
bfb9a466-bc97-4a1b-85c9-32f65eec8e6c,134,85,c38e4ca4-0868-4e0c-83d1-9396a5c9dd1a,da845e7d-fedd-47ac-b12d-fb734b6449eb,e18956f3-25d3-4ad3-9e29-e476c974b1e2,2026-07-25 11:09:00,
32a23c29-20e8-4adc-ad1b-3e15c14f9f9e,142,87,c38e4ca4-0868-4e0c-83d1-9396a5c9dd1a,da845e7d-fedd-47ac-b12d-fb734b6449eb,447e99c5-592b-43d3-805b-eb75f1251d2a,2026-08-30 13:26:00,
7481aac5-82cc-47b0-baee-234a363f32e3,137,92,c38e4ca4-0868-4e0c-83d1-9396a5c9dd1a,da845e7d-fedd-47ac-b12d-fb734b6449eb,447e99c5-592b-43d3-805b-eb75f1251d2a,2026-09-23 15:19:00,
a166137f-5fd8-4709-bdf1-5fe265f3aef5,148,83,31dac15c-8e3b-4176-bc52-77172f1f0a8a,552564e7-84a4-4534-acfd-938092f72643,c762646d-3ec2-420a-956d-f1b73ea05187,2025-09-03 10:05:00,
3a17f891-8ef6-4f93-a468-dc9cc8d6f481,154,81,31dac15c-8e3b-4176-bc52-77172f1f0a8a,552564e7-84a4-4534-acfd-938092f72643,213c0975-3815-4ea4-ba67-23c54c2546da,2025-09-18 12:08:00,
bc6f0843-4134-4116-9a8a-ec868e50fbce,145,84,31dac15c-8e3b-4176-bc52-77172f1f0a8a,552564e7-84a4-4534-acfd-938092f72643,f3161305-31e6-47c0-8597-e00f4ddec847,2025-10-18 12:18:00,
590f01ec-d8ec-4a70-878f-31aa393c754f,143,81,31dac15c-8e3b-4176-bc52-77172f1f0a8a,552564e7-84a4-4534-acfd-938092f72643,448fb26c-4d06-4d9f-a11d-a2745fb4d4c6,2025-11-11 12:26:00,
698b8442-8066-4bd3-8646-76244d9be5e6,152,83,31dac15c-8e3b-4176-bc52-77172f1f0a8a,552564e7-84a4-4534-acfd-938092f72643,448fb26c-4d06-4d9f-a11d-a2745fb4d4c6,2026-02-02 09:33:00,
7c9739e7-6237-4099-b192-6b602d667ffa,142,73,31dac15c-8e3b-4176-bc52-77172f1f0a8a,552564e7-84a4-4534-acfd-938092f72643,f3161305-31e6-47c0-8597-e00f4ddec847,2026-07-17 08:54:00,
d1089ee6-bebe-4e63-932e-2c0c52fc3470,149,104,7b4613dd-395a-457a-b30d-f87e1d5e7c62,906096d6-f0f6-4da5-9c19-dc403afb4bb8,b0715258-4719-4ce5-8a85-03ccda2c376c,2025-02-26 10:37:00,
a78651bb-2d45-4b91-ac4f-e52519e98f67,146,106,7b4613dd-395a-457a-b30d-f87e1d5e7c62,906096d6-f0f6-4da5-9c19-dc403afb4bb8,b0715258-4719-4ce5-8a85-03ccda2c376c,2025-03-14 10:41:00,
3755a540-8c2f-4fed-b1e9-11cb137ae75a,163,114,7b4613dd-395a-457a-b30d-f87e1d5e7c62,906096d6-f0f6-4da5-9c19-dc403afb4bb8,b0715258-4719-4ce5-8a85-03ccda2c376c,2025-08-18 09:29:00,
abb6ae4a-9a75-4423-9a60-c8b0071001ae,138,107,a335dc52-28ac-40d4-8fa9-ec161ee121ee,552564e7-84a4-4534-acfd-938092f72643,19f2d2b9-737d-4029-8250-945229084df8,2025-12-31 10:39:00,
8357fba6-cbd0-4913-978c-d0f49acd1e01,127,101,a335dc52-28ac-40d4-8fa9-ec161ee121ee,552564e7-84a4-4534-acfd-938092f72643,c762646d-3ec2-420a-956d-f1b73ea05187,2026-01-31 12:20:00,
af282421-1ff8-4260-9f51-65826c992448,128,100,a335dc52-28ac-40d4-8fa9-ec161ee121ee,552564e7-84a4-4534-acfd-938092f72643,213c0975-3815-4ea4-ba67-23c54c2546da,2026-02-16 09:40:00,
f9ef4e2a-b569-4ef3-bd92-b9f60b505ad0,156,82,1e5e8eb7-4634-45aa-b6f4-85e8e46bf874,ffe42279-f3bd-4683-a6a8-52c1bb9651f3,246dee45-3351-44d3-8a3a-ca414c46c168,2025-02-11 14:14:00,
47250376-0ee7-497f-849e-6952fc3f014e,170,82,1e5e8eb7-4634-45aa-b6f4-85e8e46bf874,ffe42279-f3bd-4683-a6a8-52c1bb9651f3,353297dd-2e3c-46c0-a49c-7fd69ac2c389,2025-03-31 15:09:00,
f1d39cc3-cdab-4031-9ce5-e883450b9a76,159,82,1e5e8eb7-4634-45aa-b6f4-85e8e46bf874,ffe42279-f3bd-4683-a6a8-52c1bb9651f3,246dee45-3351-44d3-8a3a-ca414c46c168,2025-04-28 15:41:00,
088e606e-045c-49d2-9535-1a0d4a6dd64b,155,82,1e5e8eb7-4634-45aa-b6f4-85e8e46bf874,ffe42279-f3bd-4683-a6a8-52c1bb9651f3,353297dd-2e3c-46c0-a49c-7fd69ac2c389,2025-05-24 15:34:00,
20bbf61a-2658-4542-a464-c6edb9d1b7af,140,82,1e5e8eb7-4634-45aa-b6f4-85e8e46bf874,ffe42279-f3bd-4683-a6a8-52c1bb9651f3,4519b91f-242d-4e4d-ae0c-da1f0c701874,2025-06-20 10:18:00,
4f4e8f61-41cb-4d44-95b6-814324efb75c,145,78,1e5e8eb7-4634-45aa-b6f4-85e8e46bf874,ffe42279-f3bd-4683-a6a8-52c1bb9651f3,353297dd-2e3c-46c0-a49c-7fd69ac2c389,2025-08-07 14:22:00,
6821cd10-007d-4450-b21c-857372be7bd9,142,74,1e5e8eb7-4634-45aa-b6f4-85e8e46bf874,ffe42279-f3bd-4683-a6a8-52c1bb9651f3,cd18ec08-f6a4-4724-926f-acd2aeb0daf2,2025-09-02 12:55:00,
4ba82679-a7f6-4ccf-a8a5-cf24e6080d71,118,65,1e5e8eb7-4634-45aa-b6f4-85e8e46bf874,ffe42279-f3bd-4683-a6a8-52c1bb9651f3,cd18ec08-f6a4-4724-926f-acd2aeb0daf2,2025-10-23 14:08:00,
de0dc4ab-f905-4569-afe4-f67712d27e16,115,65,1e5e8eb7-4634-45aa-b6f4-85e8e46bf874,ffe42279-f3bd-4683-a6a8-52c1bb9651f3,4519b91f-242d-4e4d-ae0c-da1f0c701874,2026-01-29 09:07:00,
07504cc7-a6f2-48c0-a87a-2392ef910348,122,65,1e5e8eb7-4634-45aa-b6f4-85e8e46bf874,ffe42279-f3bd-4683-a6a8-52c1bb9651f3,4519b91f-242d-4e4d-ae0c-da1f0c701874,2026-03-22 08:34:00,
9411e429-72f6-4ce0-aa25-00b17c094d1b,115,65,1e5e8eb7-4634-45aa-b6f4-85e8e46bf874,ffe42279-f3bd-4683-a6a8-52c1bb9651f3,353297dd-2e3c-46c0-a49c-7fd69ac2c389,2026-05-19 11:48:00,
778303c4-cd2f-4821-907a-4a2ce5bb0f4f,117,65,1e5e8eb7-4634-45aa-b6f4-85e8e46bf874,ffe42279-f3bd-4683-a6a8-52c1bb9651f3,4519b91f-242d-4e4d-ae0c-da1f0c701874,2026-07-17 10:12:00,
c31b2eb7-24a2-4ae5-b964-57a2e6683b40,105,65,1e5e8eb7-4634-45aa-b6f4-85e8e46bf874,ffe42279-f3bd-4683-a6a8-52c1bb9651f3,cd18ec08-f6a4-4724-926f-acd2aeb0daf2,2026-09-07 15:10:00,
72455e86-30c5-40c3-a187-44f103026a86,125,100,7008acb6-5e5e-4ba3-a2e3-05b3d37d1834,ffe42279-f3bd-4683-a6a8-52c1bb9651f3,353297dd-2e3c-46c0-a49c-7fd69ac2c389,2026-06-15 09:35:00,
5b2f512b-c95c-47f8-aef2-a6c0923a3649,126,94,7008acb6-5e5e-4ba3-a2e3-05b3d37d1834,ffe42279-f3bd-4683-a6a8-52c1bb9651f3,4519b91f-242d-4e4d-ae0c-da1f0c701874,2026-07-15 11:11:00,
83115ece-8158-413a-bae4-65ed48e80dab,168,98,c41ed6d9-2ef8-4145-9a4b-4cb4be708c20,5f213a58-b179-42d7-9c05-e29474526e82,406a76ac-2a9d-4982-b6f8-1efb7296c6c0,2024-10-22 12:38:00,
a62152a2-49ba-4719-8098-38f71642ff75,164,90,c41ed6d9-2ef8-4145-9a4b-4cb4be708c20,5f213a58-b179-42d7-9c05-e29474526e82,8e0d0bd7-32bc-44e0-8bb3-7f4f4b13cf78,2024-12-16 12:30:00,
3caf47cf-a2e3-4b18-a26b-4d305952997d,169,96,c41ed6d9-2ef8-4145-9a4b-4cb4be708c20,5f213a58-b179-42d7-9c05-e29474526e82,406a76ac-2a9d-4982-b6f8-1efb7296c6c0,2025-01-28 14:28:00,
673bfdd1-8494-49ee-ae2f-e16aaf2f778a,162,100,c41ed6d9-2ef8-4145-9a4b-4cb4be708c20,5f213a58-b179-42d7-9c05-e29474526e82,8e0d0bd7-32bc-44e0-8bb3-7f4f4b13cf78,2025-03-01 08:11:00,
eaf1d32c-3221-4260-a6e5-92ff2a09ddce,151,96,c41ed6d9-2ef8-4145-9a4b-4cb4be708c20,5f213a58-b179-42d7-9c05-e29474526e82,406a76ac-2a9d-4982-b6f8-1efb7296c6c0,2025-03-30 12:08:00,
9a265226-1689-4b85-b72d-68281ff9dc93,139,93,c41ed6d9-2ef8-4145-9a4b-4cb4be708c20,5f213a58-b179-42d7-9c05-e29474526e82,406a76ac-2a9d-4982-b6f8-1efb7296c6c0,2025-04-11 15:57:00,
3aa6c522-1a9e-4819-8c78-06e853772bd1,134,94,c41ed6d9-2ef8-4145-9a4b-4cb4be708c20,5f213a58-b179-42d7-9c05-e29474526e82,b302ab11-03e4-4bae-be36-6ec2662f7fc9,2025-05-18 14:05:00,
4810d017-5758-40a3-84ef-17e874d59058,122,86,c41ed6d9-2ef8-4145-9a4b-4cb4be708c20,5f213a58-b179-42d7-9c05-e29474526e82,b302ab11-03e4-4bae-be36-6ec2662f7fc9,2025-06-16 14:17:00,
b44536f3-f05d-4d70-a17c-f4f62559337d,139,84,c41ed6d9-2ef8-4145-9a4b-4cb4be708c20,5f213a58-b179-42d7-9c05-e29474526e82,2db9a55b-d59a-4a30-a4c8-bf7ae0a1e014,2025-08-12 10:38:00,
40b64f03-9ddb-4b71-b449-e3d966a4f995,141,82,c41ed6d9-2ef8-4145-9a4b-4cb4be708c20,5f213a58-b179-42d7-9c05-e29474526e82,b302ab11-03e4-4bae-be36-6ec2662f7fc9,2025-10-19 14:13:00,
be8f0a45-c4c2-4260-84ff-012c611772cd,140,86,c41ed6d9-2ef8-4145-9a4b-4cb4be708c20,5f213a58-b179-42d7-9c05-e29474526e82,8e0d0bd7-32bc-44e0-8bb3-7f4f4b13cf78,2025-12-25 14:09:00,
2d986512-1ea0-4392-ba89-0ebac26517f0,135,92,c41ed6d9-2ef8-4145-9a4b-4cb4be708c20,5f213a58-b179-42d7-9c05-e29474526e82,2db9a55b-d59a-4a30-a4c8-bf7ae0a1e014,2026-04-26 15:32:00,
376e6a62-02ec-4659-8d8a-6c53e25a95a0,124,85,c41ed6d9-2ef8-4145-9a4b-4cb4be708c20,5f213a58-b179-42d7-9c05-e29474526e82,8e0d0bd7-32bc-44e0-8bb3-7f4f4b13cf78,2026-06-13 15:28:00,
2b428f68-96ef-44af-bd04-3826109b5a64,127,85,c41ed6d9-2ef8-4145-9a4b-4cb4be708c20,5f213a58-b179-42d7-9c05-e29474526e82,406a76ac-2a9d-4982-b6f8-1efb7296c6c0,2026-07-13 15:59:00,
38db04c5-f948-457a-9ca2-ed5fe9d8a1bf,130,78,c41ed6d9-2ef8-4145-9a4b-4cb4be708c20,5f213a58-b179-42d7-9c05-e29474526e82,406a76ac-2a9d-4982-b6f8-1efb7296c6c0,2026-08-10 11:10:00,
e26c49bb-2c29-4a61-818d-add2b7118012,162,106,d3ecde19-b99c-4bac-9b46-fd839ff3c4d1,5f213a58-b179-42d7-9c05-e29474526e82,406a76ac-2a9d-4982-b6f8-1efb7296c6c0,2025-04-05 15:59:00,
41b33bae-9d86-4e2a-8012-45d54003cea4,157,89,d3ecde19-b99c-4bac-9b46-fd839ff3c4d1,5f213a58-b179-42d7-9c05-e29474526e82,b302ab11-03e4-4bae-be36-6ec2662f7fc9,2025-05-21 14:12:00,
3e0b4440-c047-4c42-a89d-7577880d7cd2,145,88,d3ecde19-b99c-4bac-9b46-fd839ff3c4d1,5f213a58-b179-42d7-9c05-e29474526e82,8e0d0bd7-32bc-44e0-8bb3-7f4f4b13cf78,2025-06-19 13:38:00,
0a5f1ac0-45a4-4519-ad9e-28a95f449ad6,159,89,d3ecde19-b99c-4bac-9b46-fd839ff3c4d1,5f213a58-b179-42d7-9c05-e29474526e82,2db9a55b-d59a-4a30-a4c8-bf7ae0a1e014,2025-08-30 09:30:00,
61bcd07d-d226-4520-8845-1093ae3b1864,143,91,d3ecde19-b99c-4bac-9b46-fd839ff3c4d1,5f213a58-b179-42d7-9c05-e29474526e82,8e0d0bd7-32bc-44e0-8bb3-7f4f4b13cf78,2025-09-12 12:25:00,
6dc99e7b-fca0-4447-977d-e51b5ddcafeb,132,100,d3ecde19-b99c-4bac-9b46-fd839ff3c4d1,5f213a58-b179-42d7-9c05-e29474526e82,2db9a55b-d59a-4a30-a4c8-bf7ae0a1e014,2025-10-08 14:57:00,
56c9100a-32d7-40c1-ac4b-10d2bbfd721f,114,100,d3ecde19-b99c-4bac-9b46-fd839ff3c4d1,5f213a58-b179-42d7-9c05-e29474526e82,b302ab11-03e4-4bae-be36-6ec2662f7fc9,2025-11-10 08:42:00,
f13633dc-d2a0-4230-bac7-dd5c81f3353a,107,97,d3ecde19-b99c-4bac-9b46-fd839ff3c4d1,5f213a58-b179-42d7-9c05-e29474526e82,8e0d0bd7-32bc-44e0-8bb3-7f4f4b13cf78,2025-11-23 09:39:00,
99000083-c0ff-43cf-9c24-d3a66a1a45bd,105,96,d3ecde19-b99c-4bac-9b46-fd839ff3c4d1,5f213a58-b179-42d7-9c05-e29474526e82,8e0d0bd7-32bc-44e0-8bb3-7f4f4b13cf78,2025-12-23 10:14:00,
8ee33ad8-babf-4691-b96e-78a0e692558b,119,93,d3ecde19-b99c-4bac-9b46-fd839ff3c4d1,5f213a58-b179-42d7-9c05-e29474526e82,2db9a55b-d59a-4a30-a4c8-bf7ae0a1e014,2026-01-17 12:42:00,
d834a8e6-6c4d-44f2-b803-1cb9ad962ed1,106,89,d3ecde19-b99c-4bac-9b46-fd839ff3c4d1,5f213a58-b179-42d7-9c05-e29474526e82,2db9a55b-d59a-4a30-a4c8-bf7ae0a1e014,2026-01-28 08:14:00,
72e34d75-4234-4959-b33a-04fb6ba2cc78,110,76,d3ecde19-b99c-4bac-9b46-fd839ff3c4d1,5f213a58-b179-42d7-9c05-e29474526e82,8e0d0bd7-32bc-44e0-8bb3-7f4f4b13cf78,2026-02-22 14:43:00,
fe625da1-5290-4051-8dd5-cdd65ae257c4,110,65,d3ecde19-b99c-4bac-9b46-fd839ff3c4d1,5f213a58-b179-42d7-9c05-e29474526e82,b302ab11-03e4-4bae-be36-6ec2662f7fc9,2026-03-23 10:43:00,
92e7d621-d75a-48dd-bf3c-3a1f0b8f6f07,112,65,d3ecde19-b99c-4bac-9b46-fd839ff3c4d1,5f213a58-b179-42d7-9c05-e29474526e82,b302ab11-03e4-4bae-be36-6ec2662f7fc9,2026-04-18 10:11:00,
5cd5ec99-c76e-4503-8763-a130f7a8840d,105,65,d3ecde19-b99c-4bac-9b46-fd839ff3c4d1,5f213a58-b179-42d7-9c05-e29474526e82,8e0d0bd7-32bc-44e0-8bb3-7f4f4b13cf78,2026-08-06 12:39:00,
4d38a5dc-660c-48fa-ac71-fd73d8406160,105,65,d3ecde19-b99c-4bac-9b46-fd839ff3c4d1,5f213a58-b179-42d7-9c05-e29474526e82,406a76ac-2a9d-4982-b6f8-1efb7296c6c0,2026-09-02 11:55:00,
09b58596-63b7-4c6a-8388-3760238c9550,145,84,527d222b-38da-414b-8a6c-1ed55750cab3,552564e7-84a4-4534-acfd-938092f72643,0035c5bf-742a-4ff6-9e23-941764d58bb9,2025-02-18 14:06:00,
3c99c3c1-6526-4d79-b5fd-b1f202118631,144,91,527d222b-38da-414b-8a6c-1ed55750cab3,552564e7-84a4-4534-acfd-938092f72643,213c0975-3815-4ea4-ba67-23c54c2546da,2025-03-20 14:35:00,
21c1b72e-1bd8-42ae-a43e-18ed51bed62a,132,85,527d222b-38da-414b-8a6c-1ed55750cab3,552564e7-84a4-4534-acfd-938092f72643,c762646d-3ec2-420a-956d-f1b73ea05187,2025-04-14 10:04:00,
3a9a3b45-2c14-452f-ace5-4cd0f0c59e16,125,78,527d222b-38da-414b-8a6c-1ed55750cab3,552564e7-84a4-4534-acfd-938092f72643,213c0975-3815-4ea4-ba67-23c54c2546da,2025-06-08 12:08:00,
07835099-ab3a-4814-943d-62d7366e0139,120,71,527d222b-38da-414b-8a6c-1ed55750cab3,552564e7-84a4-4534-acfd-938092f72643,19f2d2b9-737d-4029-8250-945229084df8,2025-08-24 11:26:00,
a0d0adb3-40ab-49c9-a6e8-8353bba03807,129,69,527d222b-38da-414b-8a6c-1ed55750cab3,552564e7-84a4-4534-acfd-938092f72643,448fb26c-4d06-4d9f-a11d-a2745fb4d4c6,2025-10-17 14:06:00,
edb8c349-7c70-4fff-b753-d8e240c3bfd1,117,70,527d222b-38da-414b-8a6c-1ed55750cab3,552564e7-84a4-4534-acfd-938092f72643,f3161305-31e6-47c0-8597-e00f4ddec847,2026-01-08 14:17:00,
64376a0f-a550-4ae6-b184-1ca1c601e5e9,123,70,527d222b-38da-414b-8a6c-1ed55750cab3,552564e7-84a4-4534-acfd-938092f72643,c762646d-3ec2-420a-956d-f1b73ea05187,2026-03-08 08:50:00,
79a58a18-5903-4fa6-87f9-d3678be9c7ab,122,66,527d222b-38da-414b-8a6c-1ed55750cab3,552564e7-84a4-4534-acfd-938092f72643,f3161305-31e6-47c0-8597-e00f4ddec847,2026-05-29 11:32:00,
df558a23-f2e3-44b8-b412-dd9459023735,118,65,527d222b-38da-414b-8a6c-1ed55750cab3,552564e7-84a4-4534-acfd-938092f72643,0035c5bf-742a-4ff6-9e23-941764d58bb9,2026-07-25 10:00:00,
d998d3da-31c1-4d0d-b7c5-f78433284abf,156,94,757553a4-2731-4b0f-b3c8-a79e1d93e0c8,552564e7-84a4-4534-acfd-938092f72643,c762646d-3ec2-420a-956d-f1b73ea05187,2025-10-04 13:08:00,
750870a2-5a28-4eb1-b60a-df296d227325,158,84,757553a4-2731-4b0f-b3c8-a79e1d93e0c8,552564e7-84a4-4534-acfd-938092f72643,213c0975-3815-4ea4-ba67-23c54c2546da,2025-11-02 13:31:00,
a1484d16-e28c-4b20-b614-e0281e7fe917,156,86,757553a4-2731-4b0f-b3c8-a79e1d93e0c8,552564e7-84a4-4534-acfd-938092f72643,f3161305-31e6-47c0-8597-e00f4ddec847,2025-11-30 08:30:00,
378fe97e-605b-4027-b91d-d8f81dd265ed,148,81,757553a4-2731-4b0f-b3c8-a79e1d93e0c8,552564e7-84a4-4534-acfd-938092f72643,c762646d-3ec2-420a-956d-f1b73ea05187,2025-12-28 12:49:00,
bac75d39-11bd-49e9-ac5f-388244cfc247,136,80,757553a4-2731-4b0f-b3c8-a79e1d93e0c8,552564e7-84a4-4534-acfd-938092f72643,19f2d2b9-737d-4029-8250-945229084df8,2026-01-24 10:21:00,
7ab88e0b-0592-494b-9efd-b5e9889b135e,130,77,757553a4-2731-4b0f-b3c8-a79e1d93e0c8,552564e7-84a4-4534-acfd-938092f72643,c762646d-3ec2-420a-956d-f1b73ea05187,2026-02-19 12:10:00,
a041904c-0f15-438b-9ae8-b8a41dcc8384,121,84,757553a4-2731-4b0f-b3c8-a79e1d93e0c8,552564e7-84a4-4534-acfd-938092f72643,f3161305-31e6-47c0-8597-e00f4ddec847,2026-04-13 12:10:00,
457bdec3-4193-4123-8de3-3f0a200649b9,172,92,252948c4-54fb-4845-80ba-4143bf002c23,552564e7-84a4-4534-acfd-938092f72643,213c0975-3815-4ea4-ba67-23c54c2546da,2025-08-23 09:18:00,
f2bac319-e8ba-4d39-8bf7-dc7615a7c117,177,91,252948c4-54fb-4845-80ba-4143bf002c23,552564e7-84a4-4534-acfd-938092f72643,19f2d2b9-737d-4029-8250-945229084df8,2025-09-21 14:49:00,
e2851077-ab9a-43c3-9b73-ea90b2aa3438,177,81,252948c4-54fb-4845-80ba-4143bf002c23,552564e7-84a4-4534-acfd-938092f72643,c762646d-3ec2-420a-956d-f1b73ea05187,2025-10-23 10:00:00,
75b94764-f0c1-48f6-bebe-06c7a281bce1,176,95,252948c4-54fb-4845-80ba-4143bf002c23,552564e7-84a4-4534-acfd-938092f72643,c762646d-3ec2-420a-956d-f1b73ea05187,2025-12-07 10:23:00,
68ebffcc-508c-4c1e-985f-3c5d09a88307,178,92,252948c4-54fb-4845-80ba-4143bf002c23,552564e7-84a4-4534-acfd-938092f72643,448fb26c-4d06-4d9f-a11d-a2745fb4d4c6,2026-02-03 09:25:00,
2aa67527-2828-4b1b-935a-d8ee682264bc,154,89,d93b1964-1bef-4d06-8d3d-10a88a385a7a,906096d6-f0f6-4da5-9c19-dc403afb4bb8,9bae34d8-d312-48ce-9bbf-17fa6222b3f6,2026-03-22 10:43:00,
03c5598f-0399-493f-ae8d-8317d2a6e033,155,83,d93b1964-1bef-4d06-8d3d-10a88a385a7a,906096d6-f0f6-4da5-9c19-dc403afb4bb8,8cc3bb69-3add-47d5-9cd2-8cff31252948,2026-04-22 08:36:00,
65463865-ad5e-4242-a32c-c45e8098a34b,149,85,d93b1964-1bef-4d06-8d3d-10a88a385a7a,906096d6-f0f6-4da5-9c19-dc403afb4bb8,9bae34d8-d312-48ce-9bbf-17fa6222b3f6,2026-05-22 09:10:00,
e313ac92-0d0b-4a4a-8c54-18e41333cdaa,145,86,d93b1964-1bef-4d06-8d3d-10a88a385a7a,906096d6-f0f6-4da5-9c19-dc403afb4bb8,9bae34d8-d312-48ce-9bbf-17fa6222b3f6,2026-06-22 14:07:00,
248fb423-c928-459f-9727-6bef6b4e14bb,164,81,d93b1964-1bef-4d06-8d3d-10a88a385a7a,906096d6-f0f6-4da5-9c19-dc403afb4bb8,b0715258-4719-4ce5-8a85-03ccda2c376c,2026-07-18 11:45:00,
b5cc083e-558b-4d0c-8fa0-4b2eb2c93f46,156,79,d93b1964-1bef-4d06-8d3d-10a88a385a7a,906096d6-f0f6-4da5-9c19-dc403afb4bb8,b0715258-4719-4ce5-8a85-03ccda2c376c,2026-08-17 09:07:00,
04a75925-6b01-4a4b-ab77-83a613a55ea8,161,77,d93b1964-1bef-4d06-8d3d-10a88a385a7a,906096d6-f0f6-4da5-9c19-dc403afb4bb8,9bae34d8-d312-48ce-9bbf-17fa6222b3f6,2026-09-14 12:27:00,
a6cd17d2-423b-4a99-8d86-6d74c3b73c39,154,100,db3ec6ae-50b4-452b-8976-327ef4f26430,906096d6-f0f6-4da5-9c19-dc403afb4bb8,b0715258-4719-4ce5-8a85-03ccda2c376c,2024-09-24 12:44:00,
0effb0eb-94ae-4dd1-8247-730ef5d211a3,151,95,db3ec6ae-50b4-452b-8976-327ef4f26430,906096d6-f0f6-4da5-9c19-dc403afb4bb8,b0715258-4719-4ce5-8a85-03ccda2c376c,2024-10-22 11:39:00,
fc1fb610-a3a3-4cd1-867a-d7c9bb8b765f,143,96,db3ec6ae-50b4-452b-8976-327ef4f26430,906096d6-f0f6-4da5-9c19-dc403afb4bb8,8cc3bb69-3add-47d5-9cd2-8cff31252948,2024-11-19 10:02:00,
4d6c4a13-d571-45cb-9464-79480d394fe4,140,91,db3ec6ae-50b4-452b-8976-327ef4f26430,906096d6-f0f6-4da5-9c19-dc403afb4bb8,b0715258-4719-4ce5-8a85-03ccda2c376c,2024-12-17 10:25:00,
af4ec991-f7aa-46ec-920d-06c09c284ee9,132,87,db3ec6ae-50b4-452b-8976-327ef4f26430,906096d6-f0f6-4da5-9c19-dc403afb4bb8,b0715258-4719-4ce5-8a85-03ccda2c376c,2025-01-16 10:11:00,
36c79b0d-3125-4987-8c97-c005e0cfc016,123,90,db3ec6ae-50b4-452b-8976-327ef4f26430,906096d6-f0f6-4da5-9c19-dc403afb4bb8,8cc3bb69-3add-47d5-9cd2-8cff31252948,2025-02-15 12:26:00,
434f562f-acda-4a0c-96c8-f48431af2dbe,128,98,db3ec6ae-50b4-452b-8976-327ef4f26430,906096d6-f0f6-4da5-9c19-dc403afb4bb8,8cc3bb69-3add-47d5-9cd2-8cff31252948,2025-03-14 10:14:00,
bb5fd974-2411-47a9-9646-1cebeea6aba9,121,102,db3ec6ae-50b4-452b-8976-327ef4f26430,906096d6-f0f6-4da5-9c19-dc403afb4bb8,8cc3bb69-3add-47d5-9cd2-8cff31252948,2025-04-12 10:05:00,
f9a9edcf-4b03-41c3-9043-af05323595ec,118,97,db3ec6ae-50b4-452b-8976-327ef4f26430,906096d6-f0f6-4da5-9c19-dc403afb4bb8,b0715258-4719-4ce5-8a85-03ccda2c376c,2025-04-26 14:12:00,
a373914c-d7d0-467b-8041-83aaeb602250,118,91,db3ec6ae-50b4-452b-8976-327ef4f26430,906096d6-f0f6-4da5-9c19-dc403afb4bb8,b0715258-4719-4ce5-8a85-03ccda2c376c,2025-05-23 12:46:00,
bce0a2ae-c4e4-4860-894b-1ec8cf9ae69c,105,94,db3ec6ae-50b4-452b-8976-327ef4f26430,906096d6-f0f6-4da5-9c19-dc403afb4bb8,9bae34d8-d312-48ce-9bbf-17fa6222b3f6,2025-06-06 09:44:00,
264a878b-b3ba-42d2-bd2c-b511dff8c495,105,86,db3ec6ae-50b4-452b-8976-327ef4f26430,906096d6-f0f6-4da5-9c19-dc403afb4bb8,8cc3bb69-3add-47d5-9cd2-8cff31252948,2025-07-06 11:29:00,
c95b4b97-bf24-493a-801c-d3c568548737,105,74,db3ec6ae-50b4-452b-8976-327ef4f26430,906096d6-f0f6-4da5-9c19-dc403afb4bb8,b0715258-4719-4ce5-8a85-03ccda2c376c,2025-10-21 10:51:00,
52d1f00e-fd77-444a-b30c-1e2f1cdb477c,112,76,db3ec6ae-50b4-452b-8976-327ef4f26430,906096d6-f0f6-4da5-9c19-dc403afb4bb8,9bae34d8-d312-48ce-9bbf-17fa6222b3f6,2025-12-17 09:30:00,
2915ec3f-52a3-43dc-8a49-282b72ac73f6,105,69,db3ec6ae-50b4-452b-8976-327ef4f26430,906096d6-f0f6-4da5-9c19-dc403afb4bb8,9bae34d8-d312-48ce-9bbf-17fa6222b3f6,2026-01-11 14:55:00,
23cf3710-03b9-4ef1-ae07-7e8211ea91a3,105,67,db3ec6ae-50b4-452b-8976-327ef4f26430,906096d6-f0f6-4da5-9c19-dc403afb4bb8,9bae34d8-d312-48ce-9bbf-17fa6222b3f6,2026-02-09 08:33:00,
44e84ef0-c00e-41cf-8d89-0896f8d7cdf1,107,65,db3ec6ae-50b4-452b-8976-327ef4f26430,906096d6-f0f6-4da5-9c19-dc403afb4bb8,9bae34d8-d312-48ce-9bbf-17fa6222b3f6,2026-04-06 08:08:00,
48fe2327-6315-4f42-98f1-665ee1acb68a,105,65,db3ec6ae-50b4-452b-8976-327ef4f26430,906096d6-f0f6-4da5-9c19-dc403afb4bb8,9bae34d8-d312-48ce-9bbf-17fa6222b3f6,2026-06-04 09:18:00,
62ae0663-35e8-47ef-8540-c7c0f249e597,162,110,504efcf5-594b-45a1-b416-c32cad07070e,552564e7-84a4-4534-acfd-938092f72643,0035c5bf-742a-4ff6-9e23-941764d58bb9,2025-02-23 14:22:00,
18bf231f-6346-4eb0-b71f-7309f957edb4,148,104,504efcf5-594b-45a1-b416-c32cad07070e,552564e7-84a4-4534-acfd-938092f72643,0035c5bf-742a-4ff6-9e23-941764d58bb9,2025-03-06 10:24:00,
c9518dcd-5b3e-45bd-87df-2cd534446529,133,106,504efcf5-594b-45a1-b416-c32cad07070e,552564e7-84a4-4534-acfd-938092f72643,213c0975-3815-4ea4-ba67-23c54c2546da,2025-03-31 09:36:00,
e2a022d9-6014-4f5b-af9a-032c1e74fb27,136,107,504efcf5-594b-45a1-b416-c32cad07070e,552564e7-84a4-4534-acfd-938092f72643,c762646d-3ec2-420a-956d-f1b73ea05187,2025-04-13 14:49:00,
0c97e28d-bd81-41f6-af77-a5543152d44e,118,97,504efcf5-594b-45a1-b416-c32cad07070e,552564e7-84a4-4534-acfd-938092f72643,19f2d2b9-737d-4029-8250-945229084df8,2025-05-07 15:52:00,
9b6e7816-416d-49c9-b28f-9ee7b4680a5b,122,97,504efcf5-594b-45a1-b416-c32cad07070e,552564e7-84a4-4534-acfd-938092f72643,448fb26c-4d06-4d9f-a11d-a2745fb4d4c6,2025-07-12 13:33:00,
f1f90b4c-76ac-465f-9277-5fb43192f7a9,117,85,504efcf5-594b-45a1-b416-c32cad07070e,552564e7-84a4-4534-acfd-938092f72643,0035c5bf-742a-4ff6-9e23-941764d58bb9,2025-08-07 10:57:00,
94a5c3d0-8115-4445-8388-0135563b4292,115,80,504efcf5-594b-45a1-b416-c32cad07070e,552564e7-84a4-4534-acfd-938092f72643,c762646d-3ec2-420a-956d-f1b73ea05187,2025-10-03 11:38:00,
de549dfe-9b7a-4fb2-b8c2-0d5bd4b0b0dc,107,84,504efcf5-594b-45a1-b416-c32cad07070e,552564e7-84a4-4534-acfd-938092f72643,f3161305-31e6-47c0-8597-e00f4ddec847,2025-11-26 08:47:00,
755becf6-8fd8-4fcf-829c-ab59e5e9a441,106,84,504efcf5-594b-45a1-b416-c32cad07070e,552564e7-84a4-4534-acfd-938092f72643,0035c5bf-742a-4ff6-9e23-941764d58bb9,2025-12-21 14:49:00,
b53942e9-1a6f-47d9-94c9-dc58a9d9b432,105,83,504efcf5-594b-45a1-b416-c32cad07070e,552564e7-84a4-4534-acfd-938092f72643,f3161305-31e6-47c0-8597-e00f4ddec847,2026-02-12 15:46:00,
e93a8ed0-c4e5-4fa3-9c30-27cbc581f1d3,105,86,504efcf5-594b-45a1-b416-c32cad07070e,552564e7-84a4-4534-acfd-938092f72643,448fb26c-4d06-4d9f-a11d-a2745fb4d4c6,2026-05-09 15:07:00,
5f4ef7ab-7bc0-4aa5-a6fa-7200b2ad7fcf,105,83,504efcf5-594b-45a1-b416-c32cad07070e,552564e7-84a4-4534-acfd-938092f72643,448fb26c-4d06-4d9f-a11d-a2745fb4d4c6,2026-06-07 13:03:00,
28fc492d-8cb7-4a6d-b763-b95ff4338c1c,180,78,1a219fdc-3060-49b5-9f18-38d511b86dcc,552564e7-84a4-4534-acfd-938092f72643,0035c5bf-742a-4ff6-9e23-941764d58bb9,2026-02-19 09:11:00,
790ea19f-b4ad-4eb0-b2d8-501b8106beef,184,81,1a219fdc-3060-49b5-9f18-38d511b86dcc,552564e7-84a4-4534-acfd-938092f72643,19f2d2b9-737d-4029-8250-945229084df8,2026-03-16 15:33:00,
c84fdf98-2727-4d35-84ce-e293c13322cd,179,73,1a219fdc-3060-49b5-9f18-38d511b86dcc,552564e7-84a4-4534-acfd-938092f72643,f3161305-31e6-47c0-8597-e00f4ddec847,2026-04-19 11:48:00,
dc5db7d3-19a5-4637-9fce-fa4bb764a831,184,79,1a219fdc-3060-49b5-9f18-38d511b86dcc,552564e7-84a4-4534-acfd-938092f72643,19f2d2b9-737d-4029-8250-945229084df8,2026-05-31 15:17:00,
ac0cc018-f1bb-4eaf-ae96-44ffdec54ba5,177,78,1a219fdc-3060-49b5-9f18-38d511b86dcc,552564e7-84a4-4534-acfd-938092f72643,448fb26c-4d06-4d9f-a11d-a2745fb4d4c6,2026-06-27 10:29:00,
f5a8829d-a712-4ea4-b4ed-9497e353c2c7,173,70,1a219fdc-3060-49b5-9f18-38d511b86dcc,552564e7-84a4-4534-acfd-938092f72643,c762646d-3ec2-420a-956d-f1b73ea05187,2026-07-23 12:33:00,
8b9a9437-b7a5-4cf9-a520-6a7034ee85b3,181,75,1a219fdc-3060-49b5-9f18-38d511b86dcc,552564e7-84a4-4534-acfd-938092f72643,0035c5bf-742a-4ff6-9e23-941764d58bb9,2026-09-16 11:09:00,
28fd0f78-239c-4d61-bab5-5ca5b90bde5a,177,101,1c4d8ee7-0501-4f33-b817-e35437372adb,906096d6-f0f6-4da5-9c19-dc403afb4bb8,b0715258-4719-4ce5-8a85-03ccda2c376c,2024-11-18 12:21:00,
1ec7c25f-dd83-41c3-b18b-03a4fc44d93f,179,111,1c4d8ee7-0501-4f33-b817-e35437372adb,906096d6-f0f6-4da5-9c19-dc403afb4bb8,8cc3bb69-3add-47d5-9cd2-8cff31252948,2024-12-26 11:51:00,
abad7ad3-e934-43df-b858-8b94d99121ae,135,87,b03e8d55-04c7-49f2-8ee7-8144313f93ab,552564e7-84a4-4534-acfd-938092f72643,0035c5bf-742a-4ff6-9e23-941764d58bb9,2025-02-27 09:15:00,
e1193e4d-e096-4ee5-b353-fe35bd76edda,123,82,b03e8d55-04c7-49f2-8ee7-8144313f93ab,552564e7-84a4-4534-acfd-938092f72643,213c0975-3815-4ea4-ba67-23c54c2546da,2025-04-23 10:19:00,
71c11b27-62b6-4459-926b-83457c47384a,113,74,b03e8d55-04c7-49f2-8ee7-8144313f93ab,552564e7-84a4-4534-acfd-938092f72643,f3161305-31e6-47c0-8597-e00f4ddec847,2025-05-21 12:54:00,
9868f0d3-8bec-4183-a61d-2487744edb45,112,73,b03e8d55-04c7-49f2-8ee7-8144313f93ab,552564e7-84a4-4534-acfd-938092f72643,19f2d2b9-737d-4029-8250-945229084df8,2025-07-17 08:53:00,
2dcbcc3f-883b-4528-8d13-7e888465e223,124,65,b03e8d55-04c7-49f2-8ee7-8144313f93ab,552564e7-84a4-4534-acfd-938092f72643,19f2d2b9-737d-4029-8250-945229084df8,2025-10-08 11:45:00,
70bd06ad-edea-45c2-a1ad-41e00b53a460,108,66,b03e8d55-04c7-49f2-8ee7-8144313f93ab,552564e7-84a4-4534-acfd-938092f72643,f3161305-31e6-47c0-8597-e00f4ddec847,2025-12-03 14:29:00,
f91bd5cf-7cdb-461b-aaf5-0d920ac087cb,110,67,b03e8d55-04c7-49f2-8ee7-8144313f93ab,552564e7-84a4-4534-acfd-938092f72643,213c0975-3815-4ea4-ba67-23c54c2546da,2026-01-06 13:27:00,
e7a6d176-5b3a-44e8-bcd6-d6e574fa88a8,114,65,b03e8d55-04c7-49f2-8ee7-8144313f93ab,552564e7-84a4-4534-acfd-938092f72643,c762646d-3ec2-420a-956d-f1b73ea05187,2026-01-31 14:36:00,
bd83d330-0e95-4db6-b81d-0e405ffd266f,105,67,b03e8d55-04c7-49f2-8ee7-8144313f93ab,552564e7-84a4-4534-acfd-938092f72643,213c0975-3815-4ea4-ba67-23c54c2546da,2026-03-25 12:22:00,
2aac9148-244f-4e48-89f2-31dca9b367af,115,68,b03e8d55-04c7-49f2-8ee7-8144313f93ab,552564e7-84a4-4534-acfd-938092f72643,213c0975-3815-4ea4-ba67-23c54c2546da,2026-05-20 13:53:00,
16a5f8e5-8c97-4f3d-809d-0069961f00fb,105,65,b03e8d55-04c7-49f2-8ee7-8144313f93ab,552564e7-84a4-4534-acfd-938092f72643,448fb26c-4d06-4d9f-a11d-a2745fb4d4c6,2026-06-18 11:13:00,
3e23abd2-c70d-45d6-a0a6-e246188a2e11,107,65,b03e8d55-04c7-49f2-8ee7-8144313f93ab,552564e7-84a4-4534-acfd-938092f72643,f3161305-31e6-47c0-8597-e00f4ddec847,2026-08-18 09:11:00,
9186bc93-b9c5-4112-b9f3-5a222e7f4146,170,84,f71bca8a-37f6-4e50-bf56-84f37e8312ec,906096d6-f0f6-4da5-9c19-dc403afb4bb8,b0715258-4719-4ce5-8a85-03ccda2c376c,2025-09-10 14:57:00,
a98b6a3b-f6fd-41f5-87f4-2564c0013c19,171,81,f71bca8a-37f6-4e50-bf56-84f37e8312ec,906096d6-f0f6-4da5-9c19-dc403afb4bb8,8cc3bb69-3add-47d5-9cd2-8cff31252948,2025-10-17 13:36:00,
4dbaaff5-026a-42e6-9d20-5d72ef7877da,173,81,f71bca8a-37f6-4e50-bf56-84f37e8312ec,906096d6-f0f6-4da5-9c19-dc403afb4bb8,8cc3bb69-3add-47d5-9cd2-8cff31252948,2025-10-30 12:56:00,
7625f3e0-12d4-4201-a8c1-61cb3fb27803,172,88,f71bca8a-37f6-4e50-bf56-84f37e8312ec,906096d6-f0f6-4da5-9c19-dc403afb4bb8,9bae34d8-d312-48ce-9bbf-17fa6222b3f6,2026-02-06 08:27:00,
32c0292b-2678-4dc4-9a2d-15321be32b01,165,98,f71bca8a-37f6-4e50-bf56-84f37e8312ec,906096d6-f0f6-4da5-9c19-dc403afb4bb8,9bae34d8-d312-48ce-9bbf-17fa6222b3f6,2026-04-22 15:47:00,
49b2f997-5c78-47e7-9c8e-cf51527f54af,154,98,f71bca8a-37f6-4e50-bf56-84f37e8312ec,906096d6-f0f6-4da5-9c19-dc403afb4bb8,b0715258-4719-4ce5-8a85-03ccda2c376c,2026-05-17 12:34:00,
daa9558c-fc2f-4ffe-903a-56d8e5e2ee39,136,97,f71bca8a-37f6-4e50-bf56-84f37e8312ec,906096d6-f0f6-4da5-9c19-dc403afb4bb8,b0715258-4719-4ce5-8a85-03ccda2c376c,2026-07-10 09:53:00,
133cac8d-73b6-44cf-8d06-36750b1931ca,132,92,f71bca8a-37f6-4e50-bf56-84f37e8312ec,906096d6-f0f6-4da5-9c19-dc403afb4bb8,8cc3bb69-3add-47d5-9cd2-8cff31252948,2026-09-05 13:14:00,
e662de4b-747e-417a-bf55-ca1da650d258,130,95,9fd72fab-1466-40a5-995e-7dc88af79d5a,5f213a58-b179-42d7-9c05-e29474526e82,2db9a55b-d59a-4a30-a4c8-bf7ae0a1e014,2026-01-21 09:53:00,
2dc7bb16-89b8-4f95-bc81-f1e41a40950a,120,90,9fd72fab-1466-40a5-995e-7dc88af79d5a,5f213a58-b179-42d7-9c05-e29474526e82,2db9a55b-d59a-4a30-a4c8-bf7ae0a1e014,2026-02-04 14:35:00,
6fba443d-2a89-4b63-80ab-9e966d21f9e2,106,90,9fd72fab-1466-40a5-995e-7dc88af79d5a,5f213a58-b179-42d7-9c05-e29474526e82,b302ab11-03e4-4bae-be36-6ec2662f7fc9,2026-03-03 10:10:00,
dd66213e-8d0d-4f42-acc7-34647a57664f,105,86,9fd72fab-1466-40a5-995e-7dc88af79d5a,5f213a58-b179-42d7-9c05-e29474526e82,8e0d0bd7-32bc-44e0-8bb3-7f4f4b13cf78,2026-04-29 09:13:00,
004f7086-bdcf-4f66-b756-44130af38241,114,80,9fd72fab-1466-40a5-995e-7dc88af79d5a,5f213a58-b179-42d7-9c05-e29474526e82,b302ab11-03e4-4bae-be36-6ec2662f7fc9,2026-06-28 15:55:00,
1765e20a-6df4-4b4e-85dc-9eef73229380,112,81,9fd72fab-1466-40a5-995e-7dc88af79d5a,5f213a58-b179-42d7-9c05-e29474526e82,b302ab11-03e4-4bae-be36-6ec2662f7fc9,2026-08-23 13:13:00,
38eecca3-ff46-4ef7-b071-45b3e2a35d4b,112,81,9fd72fab-1466-40a5-995e-7dc88af79d5a,5f213a58-b179-42d7-9c05-e29474526e82,b302ab11-03e4-4bae-be36-6ec2662f7fc9,2026-09-18 08:47:00,
a9e141f6-e076-4d17-9493-d004585fb901,142,97,3405d2fe-ff55-4d4f-9728-08c2bddedb3e,5f213a58-b179-42d7-9c05-e29474526e82,2db9a55b-d59a-4a30-a4c8-bf7ae0a1e014,2026-03-06 12:20:00,
955118c2-086b-4a7e-af7a-bd7ece930dd8,139,103,3405d2fe-ff55-4d4f-9728-08c2bddedb3e,5f213a58-b179-42d7-9c05-e29474526e82,406a76ac-2a9d-4982-b6f8-1efb7296c6c0,2026-06-09 08:31:00,
edbcc12e-176c-45e8-a6ed-e59537d226e9,136,97,3405d2fe-ff55-4d4f-9728-08c2bddedb3e,5f213a58-b179-42d7-9c05-e29474526e82,406a76ac-2a9d-4982-b6f8-1efb7296c6c0,2026-07-05 09:27:00,
4504e654-e7d1-4f7b-8993-d97b462e4ff5,126,95,3405d2fe-ff55-4d4f-9728-08c2bddedb3e,5f213a58-b179-42d7-9c05-e29474526e82,2db9a55b-d59a-4a30-a4c8-bf7ae0a1e014,2026-08-04 09:50:00,
0d37b005-7565-4c93-8c66-e0ca2c5ca317,134,86,3405d2fe-ff55-4d4f-9728-08c2bddedb3e,5f213a58-b179-42d7-9c05-e29474526e82,b302ab11-03e4-4bae-be36-6ec2662f7fc9,2026-08-16 11:01:00,
b4d30b98-ef8c-4f41-8264-e1bc4554589a,127,96,cd8f98a5-f16c-4436-9eda-3a2afc425239,552564e7-84a4-4534-acfd-938092f72643,f3161305-31e6-47c0-8597-e00f4ddec847,2026-08-19 14:37:00,
c6c50222-cd13-4dba-94a7-6adfe1043ad0,166,88,fc2e56b1-de8d-4ea3-989e-236f5b915bbb,552564e7-84a4-4534-acfd-938092f72643,448fb26c-4d06-4d9f-a11d-a2745fb4d4c6,2024-11-04 10:02:00,
133b4b56-e6bb-486e-8d35-b4439ce3aa94,163,88,fc2e56b1-de8d-4ea3-989e-236f5b915bbb,552564e7-84a4-4534-acfd-938092f72643,213c0975-3815-4ea4-ba67-23c54c2546da,2024-11-16 14:15:00,
5a604241-278d-4ec9-981b-bde5f483f428,159,84,fc2e56b1-de8d-4ea3-989e-236f5b915bbb,552564e7-84a4-4534-acfd-938092f72643,213c0975-3815-4ea4-ba67-23c54c2546da,2024-12-02 14:04:00,
d7acfdb3-3cea-4ea2-8019-989f5fc21dd4,152,87,fc2e56b1-de8d-4ea3-989e-236f5b915bbb,552564e7-84a4-4534-acfd-938092f72643,213c0975-3815-4ea4-ba67-23c54c2546da,2024-12-17 14:55:00,
f0acf2c5-8a9a-4e11-8a54-df0b4bf4ac57,146,88,fc2e56b1-de8d-4ea3-989e-236f5b915bbb,552564e7-84a4-4534-acfd-938092f72643,f3161305-31e6-47c0-8597-e00f4ddec847,2024-12-29 13:13:00,
3270a415-be3b-4722-9f17-e10fb9c7791b,142,88,fc2e56b1-de8d-4ea3-989e-236f5b915bbb,552564e7-84a4-4534-acfd-938092f72643,448fb26c-4d06-4d9f-a11d-a2745fb4d4c6,2025-02-16 11:30:00,
56d078b3-fe12-4d38-8f26-e12af784920e,129,89,fc2e56b1-de8d-4ea3-989e-236f5b915bbb,552564e7-84a4-4534-acfd-938092f72643,19f2d2b9-737d-4029-8250-945229084df8,2025-03-18 10:30:00,
a6b426f8-32e9-4b30-9f28-8e6d70a84893,107,79,fc2e56b1-de8d-4ea3-989e-236f5b915bbb,552564e7-84a4-4534-acfd-938092f72643,0035c5bf-742a-4ff6-9e23-941764d58bb9,2025-05-14 13:20:00,
1fe81c34-9417-4d2d-bea9-318e083cd1da,105,75,fc2e56b1-de8d-4ea3-989e-236f5b915bbb,552564e7-84a4-4534-acfd-938092f72643,0035c5bf-742a-4ff6-9e23-941764d58bb9,2025-06-14 13:27:00,
5c955129-1506-45b6-b7f3-d970acd82647,105,72,fc2e56b1-de8d-4ea3-989e-236f5b915bbb,552564e7-84a4-4534-acfd-938092f72643,19f2d2b9-737d-4029-8250-945229084df8,2025-09-10 10:08:00,
8e49fd44-0db9-48e7-8c78-7d81f7b78e55,120,73,fc2e56b1-de8d-4ea3-989e-236f5b915bbb,552564e7-84a4-4534-acfd-938092f72643,448fb26c-4d06-4d9f-a11d-a2745fb4d4c6,2025-11-07 11:48:00,
5e8b0ac6-139e-4f3a-8836-a199ebeaeb1a,117,72,fc2e56b1-de8d-4ea3-989e-236f5b915bbb,552564e7-84a4-4534-acfd-938092f72643,c762646d-3ec2-420a-956d-f1b73ea05187,2025-12-05 08:58:00,
51047b8d-cc16-46d1-870a-8d23f01d835b,114,70,fc2e56b1-de8d-4ea3-989e-236f5b915bbb,552564e7-84a4-4534-acfd-938092f72643,19f2d2b9-737d-4029-8250-945229084df8,2026-02-01 15:18:00,
3d238e43-cb3a-476f-9982-d982eb01b07c,115,73,fc2e56b1-de8d-4ea3-989e-236f5b915bbb,552564e7-84a4-4534-acfd-938092f72643,f3161305-31e6-47c0-8597-e00f4ddec847,2026-04-01 08:50:00,
c946825f-6ebc-4ed7-893e-0a5d1efe2223,120,69,fc2e56b1-de8d-4ea3-989e-236f5b915bbb,552564e7-84a4-4534-acfd-938092f72643,0035c5bf-742a-4ff6-9e23-941764d58bb9,2026-04-27 14:49:00,
a0494091-199b-487e-8080-f911e703ccd4,139,69,fc2e56b1-de8d-4ea3-989e-236f5b915bbb,552564e7-84a4-4534-acfd-938092f72643,448fb26c-4d06-4d9f-a11d-a2745fb4d4c6,2026-06-19 15:54:00,
1ae7b63e-26e4-4485-bb78-2b8003c76329,130,68,fc2e56b1-de8d-4ea3-989e-236f5b915bbb,552564e7-84a4-4534-acfd-938092f72643,213c0975-3815-4ea4-ba67-23c54c2546da,2026-07-16 09:07:00,
9ab2b552-d586-4974-8f92-9f0484166f84,121,68,fc2e56b1-de8d-4ea3-989e-236f5b915bbb,552564e7-84a4-4534-acfd-938092f72643,19f2d2b9-737d-4029-8250-945229084df8,2026-08-16 10:07:00,
9cecb086-5f22-4c4b-858a-2a31d0966d0c,163,97,3db4a4e3-33c5-4701-8477-b9033e984099,906096d6-f0f6-4da5-9c19-dc403afb4bb8,8cc3bb69-3add-47d5-9cd2-8cff31252948,2025-09-11 13:18:00,
0a802d50-02c9-471f-be33-684a7a2bdd01,158,92,3db4a4e3-33c5-4701-8477-b9033e984099,906096d6-f0f6-4da5-9c19-dc403afb4bb8,b0715258-4719-4ce5-8a85-03ccda2c376c,2025-10-06 11:14:00,
dc6753d1-6960-4cf4-aa4a-bf61f4bff142,144,87,3db4a4e3-33c5-4701-8477-b9033e984099,906096d6-f0f6-4da5-9c19-dc403afb4bb8,b0715258-4719-4ce5-8a85-03ccda2c376c,2025-11-03 12:56:00,
cf3db961-9b17-48d1-8ead-87f9e5232417,146,87,3db4a4e3-33c5-4701-8477-b9033e984099,906096d6-f0f6-4da5-9c19-dc403afb4bb8,b0715258-4719-4ce5-8a85-03ccda2c376c,2026-01-03 15:37:00,
32a9e1c5-78ac-4e0d-b5e9-d8e6ba789f79,159,83,3db4a4e3-33c5-4701-8477-b9033e984099,906096d6-f0f6-4da5-9c19-dc403afb4bb8,b0715258-4719-4ce5-8a85-03ccda2c376c,2026-02-07 13:21:00,
68c1ab51-dd41-4de4-93ee-a0f905ff08ef,155,83,13031624-47e0-4519-95af-f0108a8a07eb,906096d6-f0f6-4da5-9c19-dc403afb4bb8,9bae34d8-d312-48ce-9bbf-17fa6222b3f6,2025-11-28 08:27:00,
edf04fa8-baad-4b51-9f34-10f5c19b1c2b,161,92,13031624-47e0-4519-95af-f0108a8a07eb,906096d6-f0f6-4da5-9c19-dc403afb4bb8,b0715258-4719-4ce5-8a85-03ccda2c376c,2025-12-28 15:21:00,
98f90e14-def9-47c4-b713-5cbb6da51109,162,95,13031624-47e0-4519-95af-f0108a8a07eb,906096d6-f0f6-4da5-9c19-dc403afb4bb8,b0715258-4719-4ce5-8a85-03ccda2c376c,2026-01-13 09:39:00,
536ab8e2-c7e3-48c1-9e42-c1b856bc47e1,160,94,13031624-47e0-4519-95af-f0108a8a07eb,906096d6-f0f6-4da5-9c19-dc403afb4bb8,b0715258-4719-4ce5-8a85-03ccda2c376c,2026-02-11 11:38:00,
1edca366-51c4-4cd8-9e97-0618876e8445,169,86,13031624-47e0-4519-95af-f0108a8a07eb,906096d6-f0f6-4da5-9c19-dc403afb4bb8,b0715258-4719-4ce5-8a85-03ccda2c376c,2026-03-11 14:42:00,
ea202438-14f2-4d6f-b26d-90ab3faacaa9,159,81,13031624-47e0-4519-95af-f0108a8a07eb,906096d6-f0f6-4da5-9c19-dc403afb4bb8,b0715258-4719-4ce5-8a85-03ccda2c376c,2026-03-24 13:10:00,
e2095fa8-d2e2-4fc2-9b5c-c68877e86b90,144,87,13031624-47e0-4519-95af-f0108a8a07eb,906096d6-f0f6-4da5-9c19-dc403afb4bb8,8cc3bb69-3add-47d5-9cd2-8cff31252948,2026-04-21 15:55:00,
b7e67bec-5630-4f0b-b0ef-3a4de0eafa72,128,82,13031624-47e0-4519-95af-f0108a8a07eb,906096d6-f0f6-4da5-9c19-dc403afb4bb8,b0715258-4719-4ce5-8a85-03ccda2c376c,2026-05-21 15:22:00,
05cd7c80-56cf-4254-8dec-5dbd27bfcd51,114,72,13031624-47e0-4519-95af-f0108a8a07eb,906096d6-f0f6-4da5-9c19-dc403afb4bb8,8cc3bb69-3add-47d5-9cd2-8cff31252948,2026-07-17 09:25:00,
c388a956-4649-4d0e-864d-64a3c06ba7be,141,102,914a9964-5711-4318-bdf5-e9cdab76763f,906096d6-f0f6-4da5-9c19-dc403afb4bb8,9bae34d8-d312-48ce-9bbf-17fa6222b3f6,2025-09-29 15:13:00,
2b938a77-ed74-4d29-951d-1cc2fbff3b80,139,88,914a9964-5711-4318-bdf5-e9cdab76763f,906096d6-f0f6-4da5-9c19-dc403afb4bb8,b0715258-4719-4ce5-8a85-03ccda2c376c,2025-10-24 08:16:00,
f9f92a11-7d0a-41c3-9438-940fbe642e6b,138,90,914a9964-5711-4318-bdf5-e9cdab76763f,906096d6-f0f6-4da5-9c19-dc403afb4bb8,8cc3bb69-3add-47d5-9cd2-8cff31252948,2025-12-29 10:18:00,
63f8d185-032e-4ffd-9a58-f6cecc9e3ba2,149,90,914a9964-5711-4318-bdf5-e9cdab76763f,906096d6-f0f6-4da5-9c19-dc403afb4bb8,8cc3bb69-3add-47d5-9cd2-8cff31252948,2026-01-23 09:35:00,
006448ea-0fa4-44d3-b8e0-999af82c6fc4,140,87,914a9964-5711-4318-bdf5-e9cdab76763f,906096d6-f0f6-4da5-9c19-dc403afb4bb8,b0715258-4719-4ce5-8a85-03ccda2c376c,2026-02-05 12:40:00,
dd47eefb-8999-48cf-8f2d-30bb99b8f2af,140,101,914a9964-5711-4318-bdf5-e9cdab76763f,906096d6-f0f6-4da5-9c19-dc403afb4bb8,b0715258-4719-4ce5-8a85-03ccda2c376c,2026-05-25 09:21:00,
9a1b9260-6f09-4634-bdd8-b290feeeac3a,139,90,914a9964-5711-4318-bdf5-e9cdab76763f,906096d6-f0f6-4da5-9c19-dc403afb4bb8,8cc3bb69-3add-47d5-9cd2-8cff31252948,2026-06-19 11:19:00,
493e8261-694a-49ff-a4b4-bfa107741eee,123,81,914a9964-5711-4318-bdf5-e9cdab76763f,906096d6-f0f6-4da5-9c19-dc403afb4bb8,8cc3bb69-3add-47d5-9cd2-8cff31252948,2026-08-17 13:51:00,
95090a1b-5f64-4d12-8afa-8ff7bfcff0e4,144,89,4e8533b0-8289-479a-ab0e-7e73d253122a,ffe42279-f3bd-4683-a6a8-52c1bb9651f3,353297dd-2e3c-46c0-a49c-7fd69ac2c389,2025-08-08 09:32:00,
4dd1d2ed-b41c-4a0c-a653-c582cd28ca0e,153,97,4e8533b0-8289-479a-ab0e-7e73d253122a,ffe42279-f3bd-4683-a6a8-52c1bb9651f3,4519b91f-242d-4e4d-ae0c-da1f0c701874,2025-10-05 10:57:00,
caea39de-25d0-4c81-a5ee-95bdc6201609,174,95,4e8533b0-8289-479a-ab0e-7e73d253122a,ffe42279-f3bd-4683-a6a8-52c1bb9651f3,246dee45-3351-44d3-8a3a-ca414c46c168,2025-12-16 09:17:00,
d12000cd-1b7e-491d-ad24-a1a08fa8b65e,168,90,4e8533b0-8289-479a-ab0e-7e73d253122a,ffe42279-f3bd-4683-a6a8-52c1bb9651f3,246dee45-3351-44d3-8a3a-ca414c46c168,2025-12-27 10:15:00,
7a04d317-1272-4fa5-9095-73f427d2a385,168,93,4e8533b0-8289-479a-ab0e-7e73d253122a,ffe42279-f3bd-4683-a6a8-52c1bb9651f3,353297dd-2e3c-46c0-a49c-7fd69ac2c389,2026-02-21 13:09:00,
8b37d315-73b0-4f2c-a7dd-f7f0b48fa1c7,162,91,4e8533b0-8289-479a-ab0e-7e73d253122a,ffe42279-f3bd-4683-a6a8-52c1bb9651f3,4519b91f-242d-4e4d-ae0c-da1f0c701874,2026-04-03 08:00:00,
e0653576-dd25-41e7-b5fb-4f083f7920b5,153,87,4e8533b0-8289-479a-ab0e-7e73d253122a,ffe42279-f3bd-4683-a6a8-52c1bb9651f3,353297dd-2e3c-46c0-a49c-7fd69ac2c389,2026-05-17 09:31:00,
b82073db-13b5-4722-a290-19298c4cf1f7,140,88,4e8533b0-8289-479a-ab0e-7e73d253122a,ffe42279-f3bd-4683-a6a8-52c1bb9651f3,353297dd-2e3c-46c0-a49c-7fd69ac2c389,2026-06-13 11:47:00,
f629b637-a545-4d05-b10c-9782572927ff,135,93,4e8533b0-8289-479a-ab0e-7e73d253122a,ffe42279-f3bd-4683-a6a8-52c1bb9651f3,353297dd-2e3c-46c0-a49c-7fd69ac2c389,2026-07-21 15:26:00,
d2599ee9-ebe1-4585-b307-876e17a5f3ad,185,93,304665d1-af8d-4b1f-87db-c020ace1d71a,552564e7-84a4-4534-acfd-938092f72643,19f2d2b9-737d-4029-8250-945229084df8,2025-06-14 08:44:00,
8fceefba-635a-4f40-a670-3a166db1e812,188,97,304665d1-af8d-4b1f-87db-c020ace1d71a,552564e7-84a4-4534-acfd-938092f72643,19f2d2b9-737d-4029-8250-945229084df8,2025-07-15 11:06:00,
8ee762d4-b4fd-48d2-90b2-70031ca87abe,187,98,304665d1-af8d-4b1f-87db-c020ace1d71a,552564e7-84a4-4534-acfd-938092f72643,f3161305-31e6-47c0-8597-e00f4ddec847,2025-08-13 14:05:00,
b49e0ed1-3936-49de-a072-f6da40bf691e,184,91,304665d1-af8d-4b1f-87db-c020ace1d71a,552564e7-84a4-4534-acfd-938092f72643,f3161305-31e6-47c0-8597-e00f4ddec847,2025-09-19 13:43:00,
b7e7456d-85e1-45e0-9a7a-367c6ae640ea,128,69,40f77a3c-00b1-451c-8e18-9a42b9d7638c,da845e7d-fedd-47ac-b12d-fb734b6449eb,5e76f2ad-b087-4dc4-9d25-73e3e0503036,2026-01-16 13:09:00,
26f7881d-da16-4ef5-a66a-487da55d3bd1,128,65,40f77a3c-00b1-451c-8e18-9a42b9d7638c,da845e7d-fedd-47ac-b12d-fb734b6449eb,e18956f3-25d3-4ad3-9e29-e476c974b1e2,2026-03-14 11:34:00,
6121473d-c652-45f1-8ad6-0fadd7fb9ace,137,65,40f77a3c-00b1-451c-8e18-9a42b9d7638c,da845e7d-fedd-47ac-b12d-fb734b6449eb,447e99c5-592b-43d3-805b-eb75f1251d2a,2026-04-14 10:18:00,
b252f703-8f9a-4f75-bece-c10c81a2084c,128,65,40f77a3c-00b1-451c-8e18-9a42b9d7638c,da845e7d-fedd-47ac-b12d-fb734b6449eb,5e76f2ad-b087-4dc4-9d25-73e3e0503036,2026-05-09 14:33:00,
d56113f5-150c-4b85-90b3-9c43455e8885,117,73,40f77a3c-00b1-451c-8e18-9a42b9d7638c,da845e7d-fedd-47ac-b12d-fb734b6449eb,447e99c5-592b-43d3-805b-eb75f1251d2a,2026-07-07 13:28:00,
085e8cf5-606f-4332-8042-fba4a44aded0,107,86,40f77a3c-00b1-451c-8e18-9a42b9d7638c,da845e7d-fedd-47ac-b12d-fb734b6449eb,5e76f2ad-b087-4dc4-9d25-73e3e0503036,2026-08-03 08:06:00,
24d306d0-7fb2-4831-9328-5de7bb18a7ff,143,118,51dd2d45-6020-4f0e-b7a6-a039925f3405,ffe42279-f3bd-4683-a6a8-52c1bb9651f3,cd18ec08-f6a4-4724-926f-acd2aeb0daf2,2024-12-20 15:31:00,
f9a46ae5-4bdb-447b-a32e-385fa7caeba3,151,119,51dd2d45-6020-4f0e-b7a6-a039925f3405,ffe42279-f3bd-4683-a6a8-52c1bb9651f3,246dee45-3351-44d3-8a3a-ca414c46c168,2025-01-18 15:27:00,
0094185f-cba9-435d-a601-1efb6bee22e1,139,109,51dd2d45-6020-4f0e-b7a6-a039925f3405,ffe42279-f3bd-4683-a6a8-52c1bb9651f3,246dee45-3351-44d3-8a3a-ca414c46c168,2025-02-17 08:01:00,
994be198-305a-4a66-8d61-cafdaf4e7349,131,105,51dd2d45-6020-4f0e-b7a6-a039925f3405,ffe42279-f3bd-4683-a6a8-52c1bb9651f3,353297dd-2e3c-46c0-a49c-7fd69ac2c389,2025-03-15 15:11:00,
56401580-f9be-41bb-b9f8-876d9e6937aa,121,105,51dd2d45-6020-4f0e-b7a6-a039925f3405,ffe42279-f3bd-4683-a6a8-52c1bb9651f3,cd18ec08-f6a4-4724-926f-acd2aeb0daf2,2025-04-24 11:21:00,
8611d9d0-0cca-47c8-bfc8-c8e4657533ff,120,110,51dd2d45-6020-4f0e-b7a6-a039925f3405,ffe42279-f3bd-4683-a6a8-52c1bb9651f3,353297dd-2e3c-46c0-a49c-7fd69ac2c389,2025-05-20 10:50:00,
e7d745bc-a194-43a9-89b1-b29124cdf731,119,102,51dd2d45-6020-4f0e-b7a6-a039925f3405,ffe42279-f3bd-4683-a6a8-52c1bb9651f3,4519b91f-242d-4e4d-ae0c-da1f0c701874,2025-06-21 10:58:00,
8f788662-5ef4-4648-8ca5-c26cf9bc2667,195,98,764ffbc2-5171-4340-937d-4854eea8b0cf,552564e7-84a4-4534-acfd-938092f72643,0035c5bf-742a-4ff6-9e23-941764d58bb9,2025-09-25 15:32:00,
110a3cec-0bd6-4b74-900f-7509f4f586ed,180,97,764ffbc2-5171-4340-937d-4854eea8b0cf,552564e7-84a4-4534-acfd-938092f72643,19f2d2b9-737d-4029-8250-945229084df8,2025-10-23 10:24:00,
7bcd9f6f-6d0f-4cca-bbd2-abc16ca1aa5d,172,97,764ffbc2-5171-4340-937d-4854eea8b0cf,552564e7-84a4-4534-acfd-938092f72643,213c0975-3815-4ea4-ba67-23c54c2546da,2025-11-18 12:18:00,
49eb516c-c9f9-4352-a413-db2c65b20aed,177,94,764ffbc2-5171-4340-937d-4854eea8b0cf,552564e7-84a4-4534-acfd-938092f72643,0035c5bf-742a-4ff6-9e23-941764d58bb9,2026-01-05 10:29:00,
e5bc3e44-852d-4b05-b7ba-91435d237d3d,168,94,764ffbc2-5171-4340-937d-4854eea8b0cf,552564e7-84a4-4534-acfd-938092f72643,448fb26c-4d06-4d9f-a11d-a2745fb4d4c6,2026-02-05 10:55:00,
5ef5f792-3ee3-4446-816a-0dc31d26c006,167,92,764ffbc2-5171-4340-937d-4854eea8b0cf,552564e7-84a4-4534-acfd-938092f72643,0035c5bf-742a-4ff6-9e23-941764d58bb9,2026-03-03 12:19:00,
43ed647d-acf3-438a-9b96-b3fce4115b02,162,83,764ffbc2-5171-4340-937d-4854eea8b0cf,552564e7-84a4-4534-acfd-938092f72643,213c0975-3815-4ea4-ba67-23c54c2546da,2026-04-01 12:49:00,
3f6c93b7-b84a-49b6-a274-71bd93244d59,157,76,764ffbc2-5171-4340-937d-4854eea8b0cf,552564e7-84a4-4534-acfd-938092f72643,f3161305-31e6-47c0-8597-e00f4ddec847,2026-05-02 08:30:00,
9424a903-2a64-4711-9465-e4a851a9a5ad,137,69,764ffbc2-5171-4340-937d-4854eea8b0cf,552564e7-84a4-4534-acfd-938092f72643,19f2d2b9-737d-4029-8250-945229084df8,2026-05-30 15:33:00,
94b29e26-332e-461e-b018-fd25ee39734c,155,76,4a994b08-a94e-47db-9e8b-1d9ad1fab2d0,552564e7-84a4-4534-acfd-938092f72643,448fb26c-4d06-4d9f-a11d-a2745fb4d4c6,2026-02-16 11:32:00,
f4a0eaa4-c82c-421f-8eb5-d06aebf3ab03,162,73,4a994b08-a94e-47db-9e8b-1d9ad1fab2d0,552564e7-84a4-4534-acfd-938092f72643,f3161305-31e6-47c0-8597-e00f4ddec847,2026-04-19 09:35:00,
1427b774-1619-4c08-9af5-3d816a2152a6,161,77,4a994b08-a94e-47db-9e8b-1d9ad1fab2d0,552564e7-84a4-4534-acfd-938092f72643,448fb26c-4d06-4d9f-a11d-a2745fb4d4c6,2026-05-16 08:56:00,
418800f8-1e2d-4244-aeae-f62cfed3a678,152,76,4a994b08-a94e-47db-9e8b-1d9ad1fab2d0,552564e7-84a4-4534-acfd-938092f72643,19f2d2b9-737d-4029-8250-945229084df8,2026-06-19 09:06:00,
dfc83b5e-5368-4319-97f2-88da0c26a664,138,79,e7e74541-d4b4-4000-a6d2-dc6727622494,5f213a58-b179-42d7-9c05-e29474526e82,2db9a55b-d59a-4a30-a4c8-bf7ae0a1e014,2024-10-23 12:24:00,
34528705-899f-46fb-8c9c-1159c6358791,130,82,e7e74541-d4b4-4000-a6d2-dc6727622494,5f213a58-b179-42d7-9c05-e29474526e82,8e0d0bd7-32bc-44e0-8bb3-7f4f4b13cf78,2024-11-18 13:50:00,
a5a12933-2499-42a3-bd1a-e21cd6dbdf65,126,87,e7e74541-d4b4-4000-a6d2-dc6727622494,5f213a58-b179-42d7-9c05-e29474526e82,2db9a55b-d59a-4a30-a4c8-bf7ae0a1e014,2025-02-23 13:06:00,
08f38133-3e81-4bba-85c1-a97bc42e07ce,129,89,e7e74541-d4b4-4000-a6d2-dc6727622494,5f213a58-b179-42d7-9c05-e29474526e82,8e0d0bd7-32bc-44e0-8bb3-7f4f4b13cf78,2025-05-10 09:02:00,
1f00e300-7fb3-4680-acfc-bde4bb2a458a,126,91,e7e74541-d4b4-4000-a6d2-dc6727622494,5f213a58-b179-42d7-9c05-e29474526e82,b302ab11-03e4-4bae-be36-6ec2662f7fc9,2025-08-02 10:22:00,
0ff34596-b853-4231-b9a7-c79b0bdf8f2f,124,82,e7e74541-d4b4-4000-a6d2-dc6727622494,5f213a58-b179-42d7-9c05-e29474526e82,2db9a55b-d59a-4a30-a4c8-bf7ae0a1e014,2025-12-10 13:42:00,
d3add9f2-8844-4084-90c9-2c6ba5294dfe,109,83,e7e74541-d4b4-4000-a6d2-dc6727622494,5f213a58-b179-42d7-9c05-e29474526e82,2db9a55b-d59a-4a30-a4c8-bf7ae0a1e014,2026-02-25 15:43:00,
498b29dc-f7c2-48fa-ab21-18e022e991af,118,84,e7e74541-d4b4-4000-a6d2-dc6727622494,5f213a58-b179-42d7-9c05-e29474526e82,8e0d0bd7-32bc-44e0-8bb3-7f4f4b13cf78,2026-05-21 13:09:00,
16689980-39d4-45f2-92b3-182b7f8b291c,122,95,e7e74541-d4b4-4000-a6d2-dc6727622494,5f213a58-b179-42d7-9c05-e29474526e82,2db9a55b-d59a-4a30-a4c8-bf7ae0a1e014,2026-08-20 12:46:00,
ebcc464f-c92e-4baa-a930-abe32f5bc55c,136,100,e7e74541-d4b4-4000-a6d2-dc6727622494,5f213a58-b179-42d7-9c05-e29474526e82,b302ab11-03e4-4bae-be36-6ec2662f7fc9,2026-09-20 11:49:00,
b88f784e-259e-4b59-8b72-2b04e2b2004f,218,100,4fc4e62b-d989-40c0-9b3c-70aa1b6f477c,906096d6-f0f6-4da5-9c19-dc403afb4bb8,b0715258-4719-4ce5-8a85-03ccda2c376c,2026-02-16 09:16:00,
