id,patient_id,appointment_id,user_id,communication_type,direction,body,language,delivery_status,device_created_at
d8bcaf5b-ea5b-4780-a8d3-998fb4c3bb13,f8e2b62d-d157-4b50-a89b-d3a16a6e8a15,9bacc0f8-c3f5-4de1-8463-50c622b45528,,appointment_reminder,outbound,Reminder: your BP check at Abeokuta South Comprehensive HC is tomorrow. Reply 1 to confirm or 2 to change the day.,en,delivered,2026-03-23 09:55:00
da7785f9-8f40-4ece-9e44-91b16845e499,f8e2b62d-d157-4b50-a89b-d3a16a6e8a15,a42fc4b2-4648-4530-b3a9-49ec4d577a64,,appointment_reminder,outbound,Reminder: your BP check at Abeokuta South Comprehensive HC is tomorrow. Reply 1 to confirm or 2 to change the day.,en,delivered,2026-04-07 09:58:00
42aac83b-56fb-4ad9-a42b-ed36030d0e9b,f8e2b62d-d157-4b50-a89b-d3a16a6e8a15,d99c5a71-b8fc-46b7-8171-9335c3d4b475,,appointment_reminder,outbound,Reminder: your BP check at Abeokuta South Comprehensive HC is tomorrow. Reply 1 to confirm or 2 to change the day.,en,delivered,2026-05-08 09:59:00
21815ca1-cedb-4164-bfb0-c706cb50f220,f8e2b62d-d157-4b50-a89b-d3a16a6e8a15,d99c5a71-b8fc-46b7-8171-9335c3d4b475,,sms,inbound,"To, zan zo",ha,delivered,2026-05-08 14:28:00
caef1dc6-17b9-4dd7-bc7d-909c2657658e,f8e2b62d-d157-4b50-a89b-d3a16a6e8a15,ea7b3458-72fd-42c8-9b33-38ca6e125340,,appointment_reminder,outbound,Reminder: your BP check at Abeokuta South Comprehensive HC is tomorrow. Reply 1 to confirm or 2 to change the day.,en,delivered,2026-06-08 09:32:00
7ab37e19-e824-4c1e-a5ee-6aa502413a5c,f8e2b62d-d157-4b50-a89b-d3a16a6e8a15,5f3e11f5-0c7a-4346-9343-43f43e12c937,,appointment_reminder,outbound,Reminder: your BP check at Abeokuta South Comprehensive HC is tomorrow. Reply 1 to confirm or 2 to change the day.,en,delivered,2026-07-05 09:56:00
bf52ce17-7654-45cc-988e-dcc0b617c8c0,f8e2b62d-d157-4b50-a89b-d3a16a6e8a15,35225ae8-ca00-40e2-a100-c32315871051,,appointment_reminder,outbound,Reminder: your BP check at Abeokuta South Comprehensive HC is tomorrow. Reply 1 to confirm or 2 to change the day.,en,failed,2026-07-31 09:16:00
25d30c76-87a4-41ea-a3c4-7e08663799ab,f8e2b62d-d157-4b50-a89b-d3a16a6e8a15,a0664777-4a66-4cf5-b724-93171857e9af,,appointment_reminder,outbound,Reminder: your BP check at Abeokuta South Comprehensive HC is tomorrow. Reply 1 to confirm or 2 to change the day.,en,delivered,2026-08-26 10:48:00
1af9ea29-b7ab-4c3e-baf0-e6f666d93668,f8e2b62d-d157-4b50-a89b-d3a16a6e8a15,a0664777-4a66-4cf5-b724-93171857e9af,,sms,inbound,mo ma wa,yo,delivered,2026-08-26 17:16:00
23264ebe-150c-4b7f-ad06-db2ed6307609,40151ba6-8b25-4cab-8d09-d7fb89a5581c,b09ca5e9-0faa-4a47-8d37-e183aba7b6b6,,appointment_reminder,outbound,Reminder: your BP check at Agege Primary Health Centre is tomorrow. Reply 1 to confirm or 2 to change the day.,en,delivered,2026-05-30 10:22:00
d6803a0d-7498-4b2a-b928-8aec834f972c,40151ba6-8b25-4cab-8d09-d7fb89a5581c,b09ca5e9-0faa-4a47-8d37-e183aba7b6b6,,sms,inbound,"I no fit come tomorrow, abeg shift am",pcm,delivered,2026-05-30 17:01:00
60c7277a-931e-494b-b138-289d24a5efea,40151ba6-8b25-4cab-8d09-d7fb89a5581c,863b67ea-268c-425b-8cfd-e54cc8b2e4f1,,appointment_reminder,outbound,Reminder: your BP check at Agege Primary Health Centre is tomorrow. Reply 1 to confirm or 2 to change the day.,en,delivered,2026-06-30 10:38:00
38607bac-7597-409d-92e4-226037d9dd09,40151ba6-8b25-4cab-8d09-d7fb89a5581c,6b347e37-df8f-48fc-9e24-7452917f3bfa,,appointment_reminder,outbound,Reminder: your BP check at Agege Primary Health Centre is tomorrow. Reply 1 to confirm or 2 to change the day.,en,delivered,2026-07-26 10:58:00
27a1afde-c7cc-4728-902f-a51a4b6a6906,40151ba6-8b25-4cab-8d09-d7fb89a5581c,2f53c7f8-adb8-4f6b-9b42-4e07f3020679,,appointment_reminder,outbound,Reminder: your BP check at Agege Primary Health Centre is tomorrow. Reply 1 to confirm or 2 to change the day.,en,delivered,2026-08-16 10:47:00
da5a0fb2-19cc-4600-8c75-1fd0a9a98b29,40151ba6-8b25-4cab-8d09-d7fb89a5581c,019860ea-9243-4066-a6a8-41282de6d24a,,appointment_reminder,outbound,Reminder: your BP check at Agege Primary Health Centre is tomorrow. Reply 1 to confirm or 2 to change the day.,en,failed,2026-09-11 09:33:00
6601ba21-c864-4899-ae9e-e5a95c2eb47f,8734546b-8938-4c93-840a-3d2ac330f09f,ba07237c-9489-466b-b6bc-ac7823d3d52f,,appointment_reminder,outbound,Reminder: your BP check at Sagamu Model PHC is tomorrow. Reply 1 to confirm or 2 to change the day.,en,delivered,2026-05-03 09:32:00
737283e8-f028-4692-bdba-5f2d1e90b86d,8734546b-8938-4c93-840a-3d2ac330f09f,bd8028e0-8bb7-4b93-bc0a-cf6ffae5d5c9,,appointment_reminder,outbound,Reminder: your BP check at Sagamu Model PHC is tomorrow. Reply 1 to confirm or 2 to change the day.,en,delivered,2026-06-03 10:59:00
5fe853d4-2bdf-4ab9-83ec-b3259406dd7b,8734546b-8938-4c93-840a-3d2ac330f09f,574adc34-b9e0-4214-afb3-346f0bdd4d97,,appointment_reminder,outbound,Reminder: your BP check at Sagamu Model PHC is tomorrow. Reply 1 to confirm or 2 to change the day.,en,delivered,2026-07-01 09:55:00
3f90135c-18c8-4133-a5f4-bbddf2501ee1,8734546b-8938-4c93-840a-3d2ac330f09f,574adc34-b9e0-4214-afb3-346f0bdd4d97,,sms,inbound,Alright see you tomorrow,en,delivered,2026-07-01 19:04:00
3875595e-f5be-4285-a2c8-e5e7ca005782,8734546b-8938-4c93-840a-3d2ac330f09f,a95988fe-2c61-4b39-8063-ee321585a329,,appointment_reminder,outbound,Reminder: your BP check at Sagamu Model PHC is tomorrow. Reply 1 to confirm or 2 to change the day.,en,delivered,2026-08-02 09:49:00
53e5858d-64c0-4680-b7a9-ad3ec225a109,8734546b-8938-4c93-840a-3d2ac330f09f,a95988fe-2c61-4b39-8063-ee321585a329,,sms,inbound,Nomba yi ko tọ,yo,delivered,2026-08-02 11:12:00
c7d196e6-d3cb-4ad3-8af5-c3d76b7721ef,7e19ac49-86e7-48e2-b27c-573379b12bf3,8c016798-75f8-47d3-918f-4a8be8c51690,,appointment_reminder,outbound,Reminder: your BP check at Agege Primary Health Centre is tomorrow. Reply 1 to confirm or 2 to change the day.,en,sent,2026-07-25 10:58:00
5199bb64-9df3-4dfe-a558-528f2c82daf4,7e19ac49-86e7-48e2-b27c-573379b12bf3,8c016798-75f8-47d3-918f-4a8be8c51690,,sms,inbound,"Ina jin ciwon kai, magani ya kare",ha,delivered,2026-07-25 17:46:00
55f83aae-d909-4f25-9473-9dfc1ba4cf02,7e19ac49-86e7-48e2-b27c-573379b12bf3,8c016798-75f8-47d3-918f-4a8be8c51690,,missed_visit_sms_reminder,outbound,You missed your BP visit at Agege Primary Health Centre. Please come this week. Reply 2 if you need another day.,en,delivered,2026-07-29 10:51:00
eb12985e-6826-4a5a-85d1-ef74801928ad,7e19ac49-86e7-48e2-b27c-573379b12bf3,bd5fecd7-d91f-490e-b6de-ee63923fd539,,appointment_reminder,outbound,Reminder: your BP check at Agege Primary Health Centre is tomorrow. Reply 1 to confirm or 2 to change the day.,en,delivered,2026-09-07 10:58:00
ccaa230a-a2dc-4d04-a31c-0d13e21e9cdd,42a76c5d-df8f-4d62-a78e-86c094370f18,79330679-39e0-4998-9441-86936bc51cde,,appointment_reminder,outbound,Reminder: your BP check at Abeokuta South Comprehensive HC is tomorrow. Reply 1 to confirm or 2 to change the day.,en,failed,2026-02-18 09:33:00
6345419f-2314-419f-b463-d9ff877b4f92,42a76c5d-df8f-4d62-a78e-86c094370f18,4062f013-d050-4cf0-85c1-746dd89ec33b,,appointment_reminder,outbound,Reminder: your BP check at Abeokuta South Comprehensive HC is tomorrow. Reply 1 to confirm or 2 to change the day.,en,delivered,2026-03-16 09:31:00
887d6d9c-e225-44c0-887b-53407495ca75,42a76c5d-df8f-4d62-a78e-86c094370f18,2c9dd113-3a35-4605-bf27-50db65083562,,appointment_reminder,outbound,Reminder: your BP check at Abeokuta South Comprehensive HC is tomorrow. Reply 1 to confirm or 2 to change the day.,en,failed,2026-04-10 09:29:00
75eae584-1eb0-43d2-871c-e53cd4bc855b,42a76c5d-df8f-4d62-a78e-86c094370f18,398ccdff-81da-4ff3-8344-6719cbf916d3,,appointment_reminder,outbound,Reminder: your BP check at Abeokuta South Comprehensive HC is tomorrow. Reply 1 to confirm or 2 to change the day.,en,delivered,2026-06-04 09:58:00
e5c12d82-34d4-447b-8427-c22635829d2f,42a76c5d-df8f-4d62-a78e-86c094370f18,414f766c-69db-4a17-99d3-3f34f7ab7c8a,,appointment_reminder,outbound,Reminder: your BP check at Abeokuta South Comprehensive HC is tomorrow. Reply 1 to confirm or 2 to change the day.,en,delivered,2026-07-02 09:39:00
781589e2-b4c2-4452-b9e1-d0aff7ff0bad,42a76c5d-df8f-4d62-a78e-86c094370f18,414f766c-69db-4a17-99d3-3f34f7ab7c8a,,sms,inbound,"I can't come on that day, can I come next week",en,delivered,2026-07-02 17:49:00
1a68fbc1-a264-46f5-ba80-d61f4157d53a,42a76c5d-df8f-4d62-a78e-86c094370f18,414f766c-69db-4a17-99d3-3f34f7ab7c8a,,missed_visit_sms_reminder,outbound,You missed your BP visit at Abeokuta South Comprehensive HC. Please come this week. Reply 2 if you need another day.,en,delivered,2026-07-06 10:13:00
383aca3c-25cb-47f3-94cf-e03580882eaf,42a76c5d-df8f-4d62-a78e-86c094370f18,414f766c-69db-4a17-99d3-3f34f7ab7c8a,,voip_call,outbound,,,completed,2026-07-10 13:58:00
7066c9df-4d4f-4323-9ed2-3b0d7edc1769,acb8809a-aa43-402f-ae77-2ec42e893228,8cf3a48a-3cee-4397-9eeb-736bc7be7817,,appointment_reminder,outbound,Reminder: your BP check at Ikorodu General Hospital is tomorrow. Reply 1 to confirm or 2 to change the day.,en,delivered,2025-08-15 09:56:00
7d9906e8-4889-43ca-ac6e-0bec8419350d,acb8809a-aa43-402f-ae77-2ec42e893228,8cf3a48a-3cee-4397-9eeb-736bc7be7817,,missed_visit_sms_reminder,outbound,You missed your BP visit at Ikorodu General Hospital. Please come this week. Reply 2 if you need another day.,en,delivered,2025-08-19 09:29:00
aac9a572-7f16-4610-b49a-fede89d553ae,acb8809a-aa43-402f-ae77-2ec42e893228,8cf3a48a-3cee-4397-9eeb-736bc7be7817,,voip_call,outbound,,,completed,2025-09-04 13:49:00
21204e33-81cf-47e7-931b-48a346fae458,2e84608e-e4f9-4ab3-abed-c1abf90db40e,a4c91e2e-b4be-4d33-b05c-e8c0e1128e17,,appointment_reminder,outbound,Reminder: your BP check at Sagamu Model PHC is tomorrow. Reply 1 to confirm or 2 to change the day.,en,delivered,2026-08-12 09:43:00
c2fbbac2-3e46-4ea4-b6f2-d5572d25b6aa,2e84608e-e4f9-4ab3-abed-c1abf90db40e,7ddbad26-67c3-44be-9b49-af8d796db197,,appointment_reminder,outbound,Reminder: your BP check at Sagamu Model PHC is tomorrow. Reply 1 to confirm or 2 to change the day.,en,sent,2026-08-25 10:38:00
641bcb12-00c0-42fc-be3e-c126ba16bfc9,2e84608e-e4f9-4ab3-abed-c1abf90db40e,7ddbad26-67c3-44be-9b49-af8d796db197,,sms,inbound,"i no fit come tomorrow, abeg shift am",pcm,delivered,2026-08-25 10:57:00
bfcd1262-48cf-4270-bd59-de2307e16d6a,2e84608e-e4f9-4ab3-abed-c1abf90db40e,fcf73c20-a581-4329-8c7f-1c7766c695df,,appointment_reminder,outbound,Reminder: your BP check at Sagamu Model PHC is tomorrow. Reply 1 to confirm or 2 to change the day.,en,delivered,2026-09-21 09:47:00
f6e729ec-3a28-422f-b530-6c69ac514f17,e2ff2609-ca76-4592-825a-371a551da2ef,0362b1af-4346-405f-ab26-88dd909ad185,,appointment_reminder,outbound,Reminder: your BP check at Ikorodu General Hospital is tomorrow. Reply 1 to confirm or 2 to change the day.,en,delivered,2025-08-11 09:58:00
4a0cd70e-6b20-4ee6-93d7-7d3c3404d717,e2ff2609-ca76-4592-825a-371a551da2ef,a1d67059-4b66-463a-abb9-780dc90c2978,,appointment_reminder,outbound,Reminder: your BP check at Ikorodu General Hospital is tomorrow. Reply 1 to confirm or 2 to change the day.,en,failed,2025-09-11 09:10:00
31b8b8a6-b5b8-459d-adac-02c47b912366,e2ff2609-ca76-4592-825a-371a551da2ef,a1d67059-4b66-463a-abb9-780dc90c2978,,missed_visit_sms_reminder,outbound,You missed your BP visit at Ikorodu General Hospital. Please come this week. Reply 2 if you need another day.,en,delivered,2025-09-15 09:12:00
5881e3a0-9440-45c5-bbac-1b52ac43986c,e2ff2609-ca76-4592-825a-371a551da2ef,baaef2c5-3d3d-4ac3-b3a0-d4b8a2977e18,,appointment_reminder,outbound,Reminder: your BP check at Ikorodu General Hospital is tomorrow. Reply 1 to confirm or 2 to change the day.,en,delivered,2026-04-12 09:50:00
a38fdce0-c965-49ee-afbd-5f7ca30e25c8,e2ff2609-ca76-4592-825a-371a551da2ef,baaef2c5-3d3d-4ac3-b3a0-d4b8a2977e18,,sms,inbound,My head is paining me and my BP is high,en,delivered,2026-04-12 19:26:00
a0a9f3f8-8387-45b8-8cde-e5fe58702e11,e2ff2609-ca76-4592-825a-371a551da2ef,baaef2c5-3d3d-4ac3-b3a0-d4b8a2977e18,,missed_visit_sms_reminder,outbound,You missed your BP visit at Ikorodu General Hospital. Please come this week. Reply 2 if you need another day.,en,delivered,2026-04-16 09:32:00
f2118704-6d9d-4480-90f3-20288d351174,e2ff2609-ca76-4592-825a-371a551da2ef,baaef2c5-3d3d-4ac3-b3a0-d4b8a2977e18,,voip_call,outbound,,,no_answer,2026-04-28 12:39:00
32561593-3678-42f6-b483-c42de49cdb3e,01657312-8bf4-4cc7-8f53-c6792975e758,aa84bbd2-e94d-46f0-a936-e48e1a2c8786,,appointment_reminder,outbound,Reminder: your BP check at Ijebu Ode Primary Health Centre is tomorrow. Reply 1 to confirm or 2 to change the day.,en,delivered,2026-03-29 09:28:00
cf967815-9ee5-405d-a626-c8074c11167a,01657312-8bf4-4cc7-8f53-c6792975e758,32b67c82-c2d7-459b-97e6-a38da9151ce1,,appointment_reminder,outbound,Reminder: your BP check at Ijebu Ode Primary Health Centre is tomorrow. Reply 1 to confirm or 2 to change the day.,en,delivered,2026-04-29 10:26:00
22b5b098-b09c-4250-a8fb-8d742f91b036,01657312-8bf4-4cc7-8f53-c6792975e758,32b67c82-c2d7-459b-97e6-a38da9151ce1,,missed_visit_sms_reminder,outbound,You missed your BP visit at Ijebu Ode Primary Health Centre. Please come this week. Reply 2 if you need another day.,en,delivered,2026-05-03 09:17:00
4c1ab4a8-e90f-4d18-bb35-a40db29764f5,01657312-8bf4-4cc7-8f53-c6792975e758,32b67c82-c2d7-459b-97e6-a38da9151ce1,,voip_call,outbound,,,completed,2026-05-05 16:47:00
2516ae9f-2c61-45fd-a2d7-97afa2701124,01657312-8bf4-4cc7-8f53-c6792975e758,f0705238-a417-4558-a50a-473ef49708ac,,appointment_reminder,outbound,Reminder: your BP check at Ijebu Ode Primary Health Centre is tomorrow. Reply 1 to confirm or 2 to change the day.,en,delivered,2026-08-06 09:29:00
de5a029a-9afc-4213-b94b-3c016cf67cf2,01657312-8bf4-4cc7-8f53-c6792975e758,f0705238-a417-4558-a50a-473ef49708ac,,missed_visit_sms_reminder,outbound,You missed your BP visit at Ijebu Ode Primary Health Centre. Please come this week. Reply 2 if you need another day.,en,delivered,2026-08-10 09:57:00
01af2529-d253-40f2-8c48-3996c0a3eb35,01657312-8bf4-4cc7-8f53-c6792975e758,f0705238-a417-4558-a50a-473ef49708ac,,voip_call,outbound,,,completed,2026-08-18 13:22:00
891b7cf5-2da4-4041-96be-70bca45c0b4e,c03a1c33-8887-4ace-ae15-f38502732f65,2e4b4e0c-d5ba-4d35-bb4a-926f9edf27c6,,appointment_reminder,outbound,Reminder: your BP check at Sagamu Model PHC is tomorrow. Reply 1 to confirm or 2 to change the day.,en,delivered,2025-11-20 10:53:00
c04c966b-6dc9-4d69-ba50-26282597a84f,c03a1c33-8887-4ace-ae15-f38502732f65,44e8662d-790b-449a-ad87-b7baff2321b8,,appointment_reminder,outbound,Reminder: your BP check at Sagamu Model PHC is tomorrow. Reply 1 to confirm or 2 to change the day.,en,delivered,2026-01-12 10:44:00
c4eccde1-7c44-4680-8e5a-1a8a622fb173,c03a1c33-8887-4ace-ae15-f38502732f65,44e8662d-790b-449a-ad87-b7baff2321b8,,missed_visit_sms_reminder,outbound,You missed your BP visit at Sagamu Model PHC. Please come this week. Reply 2 if you need another day.,en,delivered,2026-01-16 10:11:00
ade79c8f-f5aa-4b4b-a6e1-f8379d073ba8,c03a1c33-8887-4ace-ae15-f38502732f65,44e8662d-790b-449a-ad87-b7baff2321b8,,voip_call,outbound,,,completed,2026-01-31 16:36:00
53f91bb0-e0eb-4864-bbad-02a6f093e928,c03a1c33-8887-4ace-ae15-f38502732f65,11c9ce6a-f0eb-4e0e-ade4-fb6a555464c8,,appointment_reminder,outbound,Reminder: your BP check at Sagamu Model PHC is tomorrow. Reply 1 to confirm or 2 to change the day.,en,delivered,2026-05-19 10:22:00
bc148824-e7c7-4334-ba79-db70974eb955,c03a1c33-8887-4ace-ae15-f38502732f65,11c9ce6a-f0eb-4e0e-ade4-fb6a555464c8,,sms,inbound,Thanks be to God,en,delivered,2026-05-19 10:54:00
1dd7b147-d36e-4e44-90f7-5f38c40d233c,c03a1c33-8887-4ace-ae15-f38502732f65,4cc55bcd-c9bf-4339-ba45-6a062a0f32d9,,appointment_reminder,outbound,Reminder: your BP check at Sagamu Model PHC is tomorrow. Reply 1 to confirm or 2 to change the day.,en,delivered,2026-06-17 10:25:00
2596d551-e8ce-4a8a-bda8-89288f1e245a,c03a1c33-8887-4ace-ae15-f38502732f65,4cc55bcd-c9bf-4339-ba45-6a062a0f32d9,,sms,inbound,Abeg,pcm,delivered,2026-06-17 17:47:00
bf856c6d-cbfb-4f2a-af89-d8f35bc19a5b,c03a1c33-8887-4ace-ae15-f38502732f65,a8d33618-3ceb-4b29-beab-5c8f3bd52b66,,appointment_reminder,outbound,Reminder: your BP check at Sagamu Model PHC is tomorrow. Reply 1 to confirm or 2 to change the day.,en,delivered,2026-07-17 09:37:00
96117be5-452b-48fb-abd5-fd7acdde426a,c03a1c33-8887-4ace-ae15-f38502732f65,a8d33618-3ceb-4b29-beab-5c8f3bd52b66,,sms,inbound,"No wahala, I go show",pcm,delivered,2026-07-17 09:53:00
d7b8406e-f770-4b35-b1ac-0dd749582ee4,c03a1c33-8887-4ace-ae15-f38502732f65,985115f7-d88a-4d6b-b9e9-38ab2ee76c76,,appointment_reminder,outbound,Reminder: your BP check at Sagamu Model PHC is tomorrow. Reply 1 to confirm or 2 to change the day.,en,delivered,2026-08-17 10:40:00
5e7a5531-ac87-4656-b3fc-416587ab8db4,c03a1c33-8887-4ace-ae15-f38502732f65,2654dd67-84d0-47bc-a649-c34819381c2e,,appointment_reminder,outbound,Reminder: your BP check at Sagamu Model PHC is tomorrow. Reply 1 to confirm or 2 to change the day.,en,delivered,2026-09-17 10:22:00
17f097d0-bf0e-410c-8041-22eb61f00a49,c03a1c33-8887-4ace-ae15-f38502732f65,2654dd67-84d0-47bc-a649-c34819381c2e,,missed_visit_sms_reminder,outbound,You missed your BP visit at Sagamu Model PHC. Please come this week. Reply 2 if you need another day.,en,delivered,2026-09-21 10:07:00
62118bbc-7fa9-4d8c-8305-045d9653aee2,1a8ad177-d8dc-4f83-a934-a46291fb0613,b5be70bd-a39c-4944-a5f3-6796a8d4fbe3,,voip_call,outbound,,,completed,2026-03-14 09:19:00
b45f7c54-219b-4828-b078-4bbc0042da01,84cd67b3-29f4-448d-b1d1-35b5514cd7b9,27eccc6b-57d1-4afc-8fb7-b0db8b069afe,,appointment_reminder,outbound,Reminder: your BP check at Ikorodu General Hospital is tomorrow. Reply 1 to confirm or 2 to change the day.,en,delivered,2025-12-08 10:41:00
4a0bb0eb-9c44-4a10-8126-d86b7219630c,84cd67b3-29f4-448d-b1d1-35b5514cd7b9,c08d6115-3082-42eb-98b5-b5ee30e5938d,,appointment_reminder,outbound,Reminder: your BP check at Ikorodu General Hospital is tomorrow. Reply 1 to confirm or 2 to change the day.,en,delivered,2026-01-07 10:44:00
8a3a0261-108e-4919-8fc7-24ea66aacb20,84cd67b3-29f4-448d-b1d1-35b5514cd7b9,c08d6115-3082-42eb-98b5-b5ee30e5938d,,missed_visit_sms_reminder,outbound,You missed your BP visit at Ikorodu General Hospital. Please come this week. Reply 2 if you need another day.,en,delivered,2026-01-11 10:33:00
1eefe55c-0aa7-462e-84b6-5b2e5b559e5e,84cd67b3-29f4-448d-b1d1-35b5514cd7b9,c08d6115-3082-42eb-98b5-b5ee30e5938d,,voip_call,outbound,,,completed,2026-01-24 09:15:00
0b0a8bcd-80a9-4bb1-9271-d4955b469da4,84cd67b3-29f4-448d-b1d1-35b5514cd7b9,c0a7828a-0c91-4017-85cd-391e9094b391,,appointment_reminder,outbound,Reminder: your BP check at Ikorodu General Hospital is tomorrow. Reply 1 to confirm or 2 to change the day.,en,delivered,2026-02-24 10:30:00
c52ac9b1-d77b-47d1-8a0a-3eca5271c901,84cd67b3-29f4-448d-b1d1-35b5514cd7b9,c0a7828a-0c91-4017-85cd-391e9094b391,,missed_visit_sms_reminder,outbound,You missed your BP visit at Ikorodu General Hospital. Please come this week. Reply 2 if you need another day.,en,delivered,2026-02-28 10:52:00
92796175-857c-432a-bb98-f8ef100480e4,84cd67b3-29f4-448d-b1d1-35b5514cd7b9,c0a7828a-0c91-4017-85cd-391e9094b391,,voip_call,outbound,,,completed,2026-03-10 15:58:00
9d00d339-82c8-412e-aa20-9d8115367bdc,bf635f97-5584-4f94-a13a-d6431a9c7cca,c7ecae8e-9845-4316-a207-6e15c12a2e69,,appointment_reminder,outbound,Reminder: your BP check at Ijebu Ode Primary Health Centre is tomorrow. Reply 1 to confirm or 2 to change the day.,en,delivered,2025-10-26 09:02:00
ff6adeb9-988e-47e6-9b97-37e5fda1993a,bf635f97-5584-4f94-a13a-d6431a9c7cca,c7ecae8e-9845-4316-a207-6e15c12a2e69,,sms,inbound,ojo wo ni ki n wa?,yo,delivered,2025-10-26 10:04:00
b1b24270-bf9a-46ee-9a07-30ec86b143d9,bf635f97-5584-4f94-a13a-d6431a9c7cca,c7ecae8e-9845-4316-a207-6e15c12a2e69,,missed_visit_sms_reminder,outbound,You missed your BP visit at Ijebu Ode Primary Health Centre. Please come this week. Reply 2 if you need another day.,en,delivered,2025-10-30 09:51:00
a7fab033-79f8-4773-a6e0-97ceb2dd20b9,bf635f97-5584-4f94-a13a-d6431a9c7cca,de5f1982-89a7-4619-9227-fe2a03b5f806,,appointment_reminder,outbound,Reminder: your BP check at Ijebu Ode Primary Health Centre is tomorrow. Reply 1 to confirm or 2 to change the day.,en,failed,2026-04-07 10:38:00
2cb04dd1-63ec-48ce-8fa6-531eedb842a4,bf635f97-5584-4f94-a13a-d6431a9c7cca,a3cb2e5a-4ad9-493e-8442-ce3b17fd3c04,,appointment_reminder,outbound,Reminder: your BP check at Ijebu Ode Primary Health Centre is tomorrow. Reply 1 to confirm or 2 to change the day.,en,delivered,2026-05-06 09:44:00
b7b0e761-4315-42bf-9db0-9f027a5ac2cd,bf635f97-5584-4f94-a13a-d6431a9c7cca,a3cb2e5a-4ad9-493e-8442-ce3b17fd3c04,,sms,inbound,can i stop the tablets? i feel fine now,en,delivered,2026-05-06 14:07:00
fb9f9977-cbae-490d-8df5-98a98dba42f3,bf635f97-5584-4f94-a13a-d6431a9c7cca,6d4e45a3-9712-4c9d-917a-289c4215285d,,appointment_reminder,outbound,Reminder: your BP check at Ijebu Ode Primary Health Centre is tomorrow. Reply 1 to confirm or 2 to change the day.,en,delivered,2026-06-04 10:04:00
9c4fc870-387a-4d30-a26a-0537a3bcd789,bf635f97-5584-4f94-a13a-d6431a9c7cca,6d4e45a3-9712-4c9d-917a-289c4215285d,,missed_visit_sms_reminder,outbound,You missed your BP visit at Ijebu Ode Primary Health Centre. Please come this week. Reply 2 if you need another day.,en,delivered,2026-06-08 09:49:00
55861984-f421-4c35-a0d9-31f3b5efa477,bf635f97-5584-4f94-a13a-d6431a9c7cca,6d4e45a3-9712-4c9d-917a-289c4215285d,,voip_call,outbound,,,completed,2026-06-14 10:24:00
0e6321b2-f3dd-435c-b172-9b026be41002,bf635f97-5584-4f94-a13a-d6431a9c7cca,e5aa6da2-a160-4c94-b481-2032c78555c7,,appointment_reminder,outbound,Reminder: your BP check at Ijebu Ode Primary Health Centre is tomorrow. Reply 1 to confirm or 2 to change the day.,en,delivered,2026-08-12 09:37:00
da1bdd73-ae48-4cc6-b967-e5d86170534e,bf635f97-5584-4f94-a13a-d6431a9c7cca,440ff44d-a7cb-415d-9f92-954b20d702f9,,appointment_reminder,outbound,Reminder: your BP check at Ijebu Ode Primary Health Centre is tomorrow. Reply 1 to confirm or 2 to change the day.,en,delivered,2026-09-05 09:47:00
58c6ba7d-3ff7-483b-b991-8387aae5344d,bf635f97-5584-4f94-a13a-d6431a9c7cca,440ff44d-a7cb-415d-9f92-954b20d702f9,,sms,inbound,"ba zan iya zuwa gobe ba, mako mai zuwa",ha,delivered,2026-09-05 14:36:00
da31be7f-335f-4ff0-8b02-25da87d9f278,bc1e8227-bc39-4162-8c20-ea8c82a2a2d1,50dadd1a-3956-4be5-9bfc-f12f9a4d0a58,,appointment_reminder,outbound,Reminder: your BP check at Ikorodu General Hospital is tomorrow. Reply 1 to confirm or 2 to change the day.,en,delivered,2026-05-12 09:16:00
26617086-5ccc-4e2d-b4a8-186878eb4d11,bc1e8227-bc39-4162-8c20-ea8c82a2a2d1,50dadd1a-3956-4be5-9bfc-f12f9a4d0a58,,sms,inbound,Please change my appointment to Friday,en,delivered,2026-05-12 14:36:00
12d836bc-2c96-4b0b-a084-c3094f66e78c,bc1e8227-bc39-4162-8c20-ea8c82a2a2d1,64e17ac4-54d7-4119-82c1-88eb4c98dfd0,,appointment_reminder,outbound,Reminder: your BP check at Ikorodu General Hospital is tomorrow. Reply 1 to confirm or 2 to change the day.,en,delivered,2026-05-28 09:34:00
311e2e67-3e36-4ff0-8370-83061f340afe,bc1e8227-bc39-4162-8c20-ea8c82a2a2d1,752b0dbd-a763-440d-955e-97fd2ebc9774,,appointment_reminder,outbound,Reminder: your BP check at Ikorodu General Hospital is tomorrow. Reply 1 to confirm or 2 to change the day.,en,delivered,2026-06-24 10:42:00
6ab90fe0-2b3c-4908-a65f-471d9003000f,bc1e8227-bc39-4162-8c20-ea8c82a2a2d1,752b0dbd-a763-440d-955e-97fd2ebc9774,,sms,inbound,thanks be to god,en,delivered,2026-06-24 16:47:00
1741af46-80a0-45af-827c-865645b67a50,bc1e8227-bc39-4162-8c20-ea8c82a2a2d1,752b0dbd-a763-440d-955e-97fd2ebc9774,,missed_visit_sms_reminder,outbound,You missed your BP visit at Ikorodu General Hospital. Please come this week. Reply 2 if you need another day.,en,delivered,2026-06-28 10:22:00
4d7b1c0b-8d3d-4834-8e24-88aec014f432,bc1e8227-bc39-4162-8c20-ea8c82a2a2d1,752b0dbd-a763-440d-955e-97fd2ebc9774,,sms,inbound,alright see you tomorrow,en,delivered,2026-06-28 16:13:00
46475b41-aba5-4bf9-93c7-c539ddbb9de1,b6b17bb1-5d9c-460f-80de-7bfcd2ce922c,f4b462c4-ce93-4285-b90c-b1e4c86a570e,,voip_call,outbound,,,completed,2026-04-24 10:40:00
91d38e01-a80a-4207-a1fe-beba840e7c14,b6b17bb1-5d9c-460f-80de-7bfcd2ce922c,a8526bf8-b3ed-4c6e-becf-ab147de8b446,,voip_call,outbound,,,completed,2026-09-13 16:41:00
88ac65cf-3eb9-4b44-984d-1b99e47c2056,197031ba-dfca-4f61-af32-cb30dc877e7b,d2d1a835-c1a9-4ed1-9db0-34ecee70b7e5,,appointment_reminder,outbound,Reminder: your BP check at Ikorodu General Hospital is tomorrow. Reply 1 to confirm or 2 to change the day.,en,delivered,2024-11-28 10:12:00
308a3040-724e-4749-94f1-6a0321bf50d7,197031ba-dfca-4f61-af32-cb30dc877e7b,d2d1a835-c1a9-4ed1-9db0-34ecee70b7e5,,sms,inbound,Wetin time clinic dey open?,pcm,delivered,2024-11-28 12:57:00
8168d86c-d4b4-4fb6-9d42-305b1d51dcf3,197031ba-dfca-4f61-af32-cb30dc877e7b,97e6c643-cab6-4bd2-b0ac-bcd8a773027b,,appointment_reminder,outbound,Reminder: your BP check at Ikorodu General Hospital is tomorrow. Reply 1 to confirm or 2 to change the day.,en,delivered,2024-12-23 09:02:00
486befab-473e-47b5-a3c7-15671e1f5e18,197031ba-dfca-4f61-af32-cb30dc877e7b,97e6c643-cab6-4bd2-b0ac-bcd8a773027b,,sms,inbound,"Na ok, I dey come",pcm,delivered,2024-12-23 14:47:00
b329bcbc-63c7-45ce-8186-cc101825b8b7,197031ba-dfca-4f61-af32-cb30dc877e7b,aab66c98-56a0-4a97-9020-638e2fb32009,,appointment_reminder,outbound,Reminder: your BP check at Ikorodu General Hospital is tomorrow. Reply 1 to confirm or 2 to change the day.,en,delivered,2025-01-19 10:06:00
1da0f5c6-9f94-4073-8b49-0108815fb34b,197031ba-dfca-4f61-af32-cb30dc877e7b,aab66c98-56a0-4a97-9020-638e2fb32009,,sms,inbound,I go cme,pcm,delivered,2025-01-19 15:42:00
99ebcd42-6640-4a50-b4f1-1c07684e2d78,197031ba-dfca-4f61-af32-cb30dc877e7b,5d12af37-56e3-42f1-b6bf-7e8f6eac4c3f,,appointment_reminder,outbound,Reminder: your BP check at Ikorodu General Hospital is tomorrow. Reply 1 to confirm or 2 to change the day.,en,delivered,2025-02-17 09:54:00
ed0ab405-1294-435b-8acf-23e293cd0168,197031ba-dfca-4f61-af32-cb30dc877e7b,5d12af37-56e3-42f1-b6bf-7e8f6eac4c3f,,missed_visit_sms_reminder,outbound,You missed your BP visit at Ikorodu General Hospital. Please come this week. Reply 2 if you need another day.,en,delivered,2025-02-21 09:19:00
882c56b7-8742-4be6-90d9-b31a65cc35b0,197031ba-dfca-4f61-af32-cb30dc877e7b,5d12af37-56e3-42f1-b6bf-7e8f6eac4c3f,,voip_call,outbound,,,completed,2025-02-25 15:07:00
7cbe4efa-e9b9-452c-9db0-63d42a58d7f7,197031ba-dfca-4f61-af32-cb30dc877e7b,229c46a2-38ef-4d03-8f12-8af64a2ffb16,,appointment_reminder,outbound,Reminder: your BP check at Ikorodu General Hospital is tomorrow. Reply 1 to confirm or 2 to change the day.,en,failed,2025-05-11 10:03:00
d82899fa-9417-4263-a30e-b81c455b7d8a,197031ba-dfca-4f61-af32-cb30dc877e7b,229c46a2-38ef-4d03-8f12-8af64a2ffb16,,missed_visit_sms_reminder,outbound,You missed your BP visit at Ikorodu General Hospital. Please come this week. Reply 2 if you need another day.,en,delivered,2025-05-15 09:54:00
99da34bd-0b3b-46d1-bce1-604378ee3bbe,197031ba-dfca-4f61-af32-cb30dc877e7b,8559fa6b-6034-43b4-80b1-97d19845bb69,,appointment_reminder,outbound,Reminder: your BP check at Ikorodu General Hospital is tomorrow. Reply 1 to confirm or 2 to change the day.,en,failed,2025-06-13 09:06:00
1a5e83dc-dc87-42a2-bd08-51d4b9878129,197031ba-dfca-4f61-af32-cb30dc877e7b,8559fa6b-6034-43b4-80b1-97d19845bb69,,missed_visit_sms_reminder,outbound,You missed your BP visit at Ikorodu General Hospital. Please come this week. Reply 2 if you need another day.,en,delivered,2025-06-17 10:49:00
432aa402-5f8f-4bca-8249-79909288e2cd,d55278ed-fb1e-4a1b-9116-b5f628014a34,1981fbae-af10-4955-8a35-763d0a9da6a1,,appointment_reminder,outbound,Reminder: your BP check at Agege Primary Health Centre is tomorrow. Reply 1 to confirm or 2 to change the day.,en,delivered,2025-12-01 10:27:00
c2344da8-48b5-480d-b0bf-1253a22efa75,d55278ed-fb1e-4a1b-9116-b5f628014a34,5e565e74-189c-4056-8a37-8dbf4de0840b,,appointment_reminder,outbound,Reminder: your BP check at Agege Primary Health Centre is tomorrow. Reply 1 to confirm or 2 to change the day.,en,delivered,2025-12-16 10:14:00
731db99c-4307-4d96-9a55-cdf062700c74,d55278ed-fb1e-4a1b-9116-b5f628014a34,5e565e74-189c-4056-8a37-8dbf4de0840b,,sms,inbound,?,en,delivered,2025-12-16 18:44:00
66585c1b-29c9-4a1c-a69d-9a09ee4d1b9e,d55278ed-fb1e-4a1b-9116-b5f628014a34,91296533-0af2-4577-a68a-fc689cdbd865,,appointment_reminder,outbound,Reminder: your BP check at Agege Primary Health Centre is tomorrow. Reply 1 to confirm or 2 to change the day.,en,delivered,2026-01-16 10:10:00
a7605719-0028-4b5b-ab01-f16a730c3f70,d55278ed-fb1e-4a1b-9116-b5f628014a34,f0a9e664-de92-47cf-85df-d899df5eb9e9,,appointment_reminder,outbound,Reminder: your BP check at Agege Primary Health Centre is tomorrow. Reply 1 to confirm or 2 to change the day.,en,delivered,2026-02-13 09:14:00
b2c6db67-e819-4e38-b2ce-0b1a7084cfc6,d55278ed-fb1e-4a1b-9116-b5f628014a34,f0a9e664-de92-47cf-85df-d899df5eb9e9,,missed_visit_sms_reminder,outbound,You missed your BP visit at Agege Primary Health Centre. Please come this week. Reply 2 if you need another day.,en,delivered,2026-02-17 09:15:00
06404b27-9ef3-4d70-b8a9-205d3cfffe6d,d55278ed-fb1e-4a1b-9116-b5f628014a34,f0a9e664-de92-47cf-85df-d899df5eb9e9,,voip_call,outbound,,,completed,2026-02-20 13:03:00
944c8f29-aa9d-4a06-9aa8-c2a8b1464895,d55278ed-fb1e-4a1b-9116-b5f628014a34,30703e89-c3a7-4997-9353-4855d92074de,,appointment_reminder,outbound,Reminder: your BP check at Agege Primary Health Centre is tomorrow. Reply 1 to confirm or 2 to change the day.,en,delivered,2026-03-28 09:14:00
f3163398-18ba-4917-877e-85759fb22fc5,d55278ed-fb1e-4a1b-9116-b5f628014a34,30703e89-c3a7-4997-9353-4855d92074de,,sms,inbound,I go cme,pcm,delivered,2026-03-28 09:36:00
a6f0e798-b3da-4c90-ac0c-75be92641249,d55278ed-fb1e-4a1b-9116-b5f628014a34,30703e89-c3a7-4997-9353-4855d92074de,,missed_visit_sms_reminder,outbound,You missed your BP visit at Agege Primary Health Centre. Please come this week. Reply 2 if you need another day.,en,delivered,2026-04-01 09:31:00
5f73a528-79ae-461e-af96-c8b026a0590f,d55278ed-fb1e-4a1b-9116-b5f628014a34,30703e89-c3a7-4997-9353-4855d92074de,,voip_call,outbound,,,completed,2026-04-16 09:20:00
92f38e1c-8871-4d82-b90b-9f1d7303ff43,d55278ed-fb1e-4a1b-9116-b5f628014a34,8a80d779-2feb-4efc-8c08-c51d913cb5ae,,appointment_reminder,outbound,Reminder: your BP check at Agege Primary Health Centre is tomorrow. Reply 1 to confirm or 2 to change the day.,en,delivered,2026-05-21 09:47:00
5d5f7843-14f0-452e-9690-b11be9a59f97,d55278ed-fb1e-4a1b-9116-b5f628014a34,79264d83-2aaa-4064-8b93-cd1099252761,,appointment_reminder,outbound,Reminder: your BP check at Agege Primary Health Centre is tomorrow. Reply 1 to confirm or 2 to change the day.,en,failed,2026-06-04 10:59:00
db3b3dbf-4d4b-4bf0-afe0-be5d31ed4d8d,d55278ed-fb1e-4a1b-9116-b5f628014a34,c242d1ac-7ecf-491c-813c-e51fae685a46,,appointment_reminder,outbound,Reminder: your BP check at Agege Primary Health Centre is tomorrow. Reply 1 to confirm or 2 to change the day.,en,failed,2026-07-04 10:53:00
95c511b2-d67f-4676-8be0-55d36c553826,d55278ed-fb1e-4a1b-9116-b5f628014a34,88d1a985-8945-4805-97f5-4ea00f7dbb13,,appointment_reminder,outbound,Reminder: your BP check at Agege Primary Health Centre is tomorrow. Reply 1 to confirm or 2 to change the day.,en,delivered,2026-08-02 09:41:00
1e9ae75d-902f-4e4e-a089-1e3c58359eb4,d55278ed-fb1e-4a1b-9116-b5f628014a34,88d1a985-8945-4805-97f5-4ea00f7dbb13,,missed_visit_sms_reminder,outbound,You missed your BP visit at Agege Primary Health Centre. Please come this week. Reply 2 if you need another day.,en,delivered,2026-08-06 10:03:00
f38741b0-55df-4624-9dcf-8e561d93283c,d55278ed-fb1e-4a1b-9116-b5f628014a34,acaac231-7cac-44f4-8751-b3b049d11f73,,appointment_reminder,outbound,Reminder: your BP check at Agege Primary Health Centre is tomorrow. Reply 1 to confirm or 2 to change the day.,en,failed,2026-09-24 09:34:00
06e40eb3-48b3-449d-946e-4d1e8dfdedb5,8c463ec7-74d0-401b-ab96-ea372d06410b,0160a98f-8637-4b51-a0ea-0d4c59f40fe8,,appointment_reminder,outbound,Reminder: your BP check at Abeokuta South Comprehensive HC is tomorrow. Reply 1 to confirm or 2 to change the day.,en,delivered,2025-12-27 10:51:00
7064e0f4-999a-425a-ba7e-5032d23ccb08,8c463ec7-74d0-401b-ab96-ea372d06410b,0160a98f-8637-4b51-a0ea-0d4c59f40fe8,,missed_visit_sms_reminder,outbound,You missed your BP visit at Abeokuta South Comprehensive HC. Please come this week. Reply 2 if you need another day.,en,delivered,2025-12-31 10:34:00
32994776-150d-44f1-83f0-8be81ae1a47a,8c463ec7-74d0-401b-ab96-ea372d06410b,0160a98f-8637-4b51-a0ea-0d4c59f40fe8,,sms,inbound,Is Saturday possible?,en,delivered,2025-12-31 12:38:00
d16871b3-fb4a-4060-be01-9c1f93ddbb32,8c463ec7-74d0-401b-ab96-ea372d06410b,69ccfe18-f773-48e6-bdab-89a9910d6cde,,appointment_reminder,outbound,Reminder: your BP check at Abeokuta South Comprehensive HC is tomorrow. Reply 1 to confirm or 2 to change the day.,en,delivered,2026-07-12 09:43:00
15cd7d72-dc45-44c8-aa78-cbac3bc32afe,8c463ec7-74d0-401b-ab96-ea372d06410b,69ccfe18-f773-48e6-bdab-89a9910d6cde,,sms,inbound,Ok ok ok pls,en,delivered,2026-07-12 15:40:00
961232c8-3e27-4617-be93-f19c2b5ae51e,8c463ec7-74d0-401b-ab96-ea372d06410b,69ccfe18-f773-48e6-bdab-89a9910d6cde,,missed_visit_sms_reminder,outbound,You missed your BP visit at Abeokuta South Comprehensive HC. Please come this week. Reply 2 if you need another day.,en,delivered,2026-07-16 10:36:00
da96d9c1-18da-4df4-99f5-b74cf431d88d,8c463ec7-74d0-401b-ab96-ea372d06410b,69ccfe18-f773-48e6-bdab-89a9910d6cde,,voip_call,outbound,,,completed,2026-07-26 11:46:00
b73fee63-c539-4adb-940d-08814c741aa7,37aa0e55-28bf-4af7-9ace-d684de6b5f72,04f6404c-486a-468b-8f67-35044886df91,,appointment_reminder,outbound,Reminder: your BP check at Ikorodu General Hospital is tomorrow. Reply 1 to confirm or 2 to change the day.,en,delivered,2026-04-08 10:01:00
6c280722-f4ed-41f6-b417-78f156dbe12d,37aa0e55-28bf-4af7-9ace-d684de6b5f72,85f45e0a-d3b6-4e80-9e68-d8a3d738bd00,,appointment_reminder,outbound,Reminder: your BP check at Ikorodu General Hospital is tomorrow. Reply 1 to confirm or 2 to change the day.,en,delivered,2026-04-19 09:08:00
8b315315-5a51-47cb-8742-c4531c5683ee,37aa0e55-28bf-4af7-9ace-d684de6b5f72,85f45e0a-d3b6-4e80-9e68-d8a3d738bd00,,sms,inbound,ok i will come,en,delivered,2026-04-19 11:19:00
4aa0412f-0117-451e-96d5-672c086bb8c3,37aa0e55-28bf-4af7-9ace-d684de6b5f72,91139546-64bc-4ffb-899a-a63f356d6e19,,appointment_reminder,outbound,Reminder: your BP check at Ikorodu General Hospital is tomorrow. Reply 1 to confirm or 2 to change the day.,en,delivered,2026-05-17 09:17:00
19acdcc3-9350-4783-96b1-35c3afc0722b,37aa0e55-28bf-4af7-9ace-d684de6b5f72,91139546-64bc-4ffb-899a-a63f356d6e19,,sms,inbound,No dey send me message again,pcm,delivered,2026-05-17 13:56:00
24399b65-201c-4862-b588-908cdb0a709f,37aa0e55-28bf-4af7-9ace-d684de6b5f72,cc53d145-7ac0-4788-b48c-607ec0caa815,,voip_call,outbound,,,completed,2026-06-22 09:42:00
0293a635-ea97-4eaf-9f8b-9426c7b372f3,9c943843-aed1-4463-a2f7-ddeba6563799,ed5105cd-6f19-4889-9560-7c53ea7d44f9,,appointment_reminder,outbound,Reminder: your BP check at Ijebu Ode Primary Health Centre is tomorrow. Reply 1 to confirm or 2 to change the day.,en,delivered,2025-06-30 09:06:00
4082ba0d-e402-4e7e-8b13-762e706489ca,9c943843-aed1-4463-a2f7-ddeba6563799,ed5105cd-6f19-4889-9560-7c53ea7d44f9,,missed_visit_sms_reminder,outbound,You missed your BP visit at Ijebu Ode Primary Health Centre. Please come this week. Reply 2 if you need another day.,en,delivered,2025-07-04 09:42:00
114700cc-cc6a-457b-8932-a460a771ac0f,9c943843-aed1-4463-a2f7-ddeba6563799,ed5105cd-6f19-4889-9560-7c53ea7d44f9,,voip_call,outbound,,,completed,2025-07-07 14:22:00
c178ae60-2320-4d2d-aaa8-ccf0d81d69b5,9c943843-aed1-4463-a2f7-ddeba6563799,6bde47af-b25c-433c-abbb-c669ebecd23c,,appointment_reminder,outbound,Reminder: your BP check at Ijebu Ode Primary Health Centre is tomorrow. Reply 1 to confirm or 2 to change the day.,en,delivered,2025-09-27 10:00:00
5a114024-4346-4863-8c48-f7bff9dd2ebf,9c943843-aed1-4463-a2f7-ddeba6563799,6bde47af-b25c-433c-abbb-c669ebecd23c,,sms,inbound,I go come,pcm,delivered,2025-09-27 11:19:00
592fc06f-a61b-44b0-9600-c37a181779c6,9c943843-aed1-4463-a2f7-ddeba6563799,6bde47af-b25c-433c-abbb-c669ebecd23c,,missed_visit_sms_reminder,outbound,You missed your BP visit at Ijebu Ode Primary Health Centre. Please come this week. Reply 2 if you need another day.,en,delivered,2025-10-01 10:38:00
e10729a6-e882-4fbd-9471-7a6cf54c6afc,9c943843-aed1-4463-a2f7-ddeba6563799,6bde47af-b25c-433c-abbb-c669ebecd23c,,sms,inbound,Wrong number,en,delivered,2025-10-01 17:37:00
90119364-f903-4ea6-93ae-47b40456fcdf,9c943843-aed1-4463-a2f7-ddeba6563799,ac95c252-9c3d-40e6-97dd-820b2ccd31c0,,appointment_reminder,outbound,Reminder: your BP check at Ijebu Ode Primary Health Centre is tomorrow. Reply 1 to confirm or 2 to change the day.,en,delivered,2026-01-28 10:13:00
0acdc680-bd75-41df-bb0b-ad09a1b5a1ff,9c943843-aed1-4463-a2f7-ddeba6563799,bbbc5fc6-f037-48c5-88be-6dd7594b38ce,,appointment_reminder,outbound,Reminder: your BP check at Ijebu Ode Primary Health Centre is tomorrow. Reply 1 to confirm or 2 to change the day.,en,delivered,2026-02-24 10:03:00
f8a41b2a-9e00-490c-b3f7-adfe31ede6a5,9c943843-aed1-4463-a2f7-ddeba6563799,bbbc5fc6-f037-48c5-88be-6dd7594b38ce,,sms,inbound,"I can't come on that day, can I come next week",en,delivered,2026-02-24 12:53:00
4ed5efc1-a311-4b63-9a16-dffa4299e92d,9c943843-aed1-4463-a2f7-ddeba6563799,4b26dfde-9686-4722-90be-0072cd5024f5,,appointment_reminder,outbound,Reminder: your BP check at Ijebu Ode Primary Health Centre is tomorrow. Reply 1 to confirm or 2 to change the day.,en,delivered,2026-03-24 10:22:00
08bd6576-fcd7-449f-bf19-45b2bd09095f,9c943843-aed1-4463-a2f7-ddeba6563799,4b26dfde-9686-4722-90be-0072cd5024f5,,missed_visit_sms_reminder,outbound,You missed your BP visit at Ijebu Ode Primary Health Centre. Please come this week. Reply 2 if you need another day.,en,delivered,2026-03-28 09:06:00
773e1c84-861e-474d-b8b9-c9b5e9269b2d,9c943843-aed1-4463-a2f7-ddeba6563799,4b26dfde-9686-4722-90be-0072cd5024f5,,sms,inbound,"mi o le wa ni ola, ose to n bo",yo,delivered,2026-03-28 13:00:00
b18c7182-22ce-415b-ab96-7defa24ed10f,9c943843-aed1-4463-a2f7-ddeba6563799,4b26dfde-9686-4722-90be-0072cd5024f5,,voip_call,outbound,,,completed,2026-04-13 12:04:00
1a15e332-d719-4817-a130-c6821cf7b971,7d05720a-d007-493d-9454-a82b980b73ce,33fafccb-89fc-47db-9df3-9fa686d2d9b7,,voip_call,outbound,,,completed,2025-07-15 11:29:00
82a74909-0f42-4544-9dff-35a7b86d5bf9,7d05720a-d007-493d-9454-a82b980b73ce,3d7346b4-2b81-4393-a079-d616cc8dbd6f,,voip_call,outbound,,,completed,2025-11-22 14:04:00
c7d6a73a-c90f-4a0c-8f1f-43fb6bc1f3f6,7d05720a-d007-493d-9454-a82b980b73ce,906c9ca1-e594-4a69-bf03-32b8b6435c5f,,voip_call,outbound,,,completed,2026-09-22 09:12:00
2fa5c0ea-af7f-4949-b747-33bdc130f68a,a9955436-0e7b-49fa-abe3-d8f91805d028,4590d3b8-2b4e-46d6-8719-80c09d2bc680,,appointment_reminder,outbound,Reminder: your BP check at Agege Primary Health Centre is tomorrow. Reply 1 to confirm or 2 to change the day.,en,failed,2025-10-07 10:50:00
9387bc46-d376-437e-8e83-8bb8574d3c00,a9955436-0e7b-49fa-abe3-d8f91805d028,94750531-f23f-42ab-be88-7cc21c3b8ea8,,appointment_reminder,outbound,Reminder: your BP check at Agege Primary Health Centre is tomorrow. Reply 1 to confirm or 2 to change the day.,en,delivered,2025-11-05 10:15:00
177ffa95-1a05-416e-8d7a-ccef2e7d994d,a9955436-0e7b-49fa-abe3-d8f91805d028,2e400ef3-0144-4680-a827-6cb57e0e4a4e,,appointment_reminder,outbound,Reminder: your BP check at Agege Primary Health Centre is tomorrow. Reply 1 to confirm or 2 to change the day.,en,delivered,2025-11-14 10:14:00
7bf4676c-fabe-4414-84f4-1357ac614f6e,a9955436-0e7b-49fa-abe3-d8f91805d028,2e400ef3-0144-4680-a827-6cb57e0e4a4e,,sms,inbound,"O da, ma wa lola",yo,delivered,2025-11-14 14:05:00
c22d8d6c-9bca-425a-9702-fef9c4ffea58,a9955436-0e7b-49fa-abe3-d8f91805d028,025877f6-079b-4784-94d8-38cfd8d99091,,appointment_reminder,outbound,Reminder: your BP check at Agege Primary Health Centre is tomorrow. Reply 1 to confirm or 2 to change the day.,en,delivered,2025-12-09 10:57:00
6b29500c-89ea-4987-bc14-32c30339ce91,a9955436-0e7b-49fa-abe3-d8f91805d028,025877f6-079b-4784-94d8-38cfd8d99091,,sms,inbound,Alright see you tomorow,en,delivered,2025-12-09 13:47:00
bb85ae5d-95d4-4c90-a7e0-21d038a19a4f,a9955436-0e7b-49fa-abe3-d8f91805d028,e10beabb-bdfc-480f-bb57-348e3b29a847,,appointment_reminder,outbound,Reminder: your BP check at Agege Primary Health Centre is tomorrow. Reply 1 to confirm or 2 to change the day.,en,delivered,2026-01-09 10:53:00
9610eb25-2ea7-4cba-afa3-347944a3d692,a9955436-0e7b-49fa-abe3-d8f91805d028,0490e277-5e6c-44fe-9ca4-91ffbda35996,,appointment_reminder,outbound,Reminder: your BP check at Agege Primary Health Centre is tomorrow. Reply 1 to confirm or 2 to change the day.,en,delivered,2026-03-09 09:43:00
8372a7e7-6ac2-4df8-96cc-1336a53900a6,a9955436-0e7b-49fa-abe3-d8f91805d028,1b50cf4a-7b46-4af2-af95-a987230db78f,,appointment_reminder,outbound,Reminder: your BP check at Agege Primary Health Centre is tomorrow. Reply 1 to confirm or 2 to change the day.,en,delivered,2026-05-01 09:44:00
3ba7cbfc-e77c-4bb1-b7c7-875bbeb78b6d,a9955436-0e7b-49fa-abe3-d8f91805d028,5071f147-0dd4-4e6e-b289-9de4e835e4f4,,appointment_reminder,outbound,Reminder: your BP check at Agege Primary Health Centre is tomorrow. Reply 1 to confirm or 2 to change the day.,en,delivered,2026-06-30 09:45:00
3b9af5db-32f3-42eb-b9b5-33c148af48c1,a9955436-0e7b-49fa-abe3-d8f91805d028,5071f147-0dd4-4e6e-b289-9de4e835e4f4,,sms,inbound,Drug don finish,pcm,delivered,2026-06-30 12:19:00
31180ec3-c27e-439b-9da7-e96968a508cc,a9955436-0e7b-49fa-abe3-d8f91805d028,fbdb561a-b247-440b-9085-e2a8ebd2ef24,,appointment_reminder,outbound,Reminder: your BP check at Agege Primary Health Centre is tomorrow. Reply 1 to confirm or 2 to change the day.,en,delivered,2026-07-24 10:21:00
e054e2a2-1f9c-44c4-bf07-0169ad0651dc,a9955436-0e7b-49fa-abe3-d8f91805d028,11e7865e-b4ce-4020-8482-f45707ad9973,,appointment_reminder,outbound,Reminder: your BP check at Agege Primary Health Centre is tomorrow. Reply 1 to confirm or 2 to change the day.,en,delivered,2026-08-19 09:34:00
d4866448-13d9-4c18-82bd-49badfa65e34,a9955436-0e7b-49fa-abe3-d8f91805d028,11e7865e-b4ce-4020-8482-f45707ad9973,,sms,inbound,Make I come next week instead,pcm,delivered,2026-08-19 17:45:00
37573705-5759-46fc-b6e9-c0ab6f612e82,a9955436-0e7b-49fa-abe3-d8f91805d028,9949fbe6-f128-45d0-89cd-8b5b0b5d56c2,,appointment_reminder,outbound,Reminder: your BP check at Agege Primary Health Centre is tomorrow. Reply 1 to confirm or 2 to change the day.,en,delivered,2026-09-13 09:06:00
3b9a5eb2-77d2-43b6-a74e-42fe82093a09,c41ca486-dbe2-41ee-a981-b4037d879f4a,59de8624-6f04-49e7-9972-f943a68b32b4,,voip_call,outbound,,,completed,2024-12-22 13:19:00
99c812ea-41ee-4b42-abd1-d026a5e5c1dd,6d63ab74-5d08-4680-a74c-bdc1b37dca76,0d2a1642-1a3c-482a-8a89-6640240a1ea9,,voip_call,outbound,,,completed,2026-06-10 16:52:00
c7e0de09-0442-4e36-b398-c9833dbe0107,6d63ab74-5d08-4680-a74c-bdc1b37dca76,e9008804-1ef5-4657-bcb8-581169df69de,,voip_call,outbound,,,completed,2026-08-24 15:09:00
472b3c54-33aa-4848-8560-88149ab16cc1,1ff53102-f524-4e53-93fb-49e584cb164b,3ac1862b-52ca-44ed-88f0-4dfcd0160555,,voip_call,outbound,,,completed,2025-12-29 15:16:00
3ec1dc96-a689-4da3-8387-3805514e92d8,1ff53102-f524-4e53-93fb-49e584cb164b,b50bfc4a-ab5c-4c9f-a530-5b15dee3ad42,,voip_call,outbound,,,no_answer,2026-03-31 15:43:00
5a6c6d44-2028-4fbe-b018-17355d6f0c90,00b17037-d400-4dff-9015-8b25f6f490f9,309d04e5-f8d2-4ed6-806c-052659cc5316,,appointment_reminder,outbound,Reminder: your BP check at Ijebu Ode Primary Health Centre is tomorrow. Reply 1 to confirm or 2 to change the day.,en,delivered,2026-08-11 09:01:00
cb312486-651d-4669-95e1-fc920cc5ba3f,00b17037-d400-4dff-9015-8b25f6f490f9,477aeaec-a7ae-4059-a2c3-95a4aacd52cc,,appointment_reminder,outbound,Reminder: your BP check at Ijebu Ode Primary Health Centre is tomorrow. Reply 1 to confirm or 2 to change the day.,en,delivered,2026-09-07 09:41:00
55c8a5cf-02b2-4238-8ba1-32fc443595fe,00b17037-d400-4dff-9015-8b25f6f490f9,477aeaec-a7ae-4059-a2c3-95a4aacd52cc,,sms,inbound,E ma fi ranṣẽ si mi mọ,yo,delivered,2026-09-07 14:56:00
3a158951-c9cc-48d5-afb9-c07e0ca7a9c4,fe05bf35-3b97-44c6-a7dd-757350f4d983,b3139979-b41a-4b0f-aa74-83aaac32614c,,appointment_reminder,outbound,Reminder: your BP check at Agege Primary Health Centre is tomorrow. Reply 1 to confirm or 2 to change the day.,en,failed,2025-07-01 10:39:00
11c02b64-86b9-495a-a4fd-8871a4db1c07,fe05bf35-3b97-44c6-a7dd-757350f4d983,ef1afaaf-281b-4d04-bb61-780c0859d3bf,,appointment_reminder,outbound,Reminder: your BP check at Agege Primary Health Centre is tomorrow. Reply 1 to confirm or 2 to change the day.,en,delivered,2025-07-16 10:43:00
5d214213-6f2d-4691-8403-e008bd73cfd8,fe05bf35-3b97-44c6-a7dd-757350f4d983,ef1afaaf-281b-4d04-bb61-780c0859d3bf,,sms,inbound,Wrong number,en,delivered,2025-07-16 20:30:00
6bafc604-7473-43fe-831a-a76946933784,fe05bf35-3b97-44c6-a7dd-757350f4d983,d50ccfa2-90d1-49fc-be45-8aa6dd551564,,appointment_reminder,outbound,Reminder: your BP check at Agege Primary Health Centre is tomorrow. Reply 1 to confirm or 2 to change the day.,en,delivered,2025-08-02 09:22:00
c7c3b8f6-e9fe-4380-880c-d8f99911091a,fe05bf35-3b97-44c6-a7dd-757350f4d983,ef5caae0-19ba-4992-bee9-89fb26930060,,appointment_reminder,outbound,Reminder: your BP check at Agege Primary Health Centre is tomorrow. Reply 1 to confirm or 2 to change the day.,en,delivered,2025-08-31 10:23:00
15cccc79-86cb-45c7-9b33-514b16c37b9c,fe05bf35-3b97-44c6-a7dd-757350f4d983,ef5caae0-19ba-4992-bee9-89fb26930060,,sms,inbound,"o da, ma wa lola",yo,delivered,2025-08-31 17:10:00
abf76655-2e18-46ba-abaa-3b665fd51183,fe05bf35-3b97-44c6-a7dd-757350f4d983,ef5caae0-19ba-4992-bee9-89fb26930060,,missed_visit_sms_reminder,outbound,You missed your BP visit at Agege Primary Health Centre. Please come this week. Reply 2 if you need another day.,en,delivered,2025-09-04 09:01:00
bd1afc44-95a6-41b0-a08b-29e681336c00,fe05bf35-3b97-44c6-a7dd-757350f4d983,ef5caae0-19ba-4992-bee9-89fb26930060,,sms,inbound,"na ok, i dey come",pcm,delivered,2025-09-04 13:30:00
43a7adb9-f323-408d-9b37-68dd727acd94,fe05bf35-3b97-44c6-a7dd-757350f4d983,ef5caae0-19ba-4992-bee9-89fb26930060,,voip_call,outbound,,,completed,2025-09-13 10:48:00
c5ae5b13-ef2a-4fc6-ade4-1c26a6f1fc91,75bfba9d-4dc2-414d-bf30-01153edd908a,4634215b-7ecc-4296-8bf2-70830c5f8128,,voip_call,outbound,,,completed,2026-07-09 13:44:00
bfb2bca2-9f72-4142-be05-2c33ea298ccd,6911cfaa-23dd-4278-b8f6-8a557e268f32,9d2be9ef-1559-4be0-88dc-eac3dc667d72,,appointment_reminder,outbound,Reminder: your BP check at Abeokuta South Comprehensive HC is tomorrow. Reply 1 to confirm or 2 to change the day.,en,delivered,2025-08-10 09:00:00
83317033-b046-49cc-9566-a1937583a9c6,6911cfaa-23dd-4278-b8f6-8a557e268f32,9d2be9ef-1559-4be0-88dc-eac3dc667d72,,sms,inbound,Alright see you tomorrow,en,delivered,2025-08-10 16:31:00
c9ea3673-61d9-4451-ade8-ea4cdc3f660f,6911cfaa-23dd-4278-b8f6-8a557e268f32,257e6534-2854-4a8a-80c5-a5cfaf713561,,appointment_reminder,outbound,Reminder: your BP check at Abeokuta South Comprehensive HC is tomorrow. Reply 1 to confirm or 2 to change the day.,en,delivered,2025-09-07 09:52:00
f48c9334-bf2f-48e3-8db1-b0cc610a72d4,6911cfaa-23dd-4278-b8f6-8a557e268f32,257e6534-2854-4a8a-80c5-a5cfaf713561,,missed_visit_sms_reminder,outbound,You missed your BP visit at Abeokuta South Comprehensive HC. Please come this week. Reply 2 if you need another day.,en,delivered,2025-09-11 09:32:00
a15c0a69-f99b-487f-b109-8a318f7270af,6911cfaa-23dd-4278-b8f6-8a557e268f32,9f3fde75-266e-4719-afa6-33aaa2b7f0bb,,appointment_reminder,outbound,Reminder: your BP check at Abeokuta South Comprehensive HC is tomorrow. Reply 1 to confirm or 2 to change the day.,en,delivered,2025-10-24 10:17:00
253e99a0-56e3-4d69-bcac-7ba8838abd95,6911cfaa-23dd-4278-b8f6-8a557e268f32,d1632bf1-dfdf-4062-9b95-21ab23477976,,appointment_reminder,outbound,Reminder: your BP check at Abeokuta South Comprehensive HC is tomorrow. Reply 1 to confirm or 2 to change the day.,en,delivered,2025-11-21 10:34:00
36265a59-963f-4006-ae4e-7a50b01cb0b1,6911cfaa-23dd-4278-b8f6-8a557e268f32,3bad59e6-f8b6-47d4-8cb4-d4f0b97546ba,,appointment_reminder,outbound,Reminder: your BP check at Abeokuta South Comprehensive HC is tomorrow. Reply 1 to confirm or 2 to change the day.,en,failed,2025-12-19 09:17:00
76cee7a9-26c1-4584-9038-e52e914e0e07,6911cfaa-23dd-4278-b8f6-8a557e268f32,61059bb2-4faa-4f59-bc6b-31e00c3897c9,,appointment_reminder,outbound,Reminder: your BP check at Abeokuta South Comprehensive HC is tomorrow. Reply 1 to confirm or 2 to change the day.,en,failed,2026-01-14 10:01:00
44ef4aa5-caa4-44e0-bef5-a5c2dd5ae51f,6911cfaa-23dd-4278-b8f6-8a557e268f32,61059bb2-4faa-4f59-bc6b-31e00c3897c9,,missed_visit_sms_reminder,outbound,You missed your BP visit at Abeokuta South Comprehensive HC. Please come this week. Reply 2 if you need another day.,en,delivered,2026-01-18 10:37:00
b111e260-0b98-4ae4-a19d-3fb810a71c16,6911cfaa-23dd-4278-b8f6-8a557e268f32,3b6e4aae-3abc-42aa-8794-b5cb47bf5a59,,appointment_reminder,outbound,Reminder: your BP check at Abeokuta South Comprehensive HC is tomorrow. Reply 1 to confirm or 2 to change the day.,en,delivered,2026-04-18 09:43:00
130bb183-7f82-478e-94a2-2e9333dabcd2,6911cfaa-23dd-4278-b8f6-8a557e268f32,551132c2-fd53-45a3-a1c3-71d5dcd14f8a,,appointment_reminder,outbound,Reminder: your BP check at Abeokuta South Comprehensive HC is tomorrow. Reply 1 to confirm or 2 to change the day.,en,failed,2026-05-17 09:08:00
1f2daa84-7a2b-4f4b-a34c-82e3bb28643b,6911cfaa-23dd-4278-b8f6-8a557e268f32,ca5d72c8-779e-4b05-94fd-4f2c6fa22a8d,,appointment_reminder,outbound,Reminder: your BP check at Abeokuta South Comprehensive HC is tomorrow. Reply 1 to confirm or 2 to change the day.,en,delivered,2026-06-12 10:52:00
6917ab3c-38a4-400a-b992-ac4bc4e612a4,6911cfaa-23dd-4278-b8f6-8a557e268f32,ca5d72c8-779e-4b05-94fd-4f2c6fa22a8d,,missed_visit_sms_reminder,outbound,You missed your BP visit at Abeokuta South Comprehensive HC. Please come this week. Reply 2 if you need another day.,en,delivered,2026-06-16 09:52:00
d055be15-0771-4c5e-ac8f-282f69964063,6911cfaa-23dd-4278-b8f6-8a557e268f32,42df1d36-ef93-411d-88e0-c7ae15bf71ea,,appointment_reminder,outbound,Reminder: your BP check at Abeokuta South Comprehensive HC is tomorrow. Reply 1 to confirm or 2 to change the day.,en,delivered,2026-07-28 09:07:00
082f7056-5605-44ac-9f8e-61115277de1e,6911cfaa-23dd-4278-b8f6-8a557e268f32,42df1d36-ef93-411d-88e0-c7ae15bf71ea,,sms,inbound,1,en,delivered,2026-07-28 12:28:00
d1634bc9-2a38-41e6-ba1d-f710f3984e13,6911cfaa-23dd-4278-b8f6-8a557e268f32,af42f4c9-88da-45e4-8944-a28ffce8a066,,appointment_reminder,outbound,Reminder: your BP check at Abeokuta South Comprehensive HC is tomorrow. Reply 1 to confirm or 2 to change the day.,en,delivered,2026-08-28 10:11:00
18e78330-be17-4d6a-9be2-427449800ed1,6911cfaa-23dd-4278-b8f6-8a557e268f32,af42f4c9-88da-45e4-8944-a28ffce8a066,,missed_visit_sms_reminder,outbound,You missed your BP visit at Abeokuta South Comprehensive HC. Please come this week. Reply 2 if you need another day.,en,delivered,2026-09-01 09:41:00
2dc8f534-b028-4dee-847d-87e67a83b117,6911cfaa-23dd-4278-b8f6-8a557e268f32,af42f4c9-88da-45e4-8944-a28ffce8a066,,sms,inbound,yes,en,delivered,2026-09-01 16:23:00
ba276547-288a-4a59-9b73-58c853c3fc44,6911cfaa-23dd-4278-b8f6-8a557e268f32,af42f4c9-88da-45e4-8944-a28ffce8a066,,voip_call,outbound,,,completed,2026-09-06 12:41:00
43eff60e-7abb-4837-9ba5-b9e198038ce6,d2543b90-a9c9-4cd4-8244-3ab6223536b5,da753cd1-fa6e-493b-b355-4937311ac518,,appointment_reminder,outbound,Reminder: your BP check at Ikorodu General Hospital is tomorrow. Reply 1 to confirm or 2 to change the day.,en,delivered,2024-10-29 10:02:00
3a7752fc-8cd9-4e71-aac1-d975a241fae7,d2543b90-a9c9-4cd4-8244-3ab6223536b5,1a6cbe4e-4afd-4692-bfab-d58eeac791d3,,appointment_reminder,outbound,Reminder: your BP check at Ikorodu General Hospital is tomorrow. Reply 1 to confirm or 2 to change the day.,en,delivered,2024-12-26 10:41:00
5c390680-3e1b-4fe0-9a98-0e6d953bd126,d2543b90-a9c9-4cd4-8244-3ab6223536b5,1a6cbe4e-4afd-4692-bfab-d58eeac791d3,,missed_visit_sms_reminder,outbound,You missed your BP visit at Ikorodu General Hospital. Please come this week. Reply 2 if you need another day.,en,delivered,2024-12-30 09:43:00
8691baa1-3358-4e16-9734-93dcfc93ec70,d2543b90-a9c9-4cd4-8244-3ab6223536b5,1a6cbe4e-4afd-4692-bfab-d58eeac791d3,,sms,inbound,can i stop the tablets? i feel fine now,en,delivered,2024-12-30 16:06:00
a88454ee-4a2f-4713-a381-d63952794daa,0b23d63c-cf0d-4a35-a0cc-c1877d57eafd,0e7bf056-d2f3-4d9c-befb-2ee684a048b7,,appointment_reminder,outbound,Reminder: your BP check at Ikorodu General Hospital is tomorrow. Reply 1 to confirm or 2 to change the day.,en,failed,2025-11-12 09:05:00
b1910b83-7f43-4fc9-b76d-cbc8efb629ea,0b23d63c-cf0d-4a35-a0cc-c1877d57eafd,0e7bf056-d2f3-4d9c-befb-2ee684a048b7,,missed_visit_sms_reminder,outbound,You missed your BP visit at Ikorodu General Hospital. Please come this week. Reply 2 if you need another day.,en,delivered,2025-11-16 10:54:00
ba34a188-1fed-4f15-aa6c-39e5be3c6731,1735900a-9b6b-4fce-a7f3-ad4fa5671acf,a2a7904d-544c-4e85-beef-21da2f4a7787,,voip_call,outbound,,,completed,2025-02-13 11:29:00
8bec336a-b1a0-4e8b-a8fe-8c205d33dc98,1735900a-9b6b-4fce-a7f3-ad4fa5671acf,6b3e46a6-62db-4758-8fde-9246f3453081,,voip_call,outbound,,,completed,2025-04-30 13:09:00
5ed19a12-8185-4851-b074-ac71d122e9e7,169cd9ca-d881-45bc-a78e-c5c031b47fe6,43c8e455-ceae-4aa1-aba2-57d2c834bcf1,,appointment_reminder,outbound,Reminder: your BP check at Ijebu Ode Primary Health Centre is tomorrow. Reply 1 to confirm or 2 to change the day.,en,delivered,2024-11-08 10:52:00
0445262d-da48-48dd-a093-d70c92d3f206,169cd9ca-d881-45bc-a78e-c5c031b47fe6,43c8e455-ceae-4aa1-aba2-57d2c834bcf1,,missed_visit_sms_reminder,outbound,You missed your BP visit at Ijebu Ode Primary Health Centre. Please come this week. Reply 2 if you need another day.,en,delivered,2024-11-12 09:59:00
fc0a3abc-6661-4974-8457-527edb37013b,169cd9ca-d881-45bc-a78e-c5c031b47fe6,43c8e455-ceae-4aa1-aba2-57d2c834bcf1,,voip_call,outbound,,,completed,2024-11-15 14:22:00
5074cc69-cc08-4f58-8fea-2ab34117f04f,169cd9ca-d881-45bc-a78e-c5c031b47fe6,5722062a-870b-4360-beda-045edf6be967,,appointment_reminder,outbound,Reminder: your BP check at Ijebu Ode Primary Health Centre is tomorrow. Reply 1 to confirm or 2 to change the day.,en,sent,2024-12-18 10:30:00
ef67f2d0-9222-4625-8e20-e9c6d9f8b73c,169cd9ca-d881-45bc-a78e-c5c031b47fe6,5722062a-870b-4360-beda-045edf6be967,,missed_visit_sms_reminder,outbound,You missed your BP visit at Ijebu Ode Primary Health Centre. Please come this week. Reply 2 if you need another day.,en,delivered,2024-12-22 10:38:00
b3e08dbe-2ed0-4ab8-90d6-c433acdd4f10,169cd9ca-d881-45bc-a78e-c5c031b47fe6,5722062a-870b-4360-beda-045edf6be967,,sms,inbound,"O da, ma wa lola",yo,delivered,2024-12-22 19:33:00
3c8a20fb-6f86-411a-b540-cd0045f204eb,169cd9ca-d881-45bc-a78e-c5c031b47fe6,d32d11bf-9812-4f2f-b67f-7a0ff31b015c,,appointment_reminder,outbound,Reminder: your BP check at Ijebu Ode Primary Health Centre is tomorrow. Reply 1 to confirm or 2 to change the day.,en,delivered,2025-04-18 09:01:00
a717e895-a676-4c8e-b8e1-f664eaaf5717,169cd9ca-d881-45bc-a78e-c5c031b47fe6,d32d11bf-9812-4f2f-b67f-7a0ff31b015c,,missed_visit_sms_reminder,outbound,You missed your BP visit at Ijebu Ode Primary Health Centre. Please come this week. Reply 2 if you need another day.,en,failed,2025-04-22 10:43:00
227399ea-4132-46d7-8e54-3f157197dd5f,169cd9ca-d881-45bc-a78e-c5c031b47fe6,39ce2c7a-f015-4a41-af63-87a0446e6cdb,,appointment_reminder,outbound,Reminder: your BP check at Ijebu Ode Primary Health Centre is tomorrow. Reply 1 to confirm or 2 to change the day.,en,delivered,2025-06-08 10:17:00
bab33fe7-8e01-4da8-9ffd-e4428eb77ad3,169cd9ca-d881-45bc-a78e-c5c031b47fe6,39ce2c7a-f015-4a41-af63-87a0446e6cdb,,missed_visit_sms_reminder,outbound,You missed your BP visit at Ijebu Ode Primary Health Centre. Please come this week. Reply 2 if you need another day.,en,delivered,2025-06-12 09:30:00
2751b989-c362-4627-966b-461c067d43b4,169cd9ca-d881-45bc-a78e-c5c031b47fe6,39ce2c7a-f015-4a41-af63-87a0446e6cdb,,voip_call,outbound,,,completed,2025-06-18 12:39:00
5bbf47db-7721-4ab4-9278-918ec93bf886,d94b9bdf-7e65-4d84-9b13-235e8e86a0d7,04ad078f-4121-4441-a241-645bf9dd66d4,,appointment_reminder,outbound,Reminder: your BP check at Agege Primary Health Centre is tomorrow. Reply 1 to confirm or 2 to change the day.,en,delivered,2024-12-25 09:26:00
70d63528-f5de-4c68-9efa-ce53dcb429b1,d94b9bdf-7e65-4d84-9b13-235e8e86a0d7,04ad078f-4121-4441-a241-645bf9dd66d4,,sms,inbound,Ojo wo ni ki n wa?,yo,delivered,2024-12-25 18:49:00
b8703072-92a5-48a4-8ae4-cccf9fe13a4c,d94b9bdf-7e65-4d84-9b13-235e8e86a0d7,7c764b08-ba83-49ba-ad15-41ec8e0ced90,,appointment_reminder,outbound,Reminder: your BP check at Agege Primary Health Centre is tomorrow. Reply 1 to confirm or 2 to change the day.,en,delivered,2025-01-21 09:17:00
19bb0c30-57be-40bd-9b64-b00aaa1b53a7,d94b9bdf-7e65-4d84-9b13-235e8e86a0d7,f8ba3cba-6796-44eb-a5d0-2a96e39a98b1,,appointment_reminder,outbound,Reminder: your BP check at Agege Primary Health Centre is tomorrow. Reply 1 to confirm or 2 to change the day.,en,delivered,2025-02-19 10:44:00
95d4d12b-dc61-4a37-9362-4e0191a4c835,d94b9bdf-7e65-4d84-9b13-235e8e86a0d7,f8ba3cba-6796-44eb-a5d0-2a96e39a98b1,,sms,inbound,can i stop the tablets? i feel fine now,en,delivered,2025-02-19 11:12:00
4a158853-c009-474c-8525-3623d402a811,d94b9bdf-7e65-4d84-9b13-235e8e86a0d7,e71b3915-c17b-4bbd-a3d1-4f4fd6e48ac4,,appointment_reminder,outbound,Reminder: your BP check at Agege Primary Health Centre is tomorrow. Reply 1 to confirm or 2 to change the day.,en,delivered,2025-03-05 10:05:00
3ab445f8-7a78-4310-b02b-235394cae7a4,d94b9bdf-7e65-4d84-9b13-235e8e86a0d7,e71b3915-c17b-4bbd-a3d1-4f4fd6e48ac4,,sms,inbound,"noted, thank you",en,delivered,2025-03-05 19:09:00
e33a2570-c0c4-46d7-a845-764b2a729bbb,d94b9bdf-7e65-4d84-9b13-235e8e86a0d7,68e5fac2-29ce-4bcf-80fc-dea5233fd086,,appointment_reminder,outbound,Reminder: your BP check at Agege Primary Health Centre is tomorrow. Reply 1 to confirm or 2 to change the day.,en,failed,2025-04-01 10:50:00
da8b9243-e71f-44c6-8bc9-a657c5ee4ba1,d94b9bdf-7e65-4d84-9b13-235e8e86a0d7,b18ebb2b-9dac-46db-92d5-6d65f7ad9951,,appointment_reminder,outbound,Reminder: your BP check at Agege Primary Health Centre is tomorrow. Reply 1 to confirm or 2 to change the day.,en,delivered,2025-04-26 09:18:00
0f16769f-68de-46a1-9d2e-3e1fb171dc27,d94b9bdf-7e65-4d84-9b13-235e8e86a0d7,b18ebb2b-9dac-46db-92d5-6d65f7ad9951,,sms,inbound,Is Saturday possible?,en,delivered,2025-04-26 16:39:00
2f21bcd5-b7e4-40ba-9747-0f6e76e3a636,d94b9bdf-7e65-4d84-9b13-235e8e86a0d7,b18ebb2b-9dac-46db-92d5-6d65f7ad9951,,missed_visit_sms_reminder,outbound,You missed your BP visit at Agege Primary Health Centre. Please come this week. Reply 2 if you need another day.,en,delivered,2025-04-30 10:24:00
22587be9-ef8c-4751-9993-62ddc6801d39,d94b9bdf-7e65-4d84-9b13-235e8e86a0d7,b18ebb2b-9dac-46db-92d5-6d65f7ad9951,,voip_call,outbound,,,completed,2025-05-17 11:44:00
7aa3ebcd-5e31-4c68-abe4-b39de266f9ef,d94b9bdf-7e65-4d84-9b13-235e8e86a0d7,f8b0b4a8-3cb9-4232-9c90-a94059873e5a,,appointment_reminder,outbound,Reminder: your BP check at Agege Primary Health Centre is tomorrow. Reply 1 to confirm or 2 to change the day.,en,failed,2025-07-09 09:13:00
5a829d2b-14dd-466b-9bfc-da6494e0e3bb,d94b9bdf-7e65-4d84-9b13-235e8e86a0d7,f8b0b4a8-3cb9-4232-9c90-a94059873e5a,,missed_visit_sms_reminder,outbound,You missed your BP visit at Agege Primary Health Centre. Please come this week. Reply 2 if you need another day.,en,sent,2025-07-13 09:38:00
97a3cf3c-85bf-4bd9-9672-7e87864efb5f,d94b9bdf-7e65-4d84-9b13-235e8e86a0d7,9e990717-a0a4-47af-9257-a17537634742,,appointment_reminder,outbound,Reminder: your BP check at Agege Primary Health Centre is tomorrow. Reply 1 to confirm or 2 to change the day.,en,delivered,2025-09-07 10:01:00
67f10358-94d5-4ce2-84ce-52e2d435f9ef,d94b9bdf-7e65-4d84-9b13-235e8e86a0d7,9e990717-a0a4-47af-9257-a17537634742,,sms,inbound,I go come,pcm,delivered,2025-09-07 17:08:00
33e1bef0-3738-4b53-bd3c-d667818e1f10,d94b9bdf-7e65-4d84-9b13-235e8e86a0d7,02dce4bd-3780-4272-88f5-8a7141d58550,,appointment_reminder,outbound,Reminder: your BP check at Agege Primary Health Centre is tomorrow. Reply 1 to confirm or 2 to change the day.,en,delivered,2025-10-08 10:45:00
b8e555e7-259d-418e-8158-5f9d9bc589e7,d94b9bdf-7e65-4d84-9b13-235e8e86a0d7,02dce4bd-3780-4272-88f5-8a7141d58550,,sms,inbound,Ok ok ok pls,en,delivered,2025-10-08 16:56:00
fbc16a4d-0301-43b3-96e8-0ab8ab5f4f44,d94b9bdf-7e65-4d84-9b13-235e8e86a0d7,8f0a636f-2616-4d80-a4be-cd91538948ac,,appointment_reminder,outbound,Reminder: your BP check at Agege Primary Health Centre is tomorrow. Reply 1 to confirm or 2 to change the day.,en,delivered,2025-11-07 10:05:00
3cbbdbb1-44e5-44b5-83f2-0404c7f84894,d94b9bdf-7e65-4d84-9b13-235e8e86a0d7,6a993eb7-739c-4268-b052-d3688b003411,,appointment_reminder,outbound,Reminder: your BP check at Agege Primary Health Centre is tomorrow. Reply 1 to confirm or 2 to change the day.,en,delivered,2025-12-03 09:43:00
efe05c42-d6a2-4cf1-a23f-94cca9755ce5,d94b9bdf-7e65-4d84-9b13-235e8e86a0d7,c0a571fb-da28-41e1-a08e-d6d17bc3f7bd,,appointment_reminder,outbound,Reminder: your BP check at Agege Primary Health Centre is tomorrow. Reply 1 to confirm or 2 to change the day.,en,delivered,2025-12-30 09:04:00
3fcad749-f587-4aae-9a95-9d78687d1792,d94b9bdf-7e65-4d84-9b13-235e8e86a0d7,c0a571fb-da28-41e1-a08e-d6d17bc3f7bd,,sms,inbound,Please change my appointment to Friday,en,delivered,2025-12-30 12:33:00
6b248908-4ad0-474e-949f-fe882ba5eb65,d94b9bdf-7e65-4d84-9b13-235e8e86a0d7,f730c596-712c-4b60-b731-4ff64a6a08ac,,appointment_reminder,outbound,Reminder: your BP check at Agege Primary Health Centre is tomorrow. Reply 1 to confirm or 2 to change the day.,en,sent,2026-01-25 09:22:00
d682ed89-79b9-47f6-a33b-e8f8f391bf3a,d94b9bdf-7e65-4d84-9b13-235e8e86a0d7,4bec1839-2ad2-4139-b139-1271d9c3867e,,appointment_reminder,outbound,Reminder: your BP check at Agege Primary Health Centre is tomorrow. Reply 1 to confirm or 2 to change the day.,en,delivered,2026-02-16 10:28:00
150b6133-58c0-48fb-ad12-d9608f4921ca,d94b9bdf-7e65-4d84-9b13-235e8e86a0d7,4bec1839-2ad2-4139-b139-1271d9c3867e,,sms,inbound,Ojo wo ni ki n wa?,yo,delivered,2026-02-16 13:36:00
1b3531e7-e68f-477c-8b28-f59464f3f81e,d94b9bdf-7e65-4d84-9b13-235e8e86a0d7,4bec1839-2ad2-4139-b139-1271d9c3867e,,missed_visit_sms_reminder,outbound,You missed your BP visit at Agege Primary Health Centre. Please come this week. Reply 2 if you need another day.,en,sent,2026-02-20 09:18:00
7f2446a9-65c2-497b-93ad-2d8b4ad1bd5e,d94b9bdf-7e65-4d84-9b13-235e8e86a0d7,4bec1839-2ad2-4139-b139-1271d9c3867e,,sms,inbound,"Ina jin ciwon kai, magani ya kare",ha,delivered,2026-02-20 15:54:00
733f0230-4b24-406e-b4e5-0e2a7990d08c,d94b9bdf-7e65-4d84-9b13-235e8e86a0d7,4bec1839-2ad2-4139-b139-1271d9c3867e,,voip_call,outbound,,,completed,2026-02-28 13:57:00
e110562e-e328-4ce4-a8bf-80683604137f,d94b9bdf-7e65-4d84-9b13-235e8e86a0d7,9d261adf-61e1-4542-9114-025f4f8a47fd,,appointment_reminder,outbound,Reminder: your BP check at Agege Primary Health Centre is tomorrow. Reply 1 to confirm or 2 to change the day.,en,delivered,2026-05-01 10:33:00
4bf5b190-4f0f-4472-ace4-1693b8d327c2,d94b9bdf-7e65-4d84-9b13-235e8e86a0d7,8b85534a-c135-4866-a86f-81cf338dbc66,,appointment_reminder,outbound,Reminder: your BP check at Agege Primary Health Centre is tomorrow. Reply 1 to confirm or 2 to change the day.,en,delivered,2026-05-15 10:31:00
89a57571-efd2-4a3a-8c20-a2f226ca36b0,d94b9bdf-7e65-4d84-9b13-235e8e86a0d7,8b85534a-c135-4866-a86f-81cf338dbc66,,sms,inbound,"I can't come on that day, can I come next week",en,delivered,2026-05-15 13:25:00
54c28d59-7673-45a3-a9bf-1e9792aea1eb,d94b9bdf-7e65-4d84-9b13-235e8e86a0d7,28262dc9-681a-4f03-aa88-aab3e6d5d77e,,appointment_reminder,outbound,Reminder: your BP check at Agege Primary Health Centre is tomorrow. Reply 1 to confirm or 2 to change the day.,en,delivered,2026-05-28 10:22:00
ed91fe11-8baa-4376-827a-38617aedea03,d94b9bdf-7e65-4d84-9b13-235e8e86a0d7,28262dc9-681a-4f03-aa88-aab3e6d5d77e,,sms,inbound,1,en,delivered,2026-05-28 16:00:00
ae3dffa8-d8af-41c4-8d82-31c766c343fe,d94b9bdf-7e65-4d84-9b13-235e8e86a0d7,89fe7fe9-0370-43a8-af74-865da6aeebcf,,appointment_reminder,outbound,Reminder: your BP check at Agege Primary Health Centre is tomorrow. Reply 1 to confirm or 2 to change the day.,en,delivered,2026-06-14 09:57:00
efa1a68f-44b9-48c8-bee5-00d42c6d30ba,d94b9bdf-7e65-4d84-9b13-235e8e86a0d7,aa3e7dd8-c262-4c0a-8bd2-7f0c67b90cee,,appointment_reminder,outbound,Reminder: your BP check at Agege Primary Health Centre is tomorrow. Reply 1 to confirm or 2 to change the day.,en,failed,2026-07-09 10:32:00
4deb1de2-0ee0-4dd1-91d9-658dd5049fd2,d94b9bdf-7e65-4d84-9b13-235e8e86a0d7,aa3e7dd8-c262-4c0a-8bd2-7f0c67b90cee,,missed_visit_sms_reminder,outbound,You missed your BP visit at Agege Primary Health Centre. Please come this week. Reply 2 if you need another day.,en,failed,2026-07-13 09:40:00
4a6250fc-5009-42b0-a32e-0604b7074b03,d2acf484-385b-444c-9ff1-9bd6235e876c,b970e131-e93c-496f-aee6-6a6e3a58f8e5,,voip_call,outbound,,,completed,2026-06-25 13:49:00
07690d4e-e596-4b15-a375-0dcc3c9a2f8a,10bfb3f5-36f7-444f-b7ab-a6c25971282b,05dc59bf-1252-4254-8fe5-524e2d265d78,,appointment_reminder,outbound,Reminder: your BP check at Abeokuta South Comprehensive HC is tomorrow. Reply 1 to confirm or 2 to change the day.,en,delivered,2025-10-11 09:54:00
cc152f01-fba5-4a5d-8a2c-59d314bbdb95,10bfb3f5-36f7-444f-b7ab-a6c25971282b,3d1f79fd-85cd-4793-b55a-c4fa8efea004,,appointment_reminder,outbound,Reminder: your BP check at Abeokuta South Comprehensive HC is tomorrow. Reply 1 to confirm or 2 to change the day.,en,failed,2025-11-13 10:12:00
20cc18b3-ffa8-42d4-938d-09c7e9e173bc,10bfb3f5-36f7-444f-b7ab-a6c25971282b,3a817666-41f4-40e7-8394-2b7a65cd59bb,,appointment_reminder,outbound,Reminder: your BP check at Abeokuta South Comprehensive HC is tomorrow. Reply 1 to confirm or 2 to change the day.,en,delivered,2025-12-13 09:29:00
b9dd9132-538b-4fd5-b8bc-94e5dd50d52e,10bfb3f5-36f7-444f-b7ab-a6c25971282b,3a817666-41f4-40e7-8394-2b7a65cd59bb,,sms,inbound,"Na ok, I dey come",pcm,delivered,2025-12-13 11:38:00
2dc04629-3930-444c-9c1b-97891b4571da,10bfb3f5-36f7-444f-b7ab-a6c25971282b,34cfa0bc-0ac0-48a5-8236-983a0284f317,,appointment_reminder,outbound,Reminder: your BP check at Abeokuta South Comprehensive HC is tomorrow. Reply 1 to confirm or 2 to change the day.,en,delivered,2026-01-09 09:58:00
1a1da6ae-e377-426c-953a-4116cd4e3b66,10bfb3f5-36f7-444f-b7ab-a6c25971282b,34cfa0bc-0ac0-48a5-8236-983a0284f317,,sms,inbound,"No wahala, I go show",pcm,delivered,2026-01-09 14:39:00
0e371b73-62b8-4f89-9e02-aaf099b61115,10bfb3f5-36f7-444f-b7ab-a6c25971282b,41ca74b8-eea6-4eba-b599-144b61bbcaed,,appointment_reminder,outbound,Reminder: your BP check at Abeokuta South Comprehensive HC is tomorrow. Reply 1 to confirm or 2 to change the day.,en,delivered,2026-01-21 10:17:00
0dca74e3-5553-4af4-b22d-813a21630820,10bfb3f5-36f7-444f-b7ab-a6c25971282b,fec5aafe-5a8f-4d61-82fd-2bf2a84b76da,,appointment_reminder,outbound,Reminder: your BP check at Abeokuta South Comprehensive HC is tomorrow. Reply 1 to confirm or 2 to change the day.,en,delivered,2026-02-17 09:57:00
4316afb4-14a6-4331-bf8f-729397e21db8,10bfb3f5-36f7-444f-b7ab-a6c25971282b,fec5aafe-5a8f-4d61-82fd-2bf2a84b76da,,missed_visit_sms_reminder,outbound,You missed your BP visit at Abeokuta South Comprehensive HC. Please come this week. Reply 2 if you need another day.,en,delivered,2026-02-21 09:54:00
10fae463-0cf5-4755-977b-84e775ae028c,10bfb3f5-36f7-444f-b7ab-a6c25971282b,fec5aafe-5a8f-4d61-82fd-2bf2a84b76da,,voip_call,outbound,,,completed,2026-02-24 10:23:00
b0815c0e-feea-4828-88de-1c7f49d43d1f,29ea352a-4a1e-4376-afb8-972e8fdecc76,69bc0198-e4d4-461e-b1f3-32ae92503ec4,,appointment_reminder,outbound,Reminder: your BP check at Abeokuta South Comprehensive HC is tomorrow. Reply 1 to confirm or 2 to change the day.,en,delivered,2025-06-09 10:39:00
a3a09c96-fecf-42e2-8cc8-b3769fb69dc0,29ea352a-4a1e-4376-afb8-972e8fdecc76,2e04aaaf-a136-4c81-bce6-9621faab7c39,,appointment_reminder,outbound,Reminder: your BP check at Abeokuta South Comprehensive HC is tomorrow. Reply 1 to confirm or 2 to change the day.,en,delivered,2025-07-03 10:42:00
1311db8c-665a-4d9e-8c67-c5f8245846f3,29ea352a-4a1e-4376-afb8-972e8fdecc76,24b8a9e4-156f-42db-a807-a9e2d0f38898,,appointment_reminder,outbound,Reminder: your BP check at Abeokuta South Comprehensive HC is tomorrow. Reply 1 to confirm or 2 to change the day.,en,sent,2025-07-22 09:01:00
4e263017-bbc9-4928-a107-c746431bf11e,29ea352a-4a1e-4376-afb8-972e8fdecc76,24b8a9e4-156f-42db-a807-a9e2d0f38898,,sms,inbound,I no know this person o,pcm,delivered,2025-07-22 10:47:00
810ee35c-b98b-493a-852e-131db455cc2f,29ea352a-4a1e-4376-afb8-972e8fdecc76,24b8a9e4-156f-42db-a807-a9e2d0f38898,,missed_visit_sms_reminder,outbound,You missed your BP visit at Abeokuta South Comprehensive HC. Please come this week. Reply 2 if you need another day.,en,delivered,2025-07-26 10:06:00
a36c1a09-e502-469b-a289-a70391ad9169,29ea352a-4a1e-4376-afb8-972e8fdecc76,24b8a9e4-156f-42db-a807-a9e2d0f38898,,sms,inbound,"no wahala, i go show",pcm,delivered,2025-07-26 11:50:00
f8c1ab92-9719-4bd4-a2a9-4b58a6f0468d,29ea352a-4a1e-4376-afb8-972e8fdecc76,25b8edb5-6e24-4fa6-82cf-2d581e785487,,appointment_reminder,outbound,Reminder: your BP check at Abeokuta South Comprehensive HC is tomorrow. Reply 1 to confirm or 2 to change the day.,en,sent,2025-08-31 09:09:00
275d2641-9327-4e5e-9ea9-8c3255194f58,29ea352a-4a1e-4376-afb8-972e8fdecc76,8b44fb64-de26-4543-b218-ff1d329075d3,,appointment_reminder,outbound,Reminder: your BP check at Abeokuta South Comprehensive HC is tomorrow. Reply 1 to confirm or 2 to change the day.,en,delivered,2025-09-26 09:12:00
7c6bf61b-06a5-4e32-9d04-b6b779755b84,29ea352a-4a1e-4376-afb8-972e8fdecc76,8b44fb64-de26-4543-b218-ff1d329075d3,,missed_visit_sms_reminder,outbound,You missed your BP visit at Abeokuta South Comprehensive HC. Please come this week. Reply 2 if you need another day.,en,delivered,2025-09-30 10:12:00
bffa06d9-1460-48fe-b31d-1fcda0b5a426,29ea352a-4a1e-4376-afb8-972e8fdecc76,8b44fb64-de26-4543-b218-ff1d329075d3,,voip_call,outbound,,,completed,2025-10-16 16:52:00
035285f5-a316-4d95-afd2-b892a4135d26,84205bf5-8a7d-4ac6-ab4e-963cd366dabc,28954f49-0f2a-4e2a-940a-ac3556447a64,,appointment_reminder,outbound,Reminder: your BP check at Abeokuta South Comprehensive HC is tomorrow. Reply 1 to confirm or 2 to change the day.,en,failed,2026-07-23 09:03:00
89e8bbf1-5443-46db-8284-50d5f4f4b2be,84205bf5-8a7d-4ac6-ab4e-963cd366dabc,53316bc7-620b-46b3-a62e-282cb83c1b6b,,appointment_reminder,outbound,Reminder: your BP check at Abeokuta South Comprehensive HC is tomorrow. Reply 1 to confirm or 2 to change the day.,en,delivered,2026-08-26 10:01:00
08fd7157-3dba-48e3-855e-a6d951ed1275,84205bf5-8a7d-4ac6-ab4e-963cd366dabc,53316bc7-620b-46b3-a62e-282cb83c1b6b,,sms,inbound,i don't know this person,en,delivered,2026-08-26 16:45:00
a9b63e14-cb58-4f6e-8414-aca965d8aca8,84205bf5-8a7d-4ac6-ab4e-963cd366dabc,43e4a074-5fe4-42c5-868f-e24e87e23796,,appointment_reminder,outbound,Reminder: your BP check at Abeokuta South Comprehensive HC is tomorrow. Reply 1 to confirm or 2 to change the day.,en,delivered,2026-09-17 10:58:00
1d51fc7b-d11c-4e18-8965-0ae7fd8a7970,84205bf5-8a7d-4ac6-ab4e-963cd366dabc,43e4a074-5fe4-42c5-868f-e24e87e23796,,sms,inbound,Can I stop the tablets? I feel fine now,en,delivered,2026-09-17 18:59:00
13345bd2-9b0f-4a4c-a88a-27a893dc304d,2a3950cf-9c04-4c94-a5e8-ee8e4a41769b,2a95e49b-e92f-442a-8fb9-e1a2f2bd78b9,,appointment_reminder,outbound,Reminder: your BP check at Abeokuta South Comprehensive HC is tomorrow. Reply 1 to confirm or 2 to change the day.,en,sent,2026-07-25 10:31:00
5945cf86-813b-4b68-a167-8ffabb68b59a,2a3950cf-9c04-4c94-a5e8-ee8e4a41769b,1b471861-0111-462c-9df7-3696ac899d85,,appointment_reminder,outbound,Reminder: your BP check at Abeokuta South Comprehensive HC is tomorrow. Reply 1 to confirm or 2 to change the day.,en,failed,2026-08-19 10:44:00
3c8cc7d2-5050-4a89-adae-186d25464b20,2a3950cf-9c04-4c94-a5e8-ee8e4a41769b,71738946-46cd-482b-a698-dec6b77d533a,,appointment_reminder,outbound,Reminder: your BP check at Abeokuta South Comprehensive HC is tomorrow. Reply 1 to confirm or 2 to change the day.,en,delivered,2026-09-15 10:50:00
a77ff079-b9de-4328-9da6-918a8d6919c6,2a3950cf-9c04-4c94-a5e8-ee8e4a41769b,71738946-46cd-482b-a698-dec6b77d533a,,sms,inbound,2,en,delivered,2026-09-15 15:19:00
43b77b47-c1d2-4dc1-a953-5b20bd0ae188,07888b0c-585a-49bb-82e3-e4a98a3465c0,d9185f83-5d52-44af-9e73-02062f59a0a7,,appointment_reminder,outbound,Reminder: your BP check at Ikorodu General Hospital is tomorrow. Reply 1 to confirm or 2 to change the day.,en,delivered,2024-10-05 09:47:00
93351f0f-e2dc-470b-8812-657bc315b7cb,07888b0c-585a-49bb-82e3-e4a98a3465c0,7c90dab8-56ed-4938-80ef-1d50e55c0b64,,appointment_reminder,outbound,Reminder: your BP check at Ikorodu General Hospital is tomorrow. Reply 1 to confirm or 2 to change the day.,en,delivered,2024-11-05 09:42:00
00c6fd0f-561b-4e41-84fa-85408488fb14,07888b0c-585a-49bb-82e3-e4a98a3465c0,a929833d-6792-4f02-9b19-2a4f75551423,,appointment_reminder,outbound,Reminder: your BP check at Ikorodu General Hospital is tomorrow. Reply 1 to confirm or 2 to change the day.,en,delivered,2024-11-21 10:13:00
f143d5ec-6598-45f6-ac44-9110fdd3d929,07888b0c-585a-49bb-82e3-e4a98a3465c0,a929833d-6792-4f02-9b19-2a4f75551423,,missed_visit_sms_reminder,outbound,You missed your BP visit at Ikorodu General Hospital. Please come this week. Reply 2 if you need another day.,en,failed,2024-11-25 09:15:00
6e47d85a-3735-45cf-a7b9-717f9a09f267,07888b0c-585a-49bb-82e3-e4a98a3465c0,31ce7640-613c-437c-af10-2cfec9d8ce99,,appointment_reminder,outbound,Reminder: your BP check at Ikorodu General Hospital is tomorrow. Reply 1 to confirm or 2 to change the day.,en,failed,2025-02-19 09:43:00
32c533f2-cbdf-4361-bf7d-961a5ee99608,07888b0c-585a-49bb-82e3-e4a98a3465c0,4c50a4f3-2c27-44e8-ad8e-53c0830274ac,,appointment_reminder,outbound,Reminder: your BP check at Ikorodu General Hospital is tomorrow. Reply 1 to confirm or 2 to change the day.,en,delivered,2025-03-22 09:44:00
71dfc75b-8768-474b-b5b7-262ae8c900aa,07888b0c-585a-49bb-82e3-e4a98a3465c0,4e4a6683-06e0-452b-9231-96d6c81e65f5,,appointment_reminder,outbound,Reminder: your BP check at Ikorodu General Hospital is tomorrow. Reply 1 to confirm or 2 to change the day.,en,delivered,2025-04-19 10:30:00
fc8f831d-e2c5-4172-8a12-720c42811cb4,07888b0c-585a-49bb-82e3-e4a98a3465c0,5022e6f2-def0-46e3-8cbe-4d04ee98694c,,appointment_reminder,outbound,Reminder: your BP check at Ikorodu General Hospital is tomorrow. Reply 1 to confirm or 2 to change the day.,en,delivered,2025-05-09 10:01:00
06d4845a-43bd-428b-9b0e-4febab6e6c9b,07888b0c-585a-49bb-82e3-e4a98a3465c0,5022e6f2-def0-46e3-8cbe-4d04ee98694c,,sms,inbound,mo ma wa,yo,delivered,2025-05-09 19:26:00
af37d031-abe5-4719-8177-807488f30c5c,07888b0c-585a-49bb-82e3-e4a98a3465c0,4276e4f1-30d6-461b-8001-ac03e9197645,,appointment_reminder,outbound,Reminder: your BP check at Ikorodu General Hospital is tomorrow. Reply 1 to confirm or 2 to change the day.,en,delivered,2025-06-04 09:12:00
ea06261d-32b9-457e-9018-cf27a9ff0ad2,07888b0c-585a-49bb-82e3-e4a98a3465c0,2d629838-7278-46c1-adfc-31184fb22c1c,,appointment_reminder,outbound,Reminder: your BP check at Ikorodu General Hospital is tomorrow. Reply 1 to confirm or 2 to change the day.,en,delivered,2025-07-03 10:22:00
d9cb810a-f033-4c12-b4dd-ecd5192a2274,07888b0c-585a-49bb-82e3-e4a98a3465c0,2d629838-7278-46c1-adfc-31184fb22c1c,,sms,inbound,i go cme,pcm,delivered,2025-07-03 12:03:00
9daa446c-2eef-416e-8eef-44bd748ae3dc,07888b0c-585a-49bb-82e3-e4a98a3465c0,1062d4c8-417f-4bac-91d3-bdf7ee65a072,,appointment_reminder,outbound,Reminder: your BP check at Ikorodu General Hospital is tomorrow. Reply 1 to confirm or 2 to change the day.,en,failed,2025-08-30 10:45:00
00e611a1-3ec0-4ad7-b7d8-d95ebf2b7cb1,07888b0c-585a-49bb-82e3-e4a98a3465c0,6af07075-740b-4d32-81ef-1eaf6a786ad3,,appointment_reminder,outbound,Reminder: your BP check at Ikorodu General Hospital is tomorrow. Reply 1 to confirm or 2 to change the day.,en,delivered,2025-10-22 10:32:00
79b6add4-1eec-462e-98aa-3be637d3e427,07888b0c-585a-49bb-82e3-e4a98a3465c0,6af07075-740b-4d32-81ef-1eaf6a786ad3,,sms,inbound,Can I stop the tablets? I feel fine now,en,delivered,2025-10-22 18:29:00
05698f38-ff8a-4ed5-90b0-ec9a77e4682e,07888b0c-585a-49bb-82e3-e4a98a3465c0,6af07075-740b-4d32-81ef-1eaf6a786ad3,,missed_visit_sms_reminder,outbound,You missed your BP visit at Ikorodu General Hospital. Please come this week. Reply 2 if you need another day.,en,delivered,2025-10-26 09:08:00
6bc360f5-8db3-4d37-a0e8-da5db059ff44,07888b0c-585a-49bb-82e3-e4a98a3465c0,6af07075-740b-4d32-81ef-1eaf6a786ad3,,sms,inbound,"i no fit come tomorrow, abeg shift am",pcm,delivered,2025-10-26 10:21:00
ce8beedd-77ef-4ad4-a35f-a2bd74abef32,07888b0c-585a-49bb-82e3-e4a98a3465c0,6af07075-740b-4d32-81ef-1eaf6a786ad3,,voip_call,outbound,,,completed,2025-10-29 12:06:00
dc5bb7f9-da7a-4d2a-80f0-f024d8f22056,07888b0c-585a-49bb-82e3-e4a98a3465c0,8934a77b-3756-42d2-bfca-96a097d6741c,,appointment_reminder,outbound,Reminder: your BP check at Ikorodu General Hospital is tomorrow. Reply 1 to confirm or 2 to change the day.,en,delivered,2025-12-27 09:47:00
40f2da0f-300d-4b71-ab60-ca617ca1cd70,07888b0c-585a-49bb-82e3-e4a98a3465c0,6264fea0-78ba-48f6-9ae6-8b87ce24720e,,appointment_reminder,outbound,Reminder: your BP check at Ikorodu General Hospital is tomorrow. Reply 1 to confirm or 2 to change the day.,en,delivered,2026-01-21 10:31:00
412d08f1-01d2-4930-b3a2-9cf76abca8fa,07888b0c-585a-49bb-82e3-e4a98a3465c0,dd972b80-38ee-4c43-af4e-4c97b3b40b91,,appointment_reminder,outbound,Reminder: your BP check at Ikorodu General Hospital is tomorrow. Reply 1 to confirm or 2 to change the day.,en,failed,2026-04-16 09:15:00
be9f4eab-7fbf-4c2f-8087-4573aa8f425a,07888b0c-585a-49bb-82e3-e4a98a3465c0,dd972b80-38ee-4c43-af4e-4c97b3b40b91,,missed_visit_sms_reminder,outbound,You missed your BP visit at Ikorodu General Hospital. Please come this week. Reply 2 if you need another day.,en,delivered,2026-04-20 09:05:00
9059e857-db88-4a3b-9be3-e91fbbca5a63,07888b0c-585a-49bb-82e3-e4a98a3465c0,dd972b80-38ee-4c43-af4e-4c97b3b40b91,,voip_call,outbound,,,completed,2026-04-24 11:40:00
07807281-aa7f-4278-9105-85f0abb1e8c6,1f3d92df-bd4c-455b-ae16-1c2bbf143724,2fc70651-4a4a-4b96-a14d-bc16d0d85513,,appointment_reminder,outbound,Reminder: your BP check at Abeokuta South Comprehensive HC is tomorrow. Reply 1 to confirm or 2 to change the day.,en,delivered,2025-07-16 10:03:00
6f7778ea-687f-423e-b0a9-4ac45ac856f6,1f3d92df-bd4c-455b-ae16-1c2bbf143724,2fc70651-4a4a-4b96-a14d-bc16d0d85513,,missed_visit_sms_reminder,outbound,You missed your BP visit at Abeokuta South Comprehensive HC. Please come this week. Reply 2 if you need another day.,en,sent,2025-07-20 09:39:00
d44d178a-4023-447c-8201-114c278971d8,1f3d92df-bd4c-455b-ae16-1c2bbf143724,2fc70651-4a4a-4b96-a14d-bc16d0d85513,,voip_call,outbound,,,completed,2025-07-30 14:27:00
54d19aec-2543-497e-9524-b7e8e6885661,1f3d92df-bd4c-455b-ae16-1c2bbf143724,eb4acd14-430a-4a60-ba70-22d61d44acf5,,appointment_reminder,outbound,Reminder: your BP check at Abeokuta South Comprehensive HC is tomorrow. Reply 1 to confirm or 2 to change the day.,en,delivered,2025-12-16 10:11:00
97c94cf8-1e8e-4f84-8409-469d25b4128d,1f3d92df-bd4c-455b-ae16-1c2bbf143724,eb4acd14-430a-4a60-ba70-22d61d44acf5,,sms,inbound,I go cme,pcm,delivered,2025-12-16 10:50:00
4fcedfd4-4eab-4baa-b860-8ce7077d2010,1f3d92df-bd4c-455b-ae16-1c2bbf143724,1325450e-69a2-434c-b9d9-5c1ca7aa8d2d,,appointment_reminder,outbound,Reminder: your BP check at Abeokuta South Comprehensive HC is tomorrow. Reply 1 to confirm or 2 to change the day.,en,delivered,2026-01-12 09:49:00
62b174d5-1e7d-449c-870b-27fe7901a20e,1f3d92df-bd4c-455b-ae16-1c2bbf143724,1325450e-69a2-434c-b9d9-5c1ca7aa8d2d,,missed_visit_sms_reminder,outbound,You missed your BP visit at Abeokuta South Comprehensive HC. Please come this week. Reply 2 if you need another day.,en,sent,2026-01-16 10:48:00
5a3277f3-a0dc-45ac-ae0c-282c666d42ec,1f3d92df-bd4c-455b-ae16-1c2bbf143724,50275a68-475d-4201-8081-3fc99e86fad2,,appointment_reminder,outbound,Reminder: your BP check at Abeokuta South Comprehensive HC is tomorrow. Reply 1 to confirm or 2 to change the day.,en,delivered,2026-02-18 10:25:00
a1d9aa82-a235-42bb-a408-247379061ca8,1f3d92df-bd4c-455b-ae16-1c2bbf143724,50275a68-475d-4201-8081-3fc99e86fad2,,sms,inbound,"O da, ma wa lola",yo,delivered,2026-02-18 19:46:00
c37b47cd-774d-4c3c-90b0-043d6a1d1ed8,1f3d92df-bd4c-455b-ae16-1c2bbf143724,50275a68-475d-4201-8081-3fc99e86fad2,,missed_visit_sms_reminder,outbound,You missed your BP visit at Abeokuta South Comprehensive HC. Please come this week. Reply 2 if you need another day.,en,delivered,2026-02-22 09:26:00
70ee2212-029a-4cca-a567-3976ec87037d,eedd09c9-d902-4a33-a350-94fd6ed36f43,64efdcd4-cf99-4755-a0ae-e006d35d2e36,,appointment_reminder,outbound,Reminder: your BP check at Agege Primary Health Centre is tomorrow. Reply 1 to confirm or 2 to change the day.,en,delivered,2025-02-07 09:25:00
64850abd-6d4d-42b7-8197-cc12f37731bb,eedd09c9-d902-4a33-a350-94fd6ed36f43,01c46b5b-1830-41f2-a8f5-8a53b9781360,,appointment_reminder,outbound,Reminder: your BP check at Agege Primary Health Centre is tomorrow. Reply 1 to confirm or 2 to change the day.,en,sent,2025-03-07 09:04:00
5a9aa76e-80c5-4436-a291-8af814301225,eedd09c9-d902-4a33-a350-94fd6ed36f43,75eb7da1-707c-4ac0-aff1-fd42cf21a46e,,appointment_reminder,outbound,Reminder: your BP check at Agege Primary Health Centre is tomorrow. Reply 1 to confirm or 2 to change the day.,en,delivered,2025-04-03 09:21:00
51fa4435-8684-4714-9eb6-e31bc4cd4dd9,eedd09c9-d902-4a33-a350-94fd6ed36f43,75eb7da1-707c-4ac0-aff1-fd42cf21a46e,,sms,inbound,1,en,delivered,2025-04-03 12:21:00
dc7dce0b-694e-4b4b-97a5-780f14f5053c,eedd09c9-d902-4a33-a350-94fd6ed36f43,7a0776b2-3231-49ce-9323-a1118c36bae4,,appointment_reminder,outbound,Reminder: your BP check at Agege Primary Health Centre is tomorrow. Reply 1 to confirm or 2 to change the day.,en,delivered,2025-04-29 10:52:00
d493f35d-ecf9-47a9-b41b-4f0a43f38c93,eedd09c9-d902-4a33-a350-94fd6ed36f43,5d5a55fb-eaa7-48bb-b583-83225f0dd53a,,appointment_reminder,outbound,Reminder: your BP check at Agege Primary Health Centre is tomorrow. Reply 1 to confirm or 2 to change the day.,en,delivered,2025-06-01 10:17:00
653be253-8a3b-4ffd-816c-117c9f08f00f,eedd09c9-d902-4a33-a350-94fd6ed36f43,5c124d67-21bd-4d94-b8d6-4164975a91cd,,appointment_reminder,outbound,Reminder: your BP check at Agege Primary Health Centre is tomorrow. Reply 1 to confirm or 2 to change the day.,en,failed,2025-07-05 10:59:00
ff77b235-7418-4745-8354-bdab25d3f6b3,eedd09c9-d902-4a33-a350-94fd6ed36f43,826ebb6c-fac9-4220-88a1-3c7c3bf00031,,appointment_reminder,outbound,Reminder: your BP check at Agege Primary Health Centre is tomorrow. Reply 1 to confirm or 2 to change the day.,en,delivered,2025-08-02 10:28:00
40550e81-26f1-46ae-b83d-4e4106bc8f09,eedd09c9-d902-4a33-a350-94fd6ed36f43,826ebb6c-fac9-4220-88a1-3c7c3bf00031,,sms,inbound,Can I stop the tablets? I feel fine now,en,delivered,2025-08-02 17:01:00
ac1069f4-b119-46d4-8fa9-9e12a8fdc569,eedd09c9-d902-4a33-a350-94fd6ed36f43,8c4ed379-6619-46c3-8f9c-1a1a41fdccc4,,appointment_reminder,outbound,Reminder: your BP check at Agege Primary Health Centre is tomorrow. Reply 1 to confirm or 2 to change the day.,en,delivered,2025-10-24 09:44:00
1d424f17-177c-47a0-bd17-07199e86a332,eedd09c9-d902-4a33-a350-94fd6ed36f43,c829181a-3763-4632-b80d-e62084faa546,,appointment_reminder,outbound,Reminder: your BP check at Agege Primary Health Centre is tomorrow. Reply 1 to confirm or 2 to change the day.,en,delivered,2025-12-19 09:09:00
ad1e7d56-3d29-43c3-af25-c0b6efc9f06f,eedd09c9-d902-4a33-a350-94fd6ed36f43,c829181a-3763-4632-b80d-e62084faa546,,sms,inbound,"mi o le wa ni ola, ose to n bo",yo,delivered,2025-12-19 14:38:00
d5f356c8-75eb-42d9-b4c8-7c196e9b16d1,eedd09c9-d902-4a33-a350-94fd6ed36f43,ff43d846-3874-4217-882a-707b5abcb154,,appointment_reminder,outbound,Reminder: your BP check at Agege Primary Health Centre is tomorrow. Reply 1 to confirm or 2 to change the day.,en,failed,2026-02-12 09:35:00
0a8ab2b0-9c5a-4480-b9d7-d9ae900818f1,eedd09c9-d902-4a33-a350-94fd6ed36f43,a48fddea-951b-4e4d-836e-347c7a32229a,,appointment_reminder,outbound,Reminder: your BP check at Agege Primary Health Centre is tomorrow. Reply 1 to confirm or 2 to change the day.,en,delivered,2026-04-08 09:06:00
8be22dd4-b16a-441b-88ce-fa7ab894524a,eedd09c9-d902-4a33-a350-94fd6ed36f43,a48fddea-951b-4e4d-836e-347c7a32229a,,sms,inbound,"I can't come on that day, can I come next week",en,delivered,2026-04-08 10:46:00
20979eb3-f9be-4a52-b35d-84cbb5012798,eedd09c9-d902-4a33-a350-94fd6ed36f43,1f323881-6b46-4416-85f9-7c589c055e2c,,appointment_reminder,outbound,Reminder: your BP check at Agege Primary Health Centre is tomorrow. Reply 1 to confirm or 2 to change the day.,en,delivered,2026-06-01 09:35:00
840b95ab-a0c2-460f-8d29-620c7d9e9933,eedd09c9-d902-4a33-a350-94fd6ed36f43,b7b5eaf9-cd49-4244-8f5f-a3e96db2263d,,appointment_reminder,outbound,Reminder: your BP check at Agege Primary Health Centre is tomorrow. Reply 1 to confirm or 2 to change the day.,en,delivered,2026-06-29 09:17:00
9f8fea22-063e-4171-84f5-dd7ce3d3dcca,eedd09c9-d902-4a33-a350-94fd6ed36f43,b7b5eaf9-cd49-4244-8f5f-a3e96db2263d,,sms,inbound,"No wahala, I go show",pcm,delivered,2026-06-29 15:43:00
93ca34e6-edfa-4120-94fb-d86e1a54901e,eedd09c9-d902-4a33-a350-94fd6ed36f43,6566452d-c7f4-4e68-8c60-cd2661738418,,appointment_reminder,outbound,Reminder: your BP check at Agege Primary Health Centre is tomorrow. Reply 1 to confirm or 2 to change the day.,en,delivered,2026-08-27 10:46:00
2f03635f-0b1a-4d80-bc2a-267201a26cb6,eedd09c9-d902-4a33-a350-94fd6ed36f43,6566452d-c7f4-4e68-8c60-cd2661738418,,sms,inbound,My head is paining me and my BP is high,en,delivered,2026-08-27 11:09:00
e5a59dee-ca1d-45a6-b34b-c44c5236a85d,32c5aeac-6fcc-4edc-95ce-1a140b1a29d0,24ec6a10-58c3-4ae0-9ea1-f52dbad78b2d,,appointment_reminder,outbound,Reminder: your BP check at Sagamu Model PHC is tomorrow. Reply 1 to confirm or 2 to change the day.,en,delivered,2024-10-08 09:24:00
0f49a725-a05f-4845-b8d6-286ec6ec00a0,32c5aeac-6fcc-4edc-95ce-1a140b1a29d0,f2a8ff75-2fad-49b9-bbab-19bfc0b8057b,,appointment_reminder,outbound,Reminder: your BP check at Sagamu Model PHC is tomorrow. Reply 1 to confirm or 2 to change the day.,en,delivered,2024-10-23 10:12:00
1ef533b5-7af5-404d-9155-31a78f3aac33,32c5aeac-6fcc-4edc-95ce-1a140b1a29d0,e2ab7c66-2c94-4c79-b1d1-2f94d0bdad34,,appointment_reminder,outbound,Reminder: your BP check at Sagamu Model PHC is tomorrow. Reply 1 to confirm or 2 to change the day.,en,delivered,2024-11-23 10:46:00
7d954058-78c6-4585-ac34-c7c827e3a66b,32c5aeac-6fcc-4edc-95ce-1a140b1a29d0,5b61d564-72b9-4ea6-a557-673da9902382,,appointment_reminder,outbound,Reminder: your BP check at Sagamu Model PHC is tomorrow. Reply 1 to confirm or 2 to change the day.,en,sent,2024-12-20 10:55:00
34e3cbdb-1da6-41de-b60a-cab9cef4e44b,32c5aeac-6fcc-4edc-95ce-1a140b1a29d0,5b61d564-72b9-4ea6-a557-673da9902382,,sms,inbound,Make I come next week instead,pcm,delivered,2024-12-20 17:18:00
63e168a1-2717-4b8f-b728-fb82c52cad4b,32c5aeac-6fcc-4edc-95ce-1a140b1a29d0,37fe9b14-ba38-4dff-a55f-b5f3dc5e1d39,,appointment_reminder,outbound,Reminder: your BP check at Sagamu Model PHC is tomorrow. Reply 1 to confirm or 2 to change the day.,en,delivered,2025-01-03 10:36:00
e9c6d060-e02e-4c43-8b99-4398beb56918,32c5aeac-6fcc-4edc-95ce-1a140b1a29d0,85a279d0-4adc-4c59-83d7-f8b53d022803,,appointment_reminder,outbound,Reminder: your BP check at Sagamu Model PHC is tomorrow. Reply 1 to confirm or 2 to change the day.,en,delivered,2025-02-04 10:36:00
39b41ef0-ffdc-4a5c-a1aa-be4155d77166,32c5aeac-6fcc-4edc-95ce-1a140b1a29d0,85a279d0-4adc-4c59-83d7-f8b53d022803,,missed_visit_sms_reminder,outbound,You missed your BP visit at Sagamu Model PHC. Please come this week. Reply 2 if you need another day.,en,delivered,2025-02-08 10:08:00
fbe3b94b-6bf0-4573-9b7f-3e8fe840ebae,32c5aeac-6fcc-4edc-95ce-1a140b1a29d0,85a279d0-4adc-4c59-83d7-f8b53d022803,,voip_call,outbound,,,completed,2025-02-15 12:19:00
5d93b63f-8d25-4b52-a955-0833eb352f42,32c5aeac-6fcc-4edc-95ce-1a140b1a29d0,d7f29116-0adf-4661-9b1b-f03d4b0043b0,,appointment_reminder,outbound,Reminder: your BP check at Sagamu Model PHC is tomorrow. Reply 1 to confirm or 2 to change the day.,en,delivered,2025-04-18 10:26:00
ca0e84f8-bb0f-4cd5-81b1-6f86d73d4b48,32c5aeac-6fcc-4edc-95ce-1a140b1a29d0,d7f29116-0adf-4661-9b1b-f03d4b0043b0,,missed_visit_sms_reminder,outbound,You missed your BP visit at Sagamu Model PHC. Please come this week. Reply 2 if you need another day.,en,delivered,2025-04-22 10:28:00
f9df334b-6895-46fc-8dcd-7c0540944280,32c5aeac-6fcc-4edc-95ce-1a140b1a29d0,d7f29116-0adf-4661-9b1b-f03d4b0043b0,,sms,inbound,"Na ok, I dey cme",pcm,delivered,2025-04-22 12:50:00
1114917e-49f0-479d-bd88-30509b237fe4,32c5aeac-6fcc-4edc-95ce-1a140b1a29d0,d7f29116-0adf-4661-9b1b-f03d4b0043b0,,voip_call,outbound,,,completed,2025-05-03 16:34:00
caabbda1-2f37-43d9-bfbd-a74ce5b47def,32c5aeac-6fcc-4edc-95ce-1a140b1a29d0,d66941b8-218c-4aed-b94d-f335eaa8e63e,,appointment_reminder,outbound,Reminder: your BP check at Sagamu Model PHC is tomorrow. Reply 1 to confirm or 2 to change the day.,en,delivered,2025-06-26 09:41:00
06126195-2466-4f5f-8e09-ec959bb822eb,32c5aeac-6fcc-4edc-95ce-1a140b1a29d0,d66941b8-218c-4aed-b94d-f335eaa8e63e,,sms,inbound,Ojo wo ni ki n wa?,yo,delivered,2025-06-26 13:41:00
f3089810-6a55-4645-b2bb-68d1139641ce,32c5aeac-6fcc-4edc-95ce-1a140b1a29d0,d66941b8-218c-4aed-b94d-f335eaa8e63e,,missed_visit_sms_reminder,outbound,You missed your BP visit at Sagamu Model PHC. Please come this week. Reply 2 if you need another day.,en,delivered,2025-06-30 09:05:00
c591d333-b0e5-4ab3-8392-9f56cd26d6f1,32c5aeac-6fcc-4edc-95ce-1a140b1a29d0,d66941b8-218c-4aed-b94d-f335eaa8e63e,,sms,inbound,Mo ma wa,yo,delivered,2025-06-30 09:10:00
a4fe4db6-7ecb-4ee3-90d4-b2d23243c919,32c5aeac-6fcc-4edc-95ce-1a140b1a29d0,d66941b8-218c-4aed-b94d-f335eaa8e63e,,voip_call,outbound,,,completed,2025-07-16 15:47:00
44ca52fe-7210-482b-a910-d792472a9bae,32c5aeac-6fcc-4edc-95ce-1a140b1a29d0,37c22ccb-6967-4efc-b117-82288f113527,,appointment_reminder,outbound,Reminder: your BP check at Sagamu Model PHC is tomorrow. Reply 1 to confirm or 2 to change the day.,en,delivered,2025-09-05 10:14:00
19c19593-81b1-460d-884e-7c3a02d686cf,32c5aeac-6fcc-4edc-95ce-1a140b1a29d0,37c22ccb-6967-4efc-b117-82288f113527,,missed_visit_sms_reminder,outbound,You missed your BP visit at Sagamu Model PHC. Please come this week. Reply 2 if you need another day.,en,delivered,2025-09-09 10:54:00
0ebf2f21-9a72-4dce-8fee-c491e3a1fa78,32c5aeac-6fcc-4edc-95ce-1a140b1a29d0,922cb4af-fcaa-490a-9171-2a09649e37a2,,appointment_reminder,outbound,Reminder: your BP check at Sagamu Model PHC is tomorrow. Reply 1 to confirm or 2 to change the day.,en,delivered,2026-04-19 09:45:00
ced4e29e-4345-44d8-bdfe-8aa289b51e5a,32c5aeac-6fcc-4edc-95ce-1a140b1a29d0,812d2a3e-5722-440c-8717-212e8c7b0326,,appointment_reminder,outbound,Reminder: your BP check at Sagamu Model PHC is tomorrow. Reply 1 to confirm or 2 to change the day.,en,delivered,2026-05-17 10:46:00
d62cf8f9-377e-488d-95f8-1a49a3fcfa75,32c5aeac-6fcc-4edc-95ce-1a140b1a29d0,be7e91e1-a0cc-4adc-86b1-cd9b2cb5c3a6,,appointment_reminder,outbound,Reminder: your BP check at Sagamu Model PHC is tomorrow. Reply 1 to confirm or 2 to change the day.,en,delivered,2026-07-10 09:01:00
f6abcb68-2f9e-4875-9bbb-6a3e26260232,32c5aeac-6fcc-4edc-95ce-1a140b1a29d0,be7e91e1-a0cc-4adc-86b1-cd9b2cb5c3a6,,sms,inbound,i have finished my drugs,en,delivered,2026-07-10 09:29:00
8740f83d-4781-4839-8c24-4a86b380398d,32c5aeac-6fcc-4edc-95ce-1a140b1a29d0,be7e91e1-a0cc-4adc-86b1-cd9b2cb5c3a6,,missed_visit_sms_reminder,outbound,You missed your BP visit at Sagamu Model PHC. Please come this week. Reply 2 if you need another day.,en,delivered,2026-07-14 09:57:00
f3b3353f-2f11-458e-9e8e-718d7cae46ac,c045e5f5-45c9-4de2-bb3e-e849493b1aac,72451b88-1eb9-4b05-90b5-8f0edd7df730,,appointment_reminder,outbound,Reminder: your BP check at Ijebu Ode Primary Health Centre is tomorrow. Reply 1 to confirm or 2 to change the day.,en,delivered,2024-11-28 10:28:00
043f5eff-a0d0-4a5a-9339-4f80cbe51ab7,c045e5f5-45c9-4de2-bb3e-e849493b1aac,183ae517-e6ad-48da-b4c0-e65dc3eab38d,,appointment_reminder,outbound,Reminder: your BP check at Ijebu Ode Primary Health Centre is tomorrow. Reply 1 to confirm or 2 to change the day.,en,failed,2024-12-29 10:40:00
55e86666-36fe-487d-b2d7-4d39dbfb5cc4,c045e5f5-45c9-4de2-bb3e-e849493b1aac,0db2c130-7885-4752-a193-66edd3112766,,appointment_reminder,outbound,Reminder: your BP check at Ijebu Ode Primary Health Centre is tomorrow. Reply 1 to confirm or 2 to change the day.,en,delivered,2025-01-27 10:04:00
2e564d33-0708-4528-9b1b-2b19f5c71f56,c045e5f5-45c9-4de2-bb3e-e849493b1aac,0db2c130-7885-4752-a193-66edd3112766,,sms,inbound,Wannan lambar ba tawa ba,ha,delivered,2025-01-27 11:38:00
4dcf1795-5cb3-40df-946e-6a3a7785a616,c045e5f5-45c9-4de2-bb3e-e849493b1aac,f1ebd672-6570-4d75-b4a3-27fab63aa234,,appointment_reminder,outbound,Reminder: your BP check at Ijebu Ode Primary Health Centre is tomorrow. Reply 1 to confirm or 2 to change the day.,en,delivered,2025-02-26 09:59:00
4e2b8715-38b8-459f-98d8-e8a13442cb21,c045e5f5-45c9-4de2-bb3e-e849493b1aac,f1ebd672-6570-4d75-b4a3-27fab63aa234,,missed_visit_sms_reminder,outbound,You missed your BP visit at Ijebu Ode Primary Health Centre. Please come this week. Reply 2 if you need another day.,en,delivered,2025-03-02 09:02:00
b280fdfa-2c7b-42d0-8a8d-832ba94a73db,c045e5f5-45c9-4de2-bb3e-e849493b1aac,f1ebd672-6570-4d75-b4a3-27fab63aa234,,sms,inbound,i go come,pcm,delivered,2025-03-02 15:30:00
c1be2f8e-c9b5-4843-a9a7-d99210e0b755,c045e5f5-45c9-4de2-bb3e-e849493b1aac,f1ebd672-6570-4d75-b4a3-27fab63aa234,,voip_call,outbound,,,completed,2025-03-10 16:27:00
a5640180-0345-4273-9ccf-0507ad39cd15,c045e5f5-45c9-4de2-bb3e-e849493b1aac,719124ce-0b04-4dce-a35e-64ce99f29d18,,appointment_reminder,outbound,Reminder: your BP check at Ijebu Ode Primary Health Centre is tomorrow. Reply 1 to confirm or 2 to change the day.,en,delivered,2025-05-06 10:10:00
4e675cb4-6c15-425e-94fd-7e1007344907,c045e5f5-45c9-4de2-bb3e-e849493b1aac,719124ce-0b04-4dce-a35e-64ce99f29d18,,sms,inbound,"Na ok, I dey come",pcm,delivered,2025-05-06 11:13:00
33bdbd76-772a-487c-8f3d-fb18c647b6d8,c045e5f5-45c9-4de2-bb3e-e849493b1aac,719124ce-0b04-4dce-a35e-64ce99f29d18,,missed_visit_sms_reminder,outbound,You missed your BP visit at Ijebu Ode Primary Health Centre. Please come this week. Reply 2 if you need another day.,en,delivered,2025-05-10 09:05:00
39854c96-4f9f-4a1f-9bac-e40dc2f10934,c045e5f5-45c9-4de2-bb3e-e849493b1aac,719124ce-0b04-4dce-a35e-64ce99f29d18,,voip_call,outbound,,,completed,2025-05-25 09:08:00
29f3d8b8-1a42-4ac7-b09c-ce44d5be2b8d,c045e5f5-45c9-4de2-bb3e-e849493b1aac,ae2f0196-291c-44c2-9891-a5b5b047d39f,,appointment_reminder,outbound,Reminder: your BP check at Ijebu Ode Primary Health Centre is tomorrow. Reply 1 to confirm or 2 to change the day.,en,delivered,2025-06-24 09:37:00
d21c2f9f-9708-4ba1-ba60-a62df82dd41d,c045e5f5-45c9-4de2-bb3e-e849493b1aac,ae2f0196-291c-44c2-9891-a5b5b047d39f,,missed_visit_sms_reminder,outbound,You missed your BP visit at Ijebu Ode Primary Health Centre. Please come this week. Reply 2 if you need another day.,en,delivered,2025-06-28 09:46:00
c42cc358-18d1-43af-b409-1c9f1d035d56,c045e5f5-45c9-4de2-bb3e-e849493b1aac,ae2f0196-291c-44c2-9891-a5b5b047d39f,,voip_call,outbound,,,completed,2025-07-09 12:23:00
981bdbce-0ad6-4e0e-97e7-9b8bcfba6619,c045e5f5-45c9-4de2-bb3e-e849493b1aac,de6f2ebf-1c03-4e06-85eb-1aee1b3012fe,,appointment_reminder,outbound,Reminder: your BP check at Ijebu Ode Primary Health Centre is tomorrow. Reply 1 to confirm or 2 to change the day.,en,failed,2025-07-31 09:53:00
a6f4240a-229f-4b54-bcee-15730395ca98,c045e5f5-45c9-4de2-bb3e-e849493b1aac,de6f2ebf-1c03-4e06-85eb-1aee1b3012fe,,missed_visit_sms_reminder,outbound,You missed your BP visit at Ijebu Ode Primary Health Centre. Please come this week. Reply 2 if you need another day.,en,delivered,2025-08-04 10:46:00
3357e7eb-eff9-4b04-aa73-dda55a6652c5,c045e5f5-45c9-4de2-bb3e-e849493b1aac,de6f2ebf-1c03-4e06-85eb-1aee1b3012fe,,sms,inbound,"Na gode, zan zo gobe",ha,delivered,2025-08-04 16:08:00
756e6899-974a-4700-aca4-2f0852149806,c045e5f5-45c9-4de2-bb3e-e849493b1aac,de6f2ebf-1c03-4e06-85eb-1aee1b3012fe,,voip_call,outbound,,,completed,2025-08-21 12:22:00
c986b441-8a6a-41ff-a132-cfb250889e37,5f72d095-3e4c-4e84-8a86-76dc02cbed12,53df30c1-d933-4e61-8871-bbf76fe006ff,,appointment_reminder,outbound,Reminder: your BP check at Abeokuta South Comprehensive HC is tomorrow. Reply 1 to confirm or 2 to change the day.,en,delivered,2025-05-21 10:44:00
0b4d6c7d-2727-4c2d-a9f8-f48cf405a33e,5f72d095-3e4c-4e84-8a86-76dc02cbed12,53df30c1-d933-4e61-8871-bbf76fe006ff,,sms,inbound,Wannan lambar ba tawa ba,ha,delivered,2025-05-21 17:48:00
77ae55b3-e4f0-4f0e-aa49-d93b1316bde0,5f72d095-3e4c-4e84-8a86-76dc02cbed12,99b1e78e-b6e0-406e-ab9b-1da7cf6c3c21,,appointment_reminder,outbound,Reminder: your BP check at Abeokuta South Comprehensive HC is tomorrow. Reply 1 to confirm or 2 to change the day.,en,delivered,2025-06-19 09:45:00
43e1ac42-613a-448d-bc96-6f2512c1063a,5f72d095-3e4c-4e84-8a86-76dc02cbed12,09d6e81a-59ee-49ec-bb19-bd8948c954e1,,appointment_reminder,outbound,Reminder: your BP check at Abeokuta South Comprehensive HC is tomorrow. Reply 1 to confirm or 2 to change the day.,en,delivered,2025-08-16 09:46:00
7a310b86-c378-4afe-9441-5108ac1d15d2,5f72d095-3e4c-4e84-8a86-76dc02cbed12,69ce5f46-4db7-4849-887d-c54432b97f86,,appointment_reminder,outbound,Reminder: your BP check at Abeokuta South Comprehensive HC is tomorrow. Reply 1 to confirm or 2 to change the day.,en,delivered,2025-09-10 10:02:00
8b60c169-d58a-4cdd-9e26-74fb6770ddb0,5f72d095-3e4c-4e84-8a86-76dc02cbed12,f66aee39-3160-4e49-87ad-f16a0e7db7b6,,appointment_reminder,outbound,Reminder: your BP check at Abeokuta South Comprehensive HC is tomorrow. Reply 1 to confirm or 2 to change the day.,en,delivered,2025-10-07 09:26:00
c5da13f7-af6f-4307-a3ce-a0fc6fdea100,5f72d095-3e4c-4e84-8a86-76dc02cbed12,f66aee39-3160-4e49-87ad-f16a0e7db7b6,,sms,inbound,Cant make it tomorrow,en,delivered,2025-10-07 16:58:00
eb6945ac-3505-44ce-b4c2-68ea47d2f53e,5f72d095-3e4c-4e84-8a86-76dc02cbed12,12c238fa-8795-4b7c-a650-39bf80a82a20,,appointment_reminder,outbound,Reminder: your BP check at Abeokuta South Comprehensive HC is tomorrow. Reply 1 to confirm or 2 to change the day.,en,delivered,2025-11-05 09:23:00
592efdd6-21ce-4c51-b4a3-aabeab3fe86d,5f72d095-3e4c-4e84-8a86-76dc02cbed12,3ca2e217-2dec-44a0-8b54-332a6bb79841,,appointment_reminder,outbound,Reminder: your BP check at Abeokuta South Comprehensive HC is tomorrow. Reply 1 to confirm or 2 to change the day.,en,sent,2025-12-30 09:42:00
5a34cab2-78cc-4f2c-b808-d9ada2c92641,5f72d095-3e4c-4e84-8a86-76dc02cbed12,a94f2e78-04e4-4b07-b111-98d26979d44e,,appointment_reminder,outbound,Reminder: your BP check at Abeokuta South Comprehensive HC is tomorrow. Reply 1 to confirm or 2 to change the day.,en,delivered,2026-02-23 09:26:00
c859f4bb-839c-4ae6-8410-d5554ba82fa3,5f72d095-3e4c-4e84-8a86-76dc02cbed12,a94f2e78-04e4-4b07-b111-98d26979d44e,,sms,inbound,wrong number,en,delivered,2026-02-23 11:19:00
885579c9-d44f-446b-881a-fe94e680925b,5f72d095-3e4c-4e84-8a86-76dc02cbed12,1f20a5e0-7d55-4198-9cf3-5f9a4242112d,,appointment_reminder,outbound,Reminder: your BP check at Abeokuta South Comprehensive HC is tomorrow. Reply 1 to confirm or 2 to change the day.,en,delivered,2026-04-21 09:39:00
661091ec-c13f-4d0e-90c6-5a6799946529,5f72d095-3e4c-4e84-8a86-76dc02cbed12,0fe17b43-f549-4431-babe-beccd9f7e088,,appointment_reminder,outbound,Reminder: your BP check at Abeokuta South Comprehensive HC is tomorrow. Reply 1 to confirm or 2 to change the day.,en,sent,2026-05-21 10:11:00
69d9f3e6-6908-4c4e-bafc-8afdb1b01290,5f72d095-3e4c-4e84-8a86-76dc02cbed12,ebc8e2e2-52b9-4786-bb22-e124d32dabd0,,appointment_reminder,outbound,Reminder: your BP check at Abeokuta South Comprehensive HC is tomorrow. Reply 1 to confirm or 2 to change the day.,en,failed,2026-07-14 10:06:00
7b5a11bc-9456-49ff-8e0e-637bd92b7fba,5f72d095-3e4c-4e84-8a86-76dc02cbed12,9e50a1db-6c80-414f-96ed-45c830b50b49,,appointment_reminder,outbound,Reminder: your BP check at Abeokuta South Comprehensive HC is tomorrow. Reply 1 to confirm or 2 to change the day.,en,sent,2026-09-06 10:01:00
866b606d-9207-4d3a-97db-d6d6e9116835,5f72d095-3e4c-4e84-8a86-76dc02cbed12,9e50a1db-6c80-414f-96ed-45c830b50b49,,sms,inbound,What time does the clinic open,en,delivered,2026-09-06 19:06:00
67822ffb-c657-49b2-a770-ef2fe6f75946,962776f3-0dee-457a-bfcc-5b416669541a,c846d3b8-f3c3-4506-bbb3-c2f837eb6d41,,appointment_reminder,outbound,Reminder: your BP check at Ijebu Ode Primary Health Centre is tomorrow. Reply 1 to confirm or 2 to change the day.,en,delivered,2026-07-25 09:07:00
94e635df-129b-4340-81cd-08f179d6ed19,962776f3-0dee-457a-bfcc-5b416669541a,c846d3b8-f3c3-4506-bbb3-c2f837eb6d41,,sms,inbound,"noted, thank you",en,delivered,2026-07-25 13:41:00
0f06bfa4-98b8-4e1b-8f97-076dcfa3e442,962776f3-0dee-457a-bfcc-5b416669541a,306aac58-8beb-4df4-8286-12ad0762eb94,,appointment_reminder,outbound,Reminder: your BP check at Ijebu Ode Primary Health Centre is tomorrow. Reply 1 to confirm or 2 to change the day.,en,delivered,2026-09-22 09:09:00
4a0dc58d-38aa-4fd3-9839-78329163afe0,984bfce1-442f-4ebf-8b83-f13ee16dcc72,4153f32a-59e3-43c5-9f79-44ee61787e00,,appointment_reminder,outbound,Reminder: your BP check at Agege Primary Health Centre is tomorrow. Reply 1 to confirm or 2 to change the day.,en,sent,2025-01-12 09:22:00
81ef067e-6637-4894-ad2f-fc7377a242e8,984bfce1-442f-4ebf-8b83-f13ee16dcc72,4153f32a-59e3-43c5-9f79-44ee61787e00,,sms,inbound,I go come,pcm,delivered,2025-01-12 16:29:00
96cafe6a-6e1c-429f-bf08-b5ec30f7633e,984bfce1-442f-4ebf-8b83-f13ee16dcc72,36f93b6c-d5bf-494f-bb5e-1b231aec84ac,,appointment_reminder,outbound,Reminder: your BP check at Agege Primary Health Centre is tomorrow. Reply 1 to confirm or 2 to change the day.,en,delivered,2025-02-08 10:46:00
a1db4971-b22a-498c-886a-9eecebb393af,984bfce1-442f-4ebf-8b83-f13ee16dcc72,36f93b6c-d5bf-494f-bb5e-1b231aec84ac,,sms,inbound,"Mi o le wa ni ola, ose to n bo",yo,delivered,2025-02-08 16:34:00
7b4bdec3-e3a6-402f-ac76-f14e1388cbca,984bfce1-442f-4ebf-8b83-f13ee16dcc72,568881e8-435d-4c56-b80c-038f33a9cafd,,appointment_reminder,outbound,Reminder: your BP check at Agege Primary Health Centre is tomorrow. Reply 1 to confirm or 2 to change the day.,en,sent,2025-02-23 09:56:00
c6bada5f-79a0-4cf5-907a-aafb79988043,984bfce1-442f-4ebf-8b83-f13ee16dcc72,568881e8-435d-4c56-b80c-038f33a9cafd,,sms,inbound,"mi o le wa ni ola, ose to n bo",yo,delivered,2025-02-23 10:45:00
80165214-f725-45b4-97cd-9398e37e0634,984bfce1-442f-4ebf-8b83-f13ee16dcc72,5ac2cbe7-2119-4811-8b97-01d8aa87cbd3,,appointment_reminder,outbound,Reminder: your BP check at Agege Primary Health Centre is tomorrow. Reply 1 to confirm or 2 to change the day.,en,delivered,2025-03-10 10:22:00
1406267e-2744-445e-986d-e925df7e4f41,984bfce1-442f-4ebf-8b83-f13ee16dcc72,5ac2cbe7-2119-4811-8b97-01d8aa87cbd3,,missed_visit_sms_reminder,outbound,You missed your BP visit at Agege Primary Health Centre. Please come this week. Reply 2 if you need another day.,en,delivered,2025-03-14 09:32:00
7b19b744-c571-47db-bd2b-ab522ccc2d3a,984bfce1-442f-4ebf-8b83-f13ee16dcc72,5ac2cbe7-2119-4811-8b97-01d8aa87cbd3,,voip_call,outbound,,,completed,2025-03-17 16:54:00
002539d8-8121-40da-b66b-8dbfeffabc13,984bfce1-442f-4ebf-8b83-f13ee16dcc72,22e713f9-1c6e-4c47-8b20-3481e2ed5a68,,appointment_reminder,outbound,Reminder: your BP check at Agege Primary Health Centre is tomorrow. Reply 1 to confirm or 2 to change the day.,en,delivered,2025-04-26 10:12:00
1dab8137-53f7-4779-9ced-710bc456238c,984bfce1-442f-4ebf-8b83-f13ee16dcc72,22e713f9-1c6e-4c47-8b20-3481e2ed5a68,,sms,inbound,make i come next week instead,pcm,delivered,2025-04-26 13:41:00
bb52247c-4c56-4d3c-a908-4babcadc8c08,984bfce1-442f-4ebf-8b83-f13ee16dcc72,8917eda5-b399-4a4d-8f14-4afec4029cff,,appointment_reminder,outbound,Reminder: your BP check at Agege Primary Health Centre is tomorrow. Reply 1 to confirm or 2 to change the day.,en,delivered,2025-05-23 10:03:00
41196735-1f2b-4c5b-b342-9d1512778667,984bfce1-442f-4ebf-8b83-f13ee16dcc72,87f77450-d86b-48f3-879a-6cbf801bc610,,appointment_reminder,outbound,Reminder: your BP check at Agege Primary Health Centre is tomorrow. Reply 1 to confirm or 2 to change the day.,en,delivered,2025-07-21 10:30:00
3110bc04-a0d1-416c-a19a-17989b0fe8ac,984bfce1-442f-4ebf-8b83-f13ee16dcc72,18a40e80-e660-46b8-ae38-07f4508fb551,,appointment_reminder,outbound,Reminder: your BP check at Agege Primary Health Centre is tomorrow. Reply 1 to confirm or 2 to change the day.,en,delivered,2025-09-20 09:26:00
d9bc6060-d79f-4ce4-b1d5-f5614f5d98e0,984bfce1-442f-4ebf-8b83-f13ee16dcc72,25c5789e-f021-47ec-bb48-cb532fc82309,,appointment_reminder,outbound,Reminder: your BP check at Agege Primary Health Centre is tomorrow. Reply 1 to confirm or 2 to change the day.,en,delivered,2025-11-18 10:14:00
863948d0-9f10-443e-94be-77d2bc9ae51f,984bfce1-442f-4ebf-8b83-f13ee16dcc72,f8c3c20c-84b6-411c-b232-1ed7b48c7b74,,appointment_reminder,outbound,Reminder: your BP check at Agege Primary Health Centre is tomorrow. Reply 1 to confirm or 2 to change the day.,en,delivered,2025-12-17 09:16:00
dcbb98d6-6041-4572-b0f5-3cfae20f74d6,984bfce1-442f-4ebf-8b83-f13ee16dcc72,32b2b815-d40b-468f-b3fa-ae7366a54e43,,appointment_reminder,outbound,Reminder: your BP check at Agege Primary Health Centre is tomorrow. Reply 1 to confirm or 2 to change the day.,en,delivered,2026-01-19 09:33:00
b8114e9f-b82e-4a18-b564-25882c1b3fac,984bfce1-442f-4ebf-8b83-f13ee16dcc72,8d81d945-c28c-4adf-85be-bbba009aec10,,appointment_reminder,outbound,Reminder: your BP check at Agege Primary Health Centre is tomorrow. Reply 1 to confirm or 2 to change the day.,en,delivered,2026-04-12 09:39:00
aa1008b0-d54d-4347-b30d-d41b260daf57,984bfce1-442f-4ebf-8b83-f13ee16dcc72,7c3be64a-8fd7-4c15-a857-d5f1ae19623e,,appointment_reminder,outbound,Reminder: your BP check at Agege Primary Health Centre is tomorrow. Reply 1 to confirm or 2 to change the day.,en,delivered,2026-07-03 10:51:00
da0641cd-1fbb-405e-b5b0-9c17d9fd0c30,984bfce1-442f-4ebf-8b83-f13ee16dcc72,11df422d-7fe8-4ddf-a6dc-cc878b2dd1e5,,appointment_reminder,outbound,Reminder: your BP check at Agege Primary Health Centre is tomorrow. Reply 1 to confirm or 2 to change the day.,en,delivered,2026-08-01 09:50:00
6ce38daa-02bf-466f-84fa-aa1e6b2bdd8f,984bfce1-442f-4ebf-8b83-f13ee16dcc72,11df422d-7fe8-4ddf-a6dc-cc878b2dd1e5,,missed_visit_sms_reminder,outbound,You missed your BP visit at Agege Primary Health Centre. Please come this week. Reply 2 if you need another day.,en,delivered,2026-08-05 10:43:00
64c6a01d-cf1c-4fac-821f-9d09e7cc7d95,984bfce1-442f-4ebf-8b83-f13ee16dcc72,11df422d-7fe8-4ddf-a6dc-cc878b2dd1e5,,voip_call,outbound,,,completed,2026-08-16 15:23:00
83b5d07f-9996-4e8e-898a-94b72e8bfd7d,0f658961-6275-4a34-bd90-7e758f369210,41b6a45f-9791-441a-a787-500d8f4fb11c,,appointment_reminder,outbound,Reminder: your BP check at Abeokuta South Comprehensive HC is tomorrow. Reply 1 to confirm or 2 to change the day.,en,delivered,2026-04-11 10:43:00
4c1042f4-99d4-42fd-822a-a03c08707c8b,0f658961-6275-4a34-bd90-7e758f369210,3b9db355-6fb9-493f-919d-7de60fb742b0,,appointment_reminder,outbound,Reminder: your BP check at Abeokuta South Comprehensive HC is tomorrow. Reply 1 to confirm or 2 to change the day.,en,failed,2026-05-12 09:18:00
46ab5957-3198-40c8-8616-c6fb8335abfd,0f658961-6275-4a34-bd90-7e758f369210,3b9db355-6fb9-493f-919d-7de60fb742b0,,missed_visit_sms_reminder,outbound,You missed your BP visit at Abeokuta South Comprehensive HC. Please come this week. Reply 2 if you need another day.,en,delivered,2026-05-16 09:07:00
e7d2739e-9d5e-4321-8e41-a6a6293d73fa,0f658961-6275-4a34-bd90-7e758f369210,3b9db355-6fb9-493f-919d-7de60fb742b0,,voip_call,outbound,,,no_answer,2026-05-27 12:12:00
1d05dd31-26c6-4526-acd2-579408c30876,61a96335-da59-40a5-aee8-a643dc5fbf24,be6fbc1a-04f3-4fa6-946b-e799e17e9ba2,,appointment_reminder,outbound,Reminder: your BP check at Ikorodu General Hospital is tomorrow. Reply 1 to confirm or 2 to change the day.,en,delivered,2025-06-14 10:00:00
2d57ea9e-9bf9-4817-88eb-325e2317f9a0,61a96335-da59-40a5-aee8-a643dc5fbf24,be6fbc1a-04f3-4fa6-946b-e799e17e9ba2,,sms,inbound,E ma fi ranṣẽ si mi mọ,yo,delivered,2025-06-14 13:34:00
da5312a2-6f93-4084-8905-c607ea64ec75,61a96335-da59-40a5-aee8-a643dc5fbf24,6050d3d5-641f-4947-be8f-8cd0fc653a4d,,voip_call,outbound,,,completed,2026-06-10 13:10:00
88095f72-0c9f-4fd5-8b5a-71c12b810f75,8b793d39-ae70-418d-89a5-2f02decae029,2338a978-92ec-44cc-a55b-13c3d32541ee,,appointment_reminder,outbound,Reminder: your BP check at Ijebu Ode Primary Health Centre is tomorrow. Reply 1 to confirm or 2 to change the day.,en,delivered,2026-03-29 10:54:00
abbb2357-10a7-45b6-a598-5145080192c9,8b793d39-ae70-418d-89a5-2f02decae029,2338a978-92ec-44cc-a55b-13c3d32541ee,,sms,inbound,"Ba zan iya zuwa gobe ba, mako mai zuwa",ha,delivered,2026-03-29 15:24:00
9e1cb4dd-a40f-446c-99ef-6ea66b2a1354,8b793d39-ae70-418d-89a5-2f02decae029,742a2676-b591-4722-ae4a-0646d146fbf8,,appointment_reminder,outbound,Reminder: your BP check at Ijebu Ode Primary Health Centre is tomorrow. Reply 1 to confirm or 2 to change the day.,en,delivered,2026-04-28 09:29:00
1dfae7f2-0f34-4ffd-ab9f-ac198a8f55dc,8b793d39-ae70-418d-89a5-2f02decae029,ca844b50-8988-4304-bc0b-f0881e79f5c4,,appointment_reminder,outbound,Reminder: your BP check at Ijebu Ode Primary Health Centre is tomorrow. Reply 1 to confirm or 2 to change the day.,en,delivered,2026-05-29 10:21:00
de5d5c50-67a7-4d28-a3f7-b2371ef842c4,8b793d39-ae70-418d-89a5-2f02decae029,ca844b50-8988-4304-bc0b-f0881e79f5c4,,sms,inbound,which day i fit come?,pcm,delivered,2026-05-29 15:43:00
8398b411-3f63-4c85-82ed-04028b0ce37f,8b793d39-ae70-418d-89a5-2f02decae029,0365f2a1-e833-404f-8213-924d707b5e76,,appointment_reminder,outbound,Reminder: your BP check at Ijebu Ode Primary Health Centre is tomorrow. Reply 1 to confirm or 2 to change the day.,en,failed,2026-08-20 10:58:00
9230b8bc-c8a1-4dc5-9263-620a26b5089c,8b793d39-ae70-418d-89a5-2f02decae029,3b0847c1-aa65-43c4-b968-7b4048901e5a,,appointment_reminder,outbound,Reminder: your BP check at Ijebu Ode Primary Health Centre is tomorrow. Reply 1 to confirm or 2 to change the day.,en,delivered,2026-09-16 10:46:00
4863c421-b7a4-4441-8b21-19c2e266de38,8b793d39-ae70-418d-89a5-2f02decae029,3b0847c1-aa65-43c4-b968-7b4048901e5a,,sms,inbound,alright see you tomorrow,en,delivered,2026-09-16 19:29:00
4bb69490-88d9-42f3-a861-ba90395b47ba,38e426f9-49e6-43aa-b097-5128012ba62d,785ada5f-8dd3-4819-b4f3-08560b862dfe,,appointment_reminder,outbound,Reminder: your BP check at Ikorodu General Hospital is tomorrow. Reply 1 to confirm or 2 to change the day.,en,delivered,2025-02-12 09:48:00
af669380-6f94-40c4-9382-507a818df643,38e426f9-49e6-43aa-b097-5128012ba62d,b0669b05-447b-42d4-9ff3-7237ee582637,,appointment_reminder,outbound,Reminder: your BP check at Ikorodu General Hospital is tomorrow. Reply 1 to confirm or 2 to change the day.,en,sent,2025-03-14 10:55:00
97b36ec4-6f35-40f1-9a19-006609684637,38e426f9-49e6-43aa-b097-5128012ba62d,b0669b05-447b-42d4-9ff3-7237ee582637,,sms,inbound,"My body dey weak, wetin I go do",pcm,delivered,2025-03-14 13:09:00
ad57d4b9-d75d-4209-bd28-3e477037bca7,38e426f9-49e6-43aa-b097-5128012ba62d,02d0af62-309f-4759-b322-e567f2fd6fc5,,appointment_reminder,outbound,Reminder: your BP check at Ikorodu General Hospital is tomorrow. Reply 1 to confirm or 2 to change the day.,en,delivered,2025-04-09 09:42:00
2c5e2a07-7651-4fcd-bb6b-c5c93dc91b3e,38e426f9-49e6-43aa-b097-5128012ba62d,02d0af62-309f-4759-b322-e567f2fd6fc5,,sms,inbound,Abeg,pcm,delivered,2025-04-09 16:36:00
ebf85d85-6dc7-4665-b134-f1b697918263,38e426f9-49e6-43aa-b097-5128012ba62d,57ba1e26-5682-4309-89f4-afa29bceed35,,appointment_reminder,outbound,Reminder: your BP check at Ikorodu General Hospital is tomorrow. Reply 1 to confirm or 2 to change the day.,en,delivered,2025-04-21 09:24:00
86ff21d6-ce12-4c23-a4c9-596861fcd169,38e426f9-49e6-43aa-b097-5128012ba62d,57ba1e26-5682-4309-89f4-afa29bceed35,,sms,inbound,"no wahala, i go show",pcm,delivered,2025-04-21 15:34:00
98894134-1250-4599-837f-d78b8044acb1,38e426f9-49e6-43aa-b097-5128012ba62d,697305b2-022c-49d4-a9fb-374db8c189e7,,appointment_reminder,outbound,Reminder: your BP check at Ikorodu General Hospital is tomorrow. Reply 1 to confirm or 2 to change the day.,en,sent,2025-05-03 09:45:00
2695c3e9-c8bc-49ab-8246-3c868a406fc1,38e426f9-49e6-43aa-b097-5128012ba62d,697305b2-022c-49d4-a9fb-374db8c189e7,,sms,inbound,Alright see you tomorrow,en,delivered,2025-05-03 13:59:00
4ad7d46e-3b30-43fe-b96f-88b732dd85fa,38e426f9-49e6-43aa-b097-5128012ba62d,933accc3-95dc-4e62-8090-9e9e8e0a57ca,,appointment_reminder,outbound,Reminder: your BP check at Ikorodu General Hospital is tomorrow. Reply 1 to confirm or 2 to change the day.,en,delivered,2025-05-26 09:07:00
14cbe3f2-2d45-476b-8a05-79db517e8897,38e426f9-49e6-43aa-b097-5128012ba62d,8bb58e20-e640-4c49-85bc-2406a643376c,,appointment_reminder,outbound,Reminder: your BP check at Ikorodu General Hospital is tomorrow. Reply 1 to confirm or 2 to change the day.,en,failed,2025-06-25 10:23:00
a6d5961a-fc0f-4cd6-8e8c-caf505c4503a,38e426f9-49e6-43aa-b097-5128012ba62d,ddd9f87d-ed79-4e93-8ae3-4be838c41412,,appointment_reminder,outbound,Reminder: your BP check at Ikorodu General Hospital is tomorrow. Reply 1 to confirm or 2 to change the day.,en,delivered,2025-08-17 10:18:00
2a32244b-19e6-4f5a-b78d-89e684969e5c,38e426f9-49e6-43aa-b097-5128012ba62d,7248ce7b-cfe2-4351-b197-1ed66d263da9,,appointment_reminder,outbound,Reminder: your BP check at Ikorodu General Hospital is tomorrow. Reply 1 to confirm or 2 to change the day.,en,delivered,2025-11-09 09:45:00
872b2ebb-65ce-4ba1-99d3-4208a984b515,38e426f9-49e6-43aa-b097-5128012ba62d,7248ce7b-cfe2-4351-b197-1ed66d263da9,,sms,inbound,"Noted, thank you",en,delivered,2025-11-09 12:20:00
2b80dc59-07d2-4075-a59f-16ce659124e9,38e426f9-49e6-43aa-b097-5128012ba62d,7248ce7b-cfe2-4351-b197-1ed66d263da9,,missed_visit_sms_reminder,outbound,You missed your BP visit at Ikorodu General Hospital. Please come this week. Reply 2 if you need another day.,en,delivered,2025-11-13 10:23:00
11a644fe-a2ce-478f-84f7-80d5a766bbb5,38e426f9-49e6-43aa-b097-5128012ba62d,7248ce7b-cfe2-4351-b197-1ed66d263da9,,sms,inbound,Make I come next week instead,pcm,delivered,2025-11-13 13:20:00
ecbc3c9f-13da-4146-b2f3-97836ad2dc5b,38e426f9-49e6-43aa-b097-5128012ba62d,ad1f3431-420c-4811-8035-2ab44a76284e,,appointment_reminder,outbound,Reminder: your BP check at Ikorodu General Hospital is tomorrow. Reply 1 to confirm or 2 to change the day.,en,delivered,2026-01-13 10:41:00
08b90532-d9c2-489c-aa7b-e8bddb291799,38e426f9-49e6-43aa-b097-5128012ba62d,beca90bc-ecef-4115-9344-af169e25070a,,appointment_reminder,outbound,Reminder: your BP check at Ikorodu General Hospital is tomorrow. Reply 1 to confirm or 2 to change the day.,en,delivered,2026-04-05 09:52:00
97614b8a-a114-4b8d-98e7-ea870b1e08bd,38e426f9-49e6-43aa-b097-5128012ba62d,beca90bc-ecef-4115-9344-af169e25070a,,missed_visit_sms_reminder,outbound,You missed your BP visit at Ikorodu General Hospital. Please come this week. Reply 2 if you need another day.,en,delivered,2026-04-09 10:58:00
f99c96d1-9254-4922-bbb2-e632582b32a6,38e426f9-49e6-43aa-b097-5128012ba62d,beca90bc-ecef-4115-9344-af169e25070a,,sms,inbound,"Na gode, zan zo gobe",ha,delivered,2026-04-09 13:48:00
939dfe32-a021-4639-b810-de733792c045,38e426f9-49e6-43aa-b097-5128012ba62d,beca90bc-ecef-4115-9344-af169e25070a,,voip_call,outbound,,,completed,2026-04-20 13:47:00
24f654bc-5905-498b-b1f5-fbc82dde861f,38e426f9-49e6-43aa-b097-5128012ba62d,95bbf5ab-c4f2-42a7-800c-65b9d1b96a12,,appointment_reminder,outbound,Reminder: your BP check at Ikorodu General Hospital is tomorrow. Reply 1 to confirm or 2 to change the day.,en,delivered,2026-06-14 09:49:00
e88fbad8-2a7a-4f9c-94f9-528ab59fd943,3d2cfb51-a2ab-4517-8a0c-2b24ce043e86,b30193f7-1efb-4e7b-a96b-389c9c0c4407,,appointment_reminder,outbound,Reminder: your BP check at Ikorodu General Hospital is tomorrow. Reply 1 to confirm or 2 to change the day.,en,delivered,2026-07-30 10:11:00
7b83cef4-e41c-4fc2-9338-563c6440fd0b,3d2cfb51-a2ab-4517-8a0c-2b24ce043e86,2e4f95e1-4582-48b6-895f-5e29461ed471,,appointment_reminder,outbound,Reminder: your BP check at Ikorodu General Hospital is tomorrow. Reply 1 to confirm or 2 to change the day.,en,sent,2026-08-27 10:32:00
6478f642-ce85-4ab6-8c4c-2a3ecff917de,3d2cfb51-a2ab-4517-8a0c-2b24ce043e86,2e4f95e1-4582-48b6-895f-5e29461ed471,,missed_visit_sms_reminder,outbound,You missed your BP visit at Ikorodu General Hospital. Please come this week. Reply 2 if you need another day.,en,delivered,2026-08-31 09:41:00
bedae0ff-80dc-4833-be5f-42453fcc4d85,3d2cfb51-a2ab-4517-8a0c-2b24ce043e86,2e4f95e1-4582-48b6-895f-5e29461ed471,,voip_call,outbound,,,completed,2026-09-08 09:43:00
afffd4dd-778e-4ced-84c8-cc0dd5469dca,c57c566a-8d6c-4e24-8164-e7cee334a183,6b950dad-a323-4ba6-ad97-1c138f03b5e3,,appointment_reminder,outbound,Reminder: your BP check at Ijebu Ode Primary Health Centre is tomorrow. Reply 1 to confirm or 2 to change the day.,en,delivered,2025-08-09 10:40:00
24d4ed13-8f30-4191-8709-6ee5039810d7,c57c566a-8d6c-4e24-8164-e7cee334a183,d7badcf6-4daa-4177-9b94-d2c3b1c268ba,,appointment_reminder,outbound,Reminder: your BP check at Ijebu Ode Primary Health Centre is tomorrow. Reply 1 to confirm or 2 to change the day.,en,delivered,2025-08-23 10:25:00
d9ad619e-011c-4364-89a1-7a54689599df,c57c566a-8d6c-4e24-8164-e7cee334a183,ac36aed3-26d7-4e3d-b5c2-dce83d6a2d14,,appointment_reminder,outbound,Reminder: your BP check at Ijebu Ode Primary Health Centre is tomorrow. Reply 1 to confirm or 2 to change the day.,en,delivered,2025-09-20 10:52:00
1f489c3d-2972-4213-ad81-9975d1dadb05,c57c566a-8d6c-4e24-8164-e7cee334a183,ac36aed3-26d7-4e3d-b5c2-dce83d6a2d14,,missed_visit_sms_reminder,outbound,You missed your BP visit at Ijebu Ode Primary Health Centre. Please come this week. Reply 2 if you need another day.,en,delivered,2025-09-24 10:41:00
5f23d39f-644b-4121-979d-f1c5305fbbe4,c57c566a-8d6c-4e24-8164-e7cee334a183,ac36aed3-26d7-4e3d-b5c2-dce83d6a2d14,,sms,inbound,"Noted, thank you",en,delivered,2025-09-24 16:30:00
0a76ae66-59dd-4b80-be89-4cfc30c4fa6e,c57c566a-8d6c-4e24-8164-e7cee334a183,ac36aed3-26d7-4e3d-b5c2-dce83d6a2d14,,voip_call,outbound,,,no_answer,2025-10-05 16:42:00
6bcaa1a0-af7e-4422-9cb2-37b658a310fa,c57c566a-8d6c-4e24-8164-e7cee334a183,99ed2a6a-03f6-4711-bffa-900ef578b14b,,appointment_reminder,outbound,Reminder: your BP check at Ijebu Ode Primary Health Centre is tomorrow. Reply 1 to confirm or 2 to change the day.,en,delivered,2025-12-17 10:28:00
d0eba868-4c83-4bb7-971f-53718e0db338,c57c566a-8d6c-4e24-8164-e7cee334a183,99ed2a6a-03f6-4711-bffa-900ef578b14b,,missed_visit_sms_reminder,outbound,You missed your BP visit at Ijebu Ode Primary Health Centre. Please come this week. Reply 2 if you need another day.,en,delivered,2025-12-21 10:07:00
7cd3c420-0a0a-4748-b60b-624e5720b948,c57c566a-8d6c-4e24-8164-e7cee334a183,65c2b9de-5929-42f8-b9b0-65bf618c12ed,,appointment_reminder,outbound,Reminder: your BP check at Ijebu Ode Primary Health Centre is tomorrow. Reply 1 to confirm or 2 to change the day.,en,delivered,2026-01-26 10:38:00
cf6809a9-4b64-4f75-8cd2-2783d3f3f342,c57c566a-8d6c-4e24-8164-e7cee334a183,65c2b9de-5929-42f8-b9b0-65bf618c12ed,,missed_visit_sms_reminder,outbound,You missed your BP visit at Ijebu Ode Primary Health Centre. Please come this week. Reply 2 if you need another day.,en,delivered,2026-01-30 09:10:00
12898ea0-76fe-4514-92e3-b8ce0f75aa64,c57c566a-8d6c-4e24-8164-e7cee334a183,65c2b9de-5929-42f8-b9b0-65bf618c12ed,,sms,inbound,wace rana zan zo?,ha,delivered,2026-01-30 16:17:00
b51c22e2-e037-4b8d-b43b-539ce860c696,c57c566a-8d6c-4e24-8164-e7cee334a183,65c2b9de-5929-42f8-b9b0-65bf618c12ed,,voip_call,outbound,,,completed,2026-02-12 15:29:00
62d9668c-ac9d-4e93-8e41-b5f54d342099,c57c566a-8d6c-4e24-8164-e7cee334a183,5070b00d-ccb4-407d-8f03-ac6e5ad067e0,,appointment_reminder,outbound,Reminder: your BP check at Ijebu Ode Primary Health Centre is tomorrow. Reply 1 to confirm or 2 to change the day.,en,delivered,2026-08-04 10:56:00
b50906a3-68a2-42c7-8c60-4778a7b8449f,c57c566a-8d6c-4e24-8164-e7cee334a183,5070b00d-ccb4-407d-8f03-ac6e5ad067e0,,sms,inbound,please change my appointment to friday,en,delivered,2026-08-04 16:30:00
59d88e22-803f-4a28-8ae2-6c08c8d192f7,c57c566a-8d6c-4e24-8164-e7cee334a183,5070b00d-ccb4-407d-8f03-ac6e5ad067e0,,missed_visit_sms_reminder,outbound,You missed your BP visit at Ijebu Ode Primary Health Centre. Please come this week. Reply 2 if you need another day.,en,delivered,2026-08-08 10:08:00
e392a1b8-6d83-451d-a58b-8c189ad875d0,c57c566a-8d6c-4e24-8164-e7cee334a183,5070b00d-ccb4-407d-8f03-ac6e5ad067e0,,sms,inbound,make i cme nxt week instead,pcm,delivered,2026-08-08 10:13:00
abcf41ab-8ce7-4b45-95aa-81ccca60f5a7,c57c566a-8d6c-4e24-8164-e7cee334a183,5070b00d-ccb4-407d-8f03-ac6e5ad067e0,,voip_call,outbound,,,completed,2026-08-15 09:00:00
0a485fed-4525-4a3c-ae96-53532bc8ad9e,c57c566a-8d6c-4e24-8164-e7cee334a183,88c79917-8f6b-42a0-84ef-aa3eede76ceb,,appointment_reminder,outbound,Reminder: your BP check at Ijebu Ode Primary Health Centre is tomorrow. Reply 1 to confirm or 2 to change the day.,en,delivered,2026-09-02 10:18:00
699bb859-ccec-47f3-b289-b7d6ac75dc06,c57c566a-8d6c-4e24-8164-e7cee334a183,88c79917-8f6b-42a0-84ef-aa3eede76ceb,,sms,inbound,STOP,en,delivered,2026-09-02 19:17:00
27025d48-4fa0-49aa-8a9b-e1be14eab7fd,eb2cd807-9074-43f9-889d-1890d1ccf593,02dce3b4-8470-4a0e-8008-5c648988b5d1,,appointment_reminder,outbound,Reminder: your BP check at Agege Primary Health Centre is tomorrow. Reply 1 to confirm or 2 to change the day.,en,delivered,2026-05-08 10:31:00
edc5d32e-1630-4376-9a6d-f390dbd9aa71,eb2cd807-9074-43f9-889d-1890d1ccf593,02dce3b4-8470-4a0e-8008-5c648988b5d1,,sms,inbound,"mi o le wa ni ola, ose to n bo",yo,delivered,2026-05-08 14:53:00
860f013d-504f-4337-ac0b-41f28df82cab,eb2cd807-9074-43f9-889d-1890d1ccf593,f829e005-cf7f-4610-acf0-97180d3f09c7,,appointment_reminder,outbound,Reminder: your BP check at Agege Primary Health Centre is tomorrow. Reply 1 to confirm or 2 to change the day.,en,sent,2026-08-01 10:31:00
1f3680a5-b4ba-4aa4-a256-7233dfc05dee,eb2cd807-9074-43f9-889d-1890d1ccf593,f829e005-cf7f-4610-acf0-97180d3f09c7,,sms,inbound,"Mi o le wa ni ola, ose to n bo",yo,delivered,2026-08-01 15:49:00
d32ed1c1-3e52-404e-8155-9d14889bf900,eb2cd807-9074-43f9-889d-1890d1ccf593,19bf246d-0620-4d2a-87f2-8043ef5dbf3b,,appointment_reminder,outbound,Reminder: your BP check at Agege Primary Health Centre is tomorrow. Reply 1 to confirm or 2 to change the day.,en,delivered,2026-09-24 10:18:00
dd2fdd89-8cd7-4a56-9f91-8a45106d0bf5,d4683117-005b-49dc-956f-ea4435a0574c,2aa31833-b547-4731-a397-196a5785e5bd,,appointment_reminder,outbound,Reminder: your BP check at Ikorodu General Hospital is tomorrow. Reply 1 to confirm or 2 to change the day.,en,delivered,2025-12-06 09:39:00
6744ec25-dced-4bbf-a903-1a48a7f60743,d4683117-005b-49dc-956f-ea4435a0574c,2af07ea7-30fb-4f79-992b-ff4ac42ef2db,,appointment_reminder,outbound,Reminder: your BP check at Ikorodu General Hospital is tomorrow. Reply 1 to confirm or 2 to change the day.,en,delivered,2026-01-04 10:56:00
6ec694e2-617b-4b4f-a181-7abd6d811f3c,d4683117-005b-49dc-956f-ea4435a0574c,2af07ea7-30fb-4f79-992b-ff4ac42ef2db,,missed_visit_sms_reminder,outbound,You missed your BP visit at Ikorodu General Hospital. Please come this week. Reply 2 if you need another day.,en,delivered,2026-01-08 10:35:00
58eeb167-1039-49df-8dcc-cd1d9dae77b1,d4683117-005b-49dc-956f-ea4435a0574c,2af07ea7-30fb-4f79-992b-ff4ac42ef2db,,sms,inbound,"noted, thank you",en,delivered,2026-01-08 18:53:00
8394930c-253a-4d77-9f69-cdbc15a38905,d4683117-005b-49dc-956f-ea4435a0574c,21436b11-d752-4a1a-bf99-3bdfa72d118f,,appointment_reminder,outbound,Reminder: your BP check at Ikorodu General Hospital is tomorrow. Reply 1 to confirm or 2 to change the day.,en,delivered,2026-05-05 10:16:00
cad0cab6-2011-48bf-874d-5bb30548e6c3,d4683117-005b-49dc-956f-ea4435a0574c,21436b11-d752-4a1a-bf99-3bdfa72d118f,,sms,inbound,What time does the clinic open,en,delivered,2026-05-05 18:28:00
a1772298-6dd3-4bde-ba4c-6e153ecb38d3,d4683117-005b-49dc-956f-ea4435a0574c,040f9311-cea9-4454-a9f3-9b986fb565a8,,appointment_reminder,outbound,Reminder: your BP check at Ikorodu General Hospital is tomorrow. Reply 1 to confirm or 2 to change the day.,en,delivered,2026-06-06 10:40:00
9dedcdb1-5b7b-4342-9827-db765b64ea44,d4683117-005b-49dc-956f-ea4435a0574c,40fbbcbb-cd26-4437-a18c-b2a6201b73a3,,appointment_reminder,outbound,Reminder: your BP check at Ikorodu General Hospital is tomorrow. Reply 1 to confirm or 2 to change the day.,en,sent,2026-07-01 10:15:00
74f8c3bd-7233-432a-8776-8eebb4985c59,d4683117-005b-49dc-956f-ea4435a0574c,40fbbcbb-cd26-4437-a18c-b2a6201b73a3,,sms,inbound,hello,en,delivered,2026-07-01 14:25:00
8fb1d1fe-205a-4368-975b-493628d178e5,d4683117-005b-49dc-956f-ea4435a0574c,40fbbcbb-cd26-4437-a18c-b2a6201b73a3,,missed_visit_sms_reminder,outbound,You missed your BP visit at Ikorodu General Hospital. Please come this week. Reply 2 if you need another day.,en,delivered,2026-07-05 10:59:00
b6b076e2-f507-4e68-82d5-e619794c3e40,d4683117-005b-49dc-956f-ea4435a0574c,40fbbcbb-cd26-4437-a18c-b2a6201b73a3,,voip_call,outbound,,,completed,2026-07-09 09:21:00
767e7991-8387-4e5c-a632-6dd435b11015,d4683117-005b-49dc-956f-ea4435a0574c,771a823b-2655-475f-82b0-412e5807b37d,,appointment_reminder,outbound,Reminder: your BP check at Ikorodu General Hospital is tomorrow. Reply 1 to confirm or 2 to change the day.,en,delivered,2026-08-15 09:31:00
d7bfecba-e1bd-4d8d-8d90-71a4c4c8d709,d4683117-005b-49dc-956f-ea4435a0574c,771a823b-2655-475f-82b0-412e5807b37d,,sms,inbound,Is Saturday possible?,en,delivered,2026-08-15 16:51:00
1c15d846-87b3-4884-bd88-c10ba628ce3d,d4683117-005b-49dc-956f-ea4435a0574c,1cb33728-8d29-4922-90ee-55ce0d18bd7a,,appointment_reminder,outbound,Reminder: your BP check at Ikorodu General Hospital is tomorrow. Reply 1 to confirm or 2 to change the day.,en,delivered,2026-09-14 10:31:00
65af13c6-5bc2-4565-a04f-f8c597bd58ab,8354aad5-e1c3-413c-98c6-85a6d7a9b4cc,aab2bc55-c9c0-4969-b9df-a426e2c45716,,voip_call,outbound,,,completed,2026-08-25 10:36:00
f5ec1a63-ca68-4b49-9a20-ab975488dbe0,d97c0704-4a90-44b9-a01a-63d9776d5830,846a4b02-bcef-470f-99d7-c9501b3cf084,,appointment_reminder,outbound,Reminder: your BP check at Abeokuta South Comprehensive HC is tomorrow. Reply 1 to confirm or 2 to change the day.,en,sent,2025-02-08 10:26:00
fc67ed45-7f05-4cbc-9d8f-bb87dd650db4,d97c0704-4a90-44b9-a01a-63d9776d5830,e5b1c211-b6a1-4a4b-b7be-710a2e707c12,,appointment_reminder,outbound,Reminder: your BP check at Abeokuta South Comprehensive HC is tomorrow. Reply 1 to confirm or 2 to change the day.,en,delivered,2025-03-07 10:57:00
29a2bdf1-4cf8-470c-8287-5b72906dadc5,d97c0704-4a90-44b9-a01a-63d9776d5830,e5b1c211-b6a1-4a4b-b7be-710a2e707c12,,sms,inbound,"Ori n fo mi, oogun mi ti tan",yo,delivered,2025-03-07 20:38:00
1e8fff16-b8b4-4ea4-a18b-69664584a128,d97c0704-4a90-44b9-a01a-63d9776d5830,b41df9a3-7ed3-4bb3-8d8e-6c078a730118,,appointment_reminder,outbound,Reminder: your BP check at Abeokuta South Comprehensive HC is tomorrow. Reply 1 to confirm or 2 to change the day.,en,sent,2025-04-05 09:44:00
c4e3e555-5f3f-44ca-ae70-2a153147eda0,d97c0704-4a90-44b9-a01a-63d9776d5830,b41df9a3-7ed3-4bb3-8d8e-6c078a730118,,missed_visit_sms_reminder,outbound,You missed your BP visit at Abeokuta South Comprehensive HC. Please come this week. Reply 2 if you need another day.,en,delivered,2025-04-09 09:12:00
bfcc99a3-f3b6-4a91-bec3-d385c75c4aab,d97c0704-4a90-44b9-a01a-63d9776d5830,ebada09c-e674-4af2-88de-839d08e87da3,,appointment_reminder,outbound,Reminder: your BP check at Abeokuta South Comprehensive HC is tomorrow. Reply 1 to confirm or 2 to change the day.,en,delivered,2025-05-14 09:27:00
d86491fd-75d2-434d-900c-b0a88c2475ed,d97c0704-4a90-44b9-a01a-63d9776d5830,5ab85190-63ec-47bd-b281-327ee4b2d1b3,,appointment_reminder,outbound,Reminder: your BP check at Abeokuta South Comprehensive HC is tomorrow. Reply 1 to confirm or 2 to change the day.,en,delivered,2025-06-09 09:06:00
36fbdade-0e90-4ab9-abfa-1ebb61dbad7e,d97c0704-4a90-44b9-a01a-63d9776d5830,5ab85190-63ec-47bd-b281-327ee4b2d1b3,,sms,inbound,ok i will come,en,delivered,2025-06-09 12:31:00
cad201e6-8c16-4530-bdde-0a4320c1af7c,d97c0704-4a90-44b9-a01a-63d9776d5830,5f5ac70a-2fe5-4c3d-92e7-54e7b7f85f85,,appointment_reminder,outbound,Reminder: your BP check at Abeokuta South Comprehensive HC is tomorrow. Reply 1 to confirm or 2 to change the day.,en,failed,2025-06-22 10:51:00
8ba0818a-a103-4e84-889d-1c599a377714,d97c0704-4a90-44b9-a01a-63d9776d5830,8bba6bab-5e62-43b8-83b0-264ea430dff4,,appointment_reminder,outbound,Reminder: your BP check at Abeokuta South Comprehensive HC is tomorrow. Reply 1 to confirm or 2 to change the day.,en,delivered,2025-08-14 09:19:00
aec3bbb2-ee12-4218-9e5d-63c832f9a375,d97c0704-4a90-44b9-a01a-63d9776d5830,8bba6bab-5e62-43b8-83b0-264ea430dff4,,sms,inbound,alright see you tomorow,en,delivered,2025-08-14 09:45:00
160bfd24-a962-42d5-90b8-85c0fea87ae7,d97c0704-4a90-44b9-a01a-63d9776d5830,bbff3bbf-0098-4c31-8da6-c69685116adb,,appointment_reminder,outbound,Reminder: your BP check at Abeokuta South Comprehensive HC is tomorrow. Reply 1 to confirm or 2 to change the day.,en,delivered,2025-11-09 10:13:00
1c12c598-b095-48f9-8e2f-3af98a8bf3d6,d97c0704-4a90-44b9-a01a-63d9776d5830,7f9f64b5-8dfc-4595-b940-70333b83169d,,appointment_reminder,outbound,Reminder: your BP check at Abeokuta South Comprehensive HC is tomorrow. Reply 1 to confirm or 2 to change the day.,en,delivered,2026-01-01 10:51:00
8c248bf8-9e49-43f1-a334-7c25d38572cc,d97c0704-4a90-44b9-a01a-63d9776d5830,fdb2fd88-3b31-41ac-b71b-4f16e5eda428,,appointment_reminder,outbound,Reminder: your BP check at Abeokuta South Comprehensive HC is tomorrow. Reply 1 to confirm or 2 to change the day.,en,delivered,2026-02-26 10:10:00
9c2459e3-d93f-4db3-b78c-e1df33bcdb9d,d97c0704-4a90-44b9-a01a-63d9776d5830,fdb2fd88-3b31-41ac-b71b-4f16e5eda428,,sms,inbound,no dey send me message again,pcm,delivered,2026-02-26 20:03:00
b616355f-4a10-4232-870a-50a4b6b4ccff,d3ee20fb-16ed-4484-9a14-3b2b96393502,d10895c4-0063-44dc-b811-24ebdbd8996b,,appointment_reminder,outbound,Reminder: your BP check at Ikorodu General Hospital is tomorrow. Reply 1 to confirm or 2 to change the day.,en,delivered,2026-03-01 10:01:00
e4334980-eb16-4f08-89ab-4d8e9be4d81c,d3ee20fb-16ed-4484-9a14-3b2b96393502,d10895c4-0063-44dc-b811-24ebdbd8996b,,sms,inbound,1,en,delivered,2026-03-01 14:44:00
52c2dbc6-8ba4-43f6-b1cf-a7d40c527d6e,d3ee20fb-16ed-4484-9a14-3b2b96393502,4c4bca84-2920-4acc-a36f-5457ad26eba8,,appointment_reminder,outbound,Reminder: your BP check at Ikorodu General Hospital is tomorrow. Reply 1 to confirm or 2 to change the day.,en,delivered,2026-03-31 09:03:00
8368239c-f6d8-4f73-b1ee-19241e038c85,d3ee20fb-16ed-4484-9a14-3b2b96393502,f822e162-4b7f-4c58-b080-9c4884c34dc8,,appointment_reminder,outbound,Reminder: your BP check at Ikorodu General Hospital is tomorrow. Reply 1 to confirm or 2 to change the day.,en,delivered,2026-04-26 09:44:00
9f063a53-35dd-45c9-88b7-71b0223da269,d3ee20fb-16ed-4484-9a14-3b2b96393502,8e9bd43d-b8d5-4019-ba2c-11751db7510a,,appointment_reminder,outbound,Reminder: your BP check at Ikorodu General Hospital is tomorrow. Reply 1 to confirm or 2 to change the day.,en,delivered,2026-05-25 09:47:00
20b252f0-fe23-443a-ab41-a450a61c2f84,d3ee20fb-16ed-4484-9a14-3b2b96393502,8e9bd43d-b8d5-4019-ba2c-11751db7510a,,sms,inbound,"Na ok, I dey come",pcm,delivered,2026-05-25 09:53:00
cb128269-923d-4c8d-af00-1a3e9f05152a,d3ee20fb-16ed-4484-9a14-3b2b96393502,8e9bd43d-b8d5-4019-ba2c-11751db7510a,,missed_visit_sms_reminder,outbound,You missed your BP visit at Ikorodu General Hospital. Please come this week. Reply 2 if you need another day.,en,delivered,2026-05-29 10:32:00
701921b8-de9f-4189-8d5e-26f66e2568d2,d3ee20fb-16ed-4484-9a14-3b2b96393502,1227bfde-7e8e-4b8b-9c59-3a49580ad79a,,appointment_reminder,outbound,Reminder: your BP check at Ikorodu General Hospital is tomorrow. Reply 1 to confirm or 2 to change the day.,en,delivered,2026-07-10 10:26:00
bf79bfe0-297a-47af-9c27-f4b66e95db3b,d3ee20fb-16ed-4484-9a14-3b2b96393502,1227bfde-7e8e-4b8b-9c59-3a49580ad79a,,missed_visit_sms_reminder,outbound,You missed your BP visit at Ikorodu General Hospital. Please come this week. Reply 2 if you need another day.,en,failed,2026-07-14 10:31:00
0bf972fb-dc9f-481b-a5ea-e6a67f583308,d3ee20fb-16ed-4484-9a14-3b2b96393502,fbe22a5e-c5e9-4d60-86d3-82c9928d75ac,,appointment_reminder,outbound,Reminder: your BP check at Ikorodu General Hospital is tomorrow. Reply 1 to confirm or 2 to change the day.,en,delivered,2026-08-18 09:13:00
cab743fe-f5d6-4b1e-902a-a4ebfb378a32,d3ee20fb-16ed-4484-9a14-3b2b96393502,fbe22a5e-c5e9-4d60-86d3-82c9928d75ac,,sms,inbound,Is Saturday possible?,en,delivered,2026-08-18 14:39:00
c898fc04-1df4-4a08-a2a1-ce3aa3fd5e53,d3ee20fb-16ed-4484-9a14-3b2b96393502,fbe22a5e-c5e9-4d60-86d3-82c9928d75ac,,missed_visit_sms_reminder,outbound,You missed your BP visit at Ikorodu General Hospital. Please come this week. Reply 2 if you need another day.,en,delivered,2026-08-22 09:25:00
30822134-4eee-4380-beb9-c133222aa16f,33b5ba30-7ed9-4242-8a3b-803dbe13a98d,26c191e2-d6fc-44db-83b9-286279845a6e,,appointment_reminder,outbound,Reminder: your BP check at Abeokuta South Comprehensive HC is tomorrow. Reply 1 to confirm or 2 to change the day.,en,delivered,2025-09-12 09:02:00
9c7b8a62-4295-4b53-9d18-fc4add3eb2b3,33b5ba30-7ed9-4242-8a3b-803dbe13a98d,51cfbf70-b6dd-4a59-b25c-6ae922c2ea25,,appointment_reminder,outbound,Reminder: your BP check at Abeokuta South Comprehensive HC is tomorrow. Reply 1 to confirm or 2 to change the day.,en,delivered,2025-10-11 09:04:00
f83d35e6-59a6-4c7a-8608-dd8d3177f489,33b5ba30-7ed9-4242-8a3b-803dbe13a98d,3723f729-5afa-47b0-bd05-22e956df69f7,,appointment_reminder,outbound,Reminder: your BP check at Abeokuta South Comprehensive HC is tomorrow. Reply 1 to confirm or 2 to change the day.,en,delivered,2025-11-05 10:26:00
9a470b20-51ab-4d80-bcfa-40a96fc2e7e8,33b5ba30-7ed9-4242-8a3b-803dbe13a98d,3723f729-5afa-47b0-bd05-22e956df69f7,,sms,inbound,"O da, ma wa lola",yo,delivered,2025-11-05 15:30:00
7465fd33-7839-44d7-977f-cf03495c42b0,33b5ba30-7ed9-4242-8a3b-803dbe13a98d,3723f729-5afa-47b0-bd05-22e956df69f7,,missed_visit_sms_reminder,outbound,You missed your BP visit at Abeokuta South Comprehensive HC. Please come this week. Reply 2 if you need another day.,en,delivered,2025-11-09 09:09:00
a7774dd9-4269-4258-8ad7-6e5962e44e8f,33b5ba30-7ed9-4242-8a3b-803dbe13a98d,3723f729-5afa-47b0-bd05-22e956df69f7,,sms,inbound,"Na gode, zan zo gobe",ha,delivered,2025-11-09 18:07:00
db18bded-852c-4617-889b-ddacec29d81a,6eab271d-0b68-4d89-aa74-3ef5f1fc6099,349e913b-897a-4fcc-8ffd-b93d3b7b3db5,,appointment_reminder,outbound,Reminder: your BP check at Abeokuta South Comprehensive HC is tomorrow. Reply 1 to confirm or 2 to change the day.,en,delivered,2025-04-12 10:10:00
87115428-eb51-4479-9a5e-2bc5d5d56dce,6eab271d-0b68-4d89-aa74-3ef5f1fc6099,349e913b-897a-4fcc-8ffd-b93d3b7b3db5,,missed_visit_sms_reminder,outbound,You missed your BP visit at Abeokuta South Comprehensive HC. Please come this week. Reply 2 if you need another day.,en,delivered,2025-04-16 09:22:00
6455fe9b-5557-4bc7-995b-9fd54608ee56,6eab271d-0b68-4d89-aa74-3ef5f1fc6099,8fa5edb8-b526-453e-9b7e-ec64a73934f4,,appointment_reminder,outbound,Reminder: your BP check at Abeokuta South Comprehensive HC is tomorrow. Reply 1 to confirm or 2 to change the day.,en,delivered,2025-08-24 10:36:00
1d22bb7f-65f1-4013-a3e0-a7f716bb89b7,6eab271d-0b68-4d89-aa74-3ef5f1fc6099,8fa5edb8-b526-453e-9b7e-ec64a73934f4,,sms,inbound,"To, zan zo",ha,delivered,2025-08-24 15:13:00
cce2b6e2-3b4c-4a1f-99b0-d401c19e7d2a,6eab271d-0b68-4d89-aa74-3ef5f1fc6099,8fa5edb8-b526-453e-9b7e-ec64a73934f4,,missed_visit_sms_reminder,outbound,You missed your BP visit at Abeokuta South Comprehensive HC. Please come this week. Reply 2 if you need another day.,en,delivered,2025-08-28 09:03:00
cef37ed7-86b0-453d-a90b-90abfc8e32b1,6eab271d-0b68-4d89-aa74-3ef5f1fc6099,8fa5edb8-b526-453e-9b7e-ec64a73934f4,,sms,inbound,yes,en,delivered,2025-08-28 10:03:00
97343ef5-adb7-4220-b453-dea04705a710,6eab271d-0b68-4d89-aa74-3ef5f1fc6099,8fa5edb8-b526-453e-9b7e-ec64a73934f4,,voip_call,outbound,,,completed,2025-09-05 09:50:00
bbb0e9c9-1605-44e1-ab6e-2d13b2f0d3cb,6eab271d-0b68-4d89-aa74-3ef5f1fc6099,1d690d01-7b77-4255-a1ac-dee83c215a95,,appointment_reminder,outbound,Reminder: your BP check at Abeokuta South Comprehensive HC is tomorrow. Reply 1 to confirm or 2 to change the day.,en,delivered,2026-03-23 10:44:00
25396212-8b1a-467a-98ff-887b98f8222b,6eab271d-0b68-4d89-aa74-3ef5f1fc6099,1d690d01-7b77-4255-a1ac-dee83c215a95,,missed_visit_sms_reminder,outbound,You missed your BP visit at Abeokuta South Comprehensive HC. Please come this week. Reply 2 if you need another day.,en,delivered,2026-03-27 10:46:00
1149f37d-d4e3-4a49-b5ac-e43b75c6be68,6eab271d-0b68-4d89-aa74-3ef5f1fc6099,1d690d01-7b77-4255-a1ac-dee83c215a95,,voip_call,outbound,,,completed,2026-03-31 16:55:00
7ce075a5-5add-491e-8c65-edbd190c8059,6eab271d-0b68-4d89-aa74-3ef5f1fc6099,13123637-12d9-4e15-8075-ed4883747416,,appointment_reminder,outbound,Reminder: your BP check at Abeokuta South Comprehensive HC is tomorrow. Reply 1 to confirm or 2 to change the day.,en,delivered,2026-04-16 09:26:00
503e0df8-b8e2-4a8b-95d6-e4fe7258c88c,6eab271d-0b68-4d89-aa74-3ef5f1fc6099,13123637-12d9-4e15-8075-ed4883747416,,missed_visit_sms_reminder,outbound,You missed your BP visit at Abeokuta South Comprehensive HC. Please come this week. Reply 2 if you need another day.,en,failed,2026-04-20 09:28:00
73848832-9274-42e8-9969-50e3eb3f03c8,6eab271d-0b68-4d89-aa74-3ef5f1fc6099,fee3e120-77d4-4a9b-b1be-db40fa078ada,,appointment_reminder,outbound,Reminder: your BP check at Abeokuta South Comprehensive HC is tomorrow. Reply 1 to confirm or 2 to change the day.,en,delivered,2026-07-15 09:06:00
bd2f7c33-bcac-4337-91d7-d76931a604d1,6eab271d-0b68-4d89-aa74-3ef5f1fc6099,fee3e120-77d4-4a9b-b1be-db40fa078ada,,missed_visit_sms_reminder,outbound,You missed your BP visit at Abeokuta South Comprehensive HC. Please come this week. Reply 2 if you need another day.,en,failed,2026-07-19 10:48:00
7e98cab5-e25b-4dc5-b7f5-a80241434efd,ee292f2c-af5c-475b-b92d-814a586e8b7c,dcf27a0f-0ea1-4290-a9af-50145190db39,,appointment_reminder,outbound,Reminder: your BP check at Agege Primary Health Centre is tomorrow. Reply 1 to confirm or 2 to change the day.,en,delivered,2026-08-18 10:46:00
2aa06716-a1dc-4534-ae09-ab9151bf536f,ee292f2c-af5c-475b-b92d-814a586e8b7c,dcf27a0f-0ea1-4290-a9af-50145190db39,,sms,inbound,please remove my number,en,delivered,2026-08-18 17:30:00
5abc4d30-4b9f-4269-baa9-c7d2a7505671,31b8cac3-12f2-4a7a-add1-49070d2a5a3a,1dfff50f-071b-4ace-85f2-f3c7e064d129,,voip_call,outbound,,,completed,2026-01-06 15:19:00
741b7fa3-77f0-45d2-bb1b-8a3e8b33b5ae,31b8cac3-12f2-4a7a-add1-49070d2a5a3a,d5f70305-969d-4ca6-b8fa-30f87c52eb6e,,voip_call,outbound,,,completed,2026-03-08 09:59:00
d0d89126-4b9c-4f58-8284-5d69e6cfaad6,31b8cac3-12f2-4a7a-add1-49070d2a5a3a,564029c6-db9b-4f2a-8867-acbd88701fa5,,voip_call,outbound,,,completed,2026-05-11 15:04:00
dc4881a9-42de-466b-b014-25f912f0c05a,31b8cac3-12f2-4a7a-add1-49070d2a5a3a,c39bcfce-03ec-4c53-9705-c08b39fab08d,,voip_call,outbound,,,completed,2026-08-06 10:25:00
0be3be26-899a-459d-847d-d05d666c2763,fa2f1bd2-3366-4667-a05f-7ced48c4c588,dcf61a11-8256-4504-acb4-ad86b4a86cc1,,voip_call,outbound,,,completed,2026-01-31 15:39:00
f3509d14-d265-4f58-abd3-623e770816b6,14b03848-e362-4931-be7f-5c99ad1acf51,e3b8465e-9d03-4e8e-8cde-25027fcf5137,,appointment_reminder,outbound,Reminder: your BP check at Ijebu Ode Primary Health Centre is tomorrow. Reply 1 to confirm or 2 to change the day.,en,delivered,2025-06-23 10:26:00
0eb5ff99-dc23-4d3d-853b-d910e7f644bd,14b03848-e362-4931-be7f-5c99ad1acf51,e3b8465e-9d03-4e8e-8cde-25027fcf5137,,sms,inbound,"Mi o le wa ni ola, ose to n bo",yo,delivered,2025-06-23 15:06:00
310dbd06-f861-4353-aa4b-999066e9feef,14b03848-e362-4931-be7f-5c99ad1acf51,bbee3117-aede-408a-b0a5-09931ca7c58b,,appointment_reminder,outbound,Reminder: your BP check at Ijebu Ode Primary Health Centre is tomorrow. Reply 1 to confirm or 2 to change the day.,en,delivered,2025-07-23 10:37:00
a338d092-0e55-4055-b2e4-962c90b1ffc3,14b03848-e362-4931-be7f-5c99ad1acf51,b03265dd-9e8c-44b0-9bd6-149d97ed5350,,appointment_reminder,outbound,Reminder: your BP check at Ijebu Ode Primary Health Centre is tomorrow. Reply 1 to confirm or 2 to change the day.,en,delivered,2025-10-17 09:28:00
deef329d-9c63-4dbd-8da1-4ce04a189666,14b03848-e362-4931-be7f-5c99ad1acf51,777f3f94-b56a-4290-9410-943bdc896454,,appointment_reminder,outbound,Reminder: your BP check at Ijebu Ode Primary Health Centre is tomorrow. Reply 1 to confirm or 2 to change the day.,en,delivered,2025-11-11 10:34:00
54105fc5-33f7-4d83-b730-1a48d7777f67,14b03848-e362-4931-be7f-5c99ad1acf51,988f04fe-69fd-45b3-9b85-c2ca859a03be,,appointment_reminder,outbound,Reminder: your BP check at Ijebu Ode Primary Health Centre is tomorrow. Reply 1 to confirm or 2 to change the day.,en,delivered,2025-12-11 09:23:00
ecd996fc-0297-47a2-a794-ab5b19a01ea0,14b03848-e362-4931-be7f-5c99ad1acf51,0e6c7f8e-3474-4e56-bfdf-09161aff43c1,,appointment_reminder,outbound,Reminder: your BP check at Ijebu Ode Primary Health Centre is tomorrow. Reply 1 to confirm or 2 to change the day.,en,delivered,2026-01-11 10:03:00
372fe1cc-4953-4015-b38e-e995fec1deab,14b03848-e362-4931-be7f-5c99ad1acf51,5ca5eeaf-0317-452f-840f-0a0f0076b6d6,,appointment_reminder,outbound,Reminder: your BP check at Ijebu Ode Primary Health Centre is tomorrow. Reply 1 to confirm or 2 to change the day.,en,delivered,2026-02-06 10:46:00
e6526715-3351-4d4e-9506-29400b98b492,14b03848-e362-4931-be7f-5c99ad1acf51,3414800d-772f-448a-a4ad-f9adc21363dd,,appointment_reminder,outbound,Reminder: your BP check at Ijebu Ode Primary Health Centre is tomorrow. Reply 1 to confirm or 2 to change the day.,en,sent,2026-03-09 09:35:00
95022514-5a4e-44c4-8b52-0fca0c4c0f43,14b03848-e362-4931-be7f-5c99ad1acf51,bae5a540-2f97-4dc4-bf6e-7fc7b62e1990,,appointment_reminder,outbound,Reminder: your BP check at Ijebu Ode Primary Health Centre is tomorrow. Reply 1 to confirm or 2 to change the day.,en,delivered,2026-04-08 10:53:00
94377739-4561-4313-99bd-8ddafb547858,14b03848-e362-4931-be7f-5c99ad1acf51,bae5a540-2f97-4dc4-bf6e-7fc7b62e1990,,missed_visit_sms_reminder,outbound,You missed your BP visit at Ijebu Ode Primary Health Centre. Please come this week. Reply 2 if you need another day.,en,failed,2026-04-12 10:26:00
6fd99cb9-4e4b-4d73-9f9f-fc142ac79c7c,14b03848-e362-4931-be7f-5c99ad1acf51,bae5a540-2f97-4dc4-bf6e-7fc7b62e1990,,voip_call,outbound,,,completed,2026-04-15 12:14:00
24c57cb8-f7d9-4294-9468-09bc30b02027,ff3db565-8190-4ee3-b865-0cddf9ba8c8e,e92c2bfe-23e7-4b21-be87-c78f79ce01b3,,appointment_reminder,outbound,Reminder: your BP check at Agege Primary Health Centre is tomorrow. Reply 1 to confirm or 2 to change the day.,en,failed,2025-11-03 09:37:00
e8960b74-6607-4333-9639-dc75d1cce6f4,ff3db565-8190-4ee3-b865-0cddf9ba8c8e,e010e23c-5c3b-4657-b2b4-71b09f2b3645,,appointment_reminder,outbound,Reminder: your BP check at Agege Primary Health Centre is tomorrow. Reply 1 to confirm or 2 to change the day.,en,delivered,2025-11-30 10:37:00
b4be0898-19ca-4a63-a975-78427a5f976f,ff3db565-8190-4ee3-b865-0cddf9ba8c8e,39ac599b-f746-4edd-9a89-b24a4a813546,,appointment_reminder,outbound,Reminder: your BP check at Agege Primary Health Centre is tomorrow. Reply 1 to confirm or 2 to change the day.,en,delivered,2025-12-27 10:14:00
af024032-f288-4248-ad8d-253601f6d824,ff3db565-8190-4ee3-b865-0cddf9ba8c8e,1c6d1a7f-43a6-4a46-85b4-99492693235c,,appointment_reminder,outbound,Reminder: your BP check at Agege Primary Health Centre is tomorrow. Reply 1 to confirm or 2 to change the day.,en,failed,2026-01-26 09:50:00
c1912229-4c94-49a8-b82f-b7fed1ec3b83,ff3db565-8190-4ee3-b865-0cddf9ba8c8e,d0dbd5f7-ce80-4937-b822-b72d981e359d,,appointment_reminder,outbound,Reminder: your BP check at Agege Primary Health Centre is tomorrow. Reply 1 to confirm or 2 to change the day.,en,delivered,2026-02-24 10:28:00
1f1aad9c-c77e-4c67-83f3-3b402818ef1d,ff3db565-8190-4ee3-b865-0cddf9ba8c8e,d0dbd5f7-ce80-4937-b822-b72d981e359d,,sms,inbound,I go cme,pcm,delivered,2026-02-24 18:05:00
90154bcb-fa2a-4d3b-8a05-94b396696da1,ff3db565-8190-4ee3-b865-0cddf9ba8c8e,d0dbd5f7-ce80-4937-b822-b72d981e359d,,missed_visit_sms_reminder,outbound,You missed your BP visit at Agege Primary Health Centre. Please come this week. Reply 2 if you need another day.,en,delivered,2026-02-28 10:32:00
71812732-f94f-4245-823f-bf2fe6933e54,ff3db565-8190-4ee3-b865-0cddf9ba8c8e,fc890363-aeab-49da-ba6b-3607b3c89801,,appointment_reminder,outbound,Reminder: your BP check at Agege Primary Health Centre is tomorrow. Reply 1 to confirm or 2 to change the day.,en,delivered,2026-06-04 10:54:00
dba1ec3e-a226-469f-87ab-57fa0f0f9634,ff3db565-8190-4ee3-b865-0cddf9ba8c8e,fc890363-aeab-49da-ba6b-3607b3c89801,,missed_visit_sms_reminder,outbound,You missed your BP visit at Agege Primary Health Centre. Please come this week. Reply 2 if you need another day.,en,delivered,2026-06-08 10:04:00
10030b5b-95b4-44ea-b289-778a8cf6e3a4,718fe957-85f7-479f-a27d-32447ddaa748,f8a82bf1-c372-487f-af1f-0f3cd0b6007f,,appointment_reminder,outbound,Reminder: your BP check at Ijebu Ode Primary Health Centre is tomorrow. Reply 1 to confirm or 2 to change the day.,en,delivered,2025-04-26 09:48:00
dba34426-85ae-4d13-961f-c3caa5b2acf2,718fe957-85f7-479f-a27d-32447ddaa748,f8a82bf1-c372-487f-af1f-0f3cd0b6007f,,sms,inbound,Amen,en,delivered,2025-04-26 11:16:00
ec8baa5f-f581-41a5-a340-27e687c06db2,718fe957-85f7-479f-a27d-32447ddaa748,0628a502-3d2a-4dc6-8e7e-f961d5dbe0b0,,appointment_reminder,outbound,Reminder: your BP check at Ijebu Ode Primary Health Centre is tomorrow. Reply 1 to confirm or 2 to change the day.,en,delivered,2025-05-27 10:17:00
a86aa461-217a-407c-8f3b-3deba0394bf7,718fe957-85f7-479f-a27d-32447ddaa748,0628a502-3d2a-4dc6-8e7e-f961d5dbe0b0,,sms,inbound,can i stop the tablets? i feel fine now,en,delivered,2025-05-27 17:57:00
60ee60fc-7165-4314-a2ba-ee92e9f820ed,718fe957-85f7-479f-a27d-32447ddaa748,a0f6eefa-f350-46e3-8bce-d09c6a11d8cd,,appointment_reminder,outbound,Reminder: your BP check at Ijebu Ode Primary Health Centre is tomorrow. Reply 1 to confirm or 2 to change the day.,en,delivered,2025-06-22 09:06:00
c31aefab-4a8d-4a41-882b-001aecb33e35,718fe957-85f7-479f-a27d-32447ddaa748,a0f6eefa-f350-46e3-8bce-d09c6a11d8cd,,missed_visit_sms_reminder,outbound,You missed your BP visit at Ijebu Ode Primary Health Centre. Please come this week. Reply 2 if you need another day.,en,delivered,2025-06-26 09:49:00
e30038f8-3b6f-4670-8cad-9a5d72a779fa,718fe957-85f7-479f-a27d-32447ddaa748,bc006dc5-672d-4c03-b41c-0ddf879ffcee,,appointment_reminder,outbound,Reminder: your BP check at Ijebu Ode Primary Health Centre is tomorrow. Reply 1 to confirm or 2 to change the day.,en,delivered,2025-08-05 10:05:00
dc6b9bee-968b-4ce8-a34b-622c11a7804b,718fe957-85f7-479f-a27d-32447ddaa748,bc006dc5-672d-4c03-b41c-0ddf879ffcee,,missed_visit_sms_reminder,outbound,You missed your BP visit at Ijebu Ode Primary Health Centre. Please come this week. Reply 2 if you need another day.,en,sent,2025-08-09 09:30:00
263ed0f2-f19f-4dc0-b8c3-389c6788b654,718fe957-85f7-479f-a27d-32447ddaa748,bc006dc5-672d-4c03-b41c-0ddf879ffcee,,voip_call,outbound,,,completed,2025-08-17 15:59:00
ce8e3c3a-37aa-44eb-a40d-2c7cd5a368d6,a7344a0e-5832-441d-991c-6f3377ac69bd,c90d1cb9-b3cd-4967-9f3e-04f44f1e0cbf,,appointment_reminder,outbound,Reminder: your BP check at Agege Primary Health Centre is tomorrow. Reply 1 to confirm or 2 to change the day.,en,sent,2024-10-08 09:26:00
4bb16433-f687-4dc7-be3a-0c75cb91881a,a7344a0e-5832-441d-991c-6f3377ac69bd,7c6e9b7d-7abf-429b-a408-5b1a3cc1d85c,,appointment_reminder,outbound,Reminder: your BP check at Agege Primary Health Centre is tomorrow. Reply 1 to confirm or 2 to change the day.,en,delivered,2024-11-02 09:12:00
d4dfe837-fa14-4b8a-9024-06d59f1d0a45,a7344a0e-5832-441d-991c-6f3377ac69bd,de92c570-0b2b-486b-9926-4eaf247d157f,,appointment_reminder,outbound,Reminder: your BP check at Agege Primary Health Centre is tomorrow. Reply 1 to confirm or 2 to change the day.,en,sent,2024-11-30 09:48:00
5a43f29f-995c-4d8f-ae0b-4fa98dddbac2,a7344a0e-5832-441d-991c-6f3377ac69bd,de92c570-0b2b-486b-9926-4eaf247d157f,,sms,inbound,"I no fit come tomorrow, abeg shift am",pcm,delivered,2024-11-30 10:09:00
0b7dce0a-aae2-42ab-b0ab-70bc73ac13a7,a7344a0e-5832-441d-991c-6f3377ac69bd,27ea022a-4c19-4ee3-8aa2-478a57b65e3e,,appointment_reminder,outbound,Reminder: your BP check at Agege Primary Health Centre is tomorrow. Reply 1 to confirm or 2 to change the day.,en,delivered,2024-12-26 09:00:00
ad3b81fe-9b8a-4b31-a317-c362c61d152e,a7344a0e-5832-441d-991c-6f3377ac69bd,27ea022a-4c19-4ee3-8aa2-478a57b65e3e,,sms,inbound,Wace rana zan zo?,ha,delivered,2024-12-26 15:26:00
d248d1e7-8be9-4200-99df-992f279722a2,a7344a0e-5832-441d-991c-6f3377ac69bd,2c853bfc-26bb-46f2-af09-a41cae876918,,appointment_reminder,outbound,Reminder: your BP check at Agege Primary Health Centre is tomorrow. Reply 1 to confirm or 2 to change the day.,en,delivered,2025-01-25 09:00:00
7c9b21d7-3504-46b4-b11a-bb4a225af170,a7344a0e-5832-441d-991c-6f3377ac69bd,8fb113f8-37b5-443d-9228-cb8ef4653f6f,,appointment_reminder,outbound,Reminder: your BP check at Agege Primary Health Centre is tomorrow. Reply 1 to confirm or 2 to change the day.,en,delivered,2025-02-19 10:10:00
d673bc66-1e3b-4eb6-8dee-002c6796f18c,a7344a0e-5832-441d-991c-6f3377ac69bd,d9c74ffe-de96-4198-bd86-b81583fbedb8,,appointment_reminder,outbound,Reminder: your BP check at Agege Primary Health Centre is tomorrow. Reply 1 to confirm or 2 to change the day.,en,delivered,2025-04-15 09:15:00
c755454c-b296-4e5f-b7be-989a8d2af82f,a7344a0e-5832-441d-991c-6f3377ac69bd,c3ba899e-54cd-4947-99de-c8471f074572,,appointment_reminder,outbound,Reminder: your BP check at Agege Primary Health Centre is tomorrow. Reply 1 to confirm or 2 to change the day.,en,delivered,2025-05-11 09:57:00
ccf4b799-9c67-464c-a6b1-6ca192865305,a7344a0e-5832-441d-991c-6f3377ac69bd,c3ba899e-54cd-4947-99de-c8471f074572,,missed_visit_sms_reminder,outbound,You missed your BP visit at Agege Primary Health Centre. Please come this week. Reply 2 if you need another day.,en,failed,2025-05-15 10:54:00
9529b660-b86d-4393-a0dc-7635a2dc52c5,a7344a0e-5832-441d-991c-6f3377ac69bd,c3ba899e-54cd-4947-99de-c8471f074572,,voip_call,outbound,,,completed,2025-05-23 16:38:00
886056e1-5ad5-4eb6-bad4-4e3b547fe81a,a7344a0e-5832-441d-991c-6f3377ac69bd,ff0984de-0cf2-4ea4-9d87-8111a372ade8,,appointment_reminder,outbound,Reminder: your BP check at Agege Primary Health Centre is tomorrow. Reply 1 to confirm or 2 to change the day.,en,delivered,2025-09-25 09:41:00
bb83f46c-bf6a-4572-a260-d47f17979b75,a7344a0e-5832-441d-991c-6f3377ac69bd,bbfe8625-e176-4e57-bc18-b1c2b3e7d8bb,,appointment_reminder,outbound,Reminder: your BP check at Agege Primary Health Centre is tomorrow. Reply 1 to confirm or 2 to change the day.,en,delivered,2025-11-15 10:43:00
7cc44440-90a9-478a-a057-73b25e2466c3,a7344a0e-5832-441d-991c-6f3377ac69bd,bbfe8625-e176-4e57-bc18-b1c2b3e7d8bb,,missed_visit_sms_reminder,outbound,You missed your BP visit at Agege Primary Health Centre. Please come this week. Reply 2 if you need another day.,en,delivered,2025-11-19 10:52:00
298d0024-9378-4502-8465-cf59379095d8,a7344a0e-5832-441d-991c-6f3377ac69bd,bbfe8625-e176-4e57-bc18-b1c2b3e7d8bb,,voip_call,outbound,,,completed,2025-11-27 16:06:00
2088ee58-0bcc-4f48-9847-071eb859ca67,a7344a0e-5832-441d-991c-6f3377ac69bd,75f3cc21-6d33-4e97-88db-18868e59fd43,,appointment_reminder,outbound,Reminder: your BP check at Agege Primary Health Centre is tomorrow. Reply 1 to confirm or 2 to change the day.,en,failed,2025-12-27 10:05:00
35491f4a-c372-4dcc-a4ac-d79bf3500e85,a7344a0e-5832-441d-991c-6f3377ac69bd,b364721f-9e54-4f4e-8f9f-3f7858374df3,,appointment_reminder,outbound,Reminder: your BP check at Agege Primary Health Centre is tomorrow. Reply 1 to confirm or 2 to change the day.,en,delivered,2026-01-17 10:41:00
2421540e-4c4c-4a06-951f-8f8d8e98f9a9,a7344a0e-5832-441d-991c-6f3377ac69bd,b364721f-9e54-4f4e-8f9f-3f7858374df3,,sms,inbound,"Noted, thank you",en,delivered,2026-01-17 15:26:00
ab3361c3-c388-457a-9a14-c7780b885002,a7344a0e-5832-441d-991c-6f3377ac69bd,27a4f686-00ea-4f8a-9706-bcd9bc701718,,appointment_reminder,outbound,Reminder: your BP check at Agege Primary Health Centre is tomorrow. Reply 1 to confirm or 2 to change the day.,en,delivered,2026-03-14 09:27:00
28ea0399-b68e-41ae-8fb9-c95060b104de,a7344a0e-5832-441d-991c-6f3377ac69bd,7f144ceb-d506-4c84-8578-c909439a8098,,appointment_reminder,outbound,Reminder: your BP check at Agege Primary Health Centre is tomorrow. Reply 1 to confirm or 2 to change the day.,en,delivered,2026-05-05 10:39:00
b6faea9f-5a37-42e6-888b-346e909d018b,a7344a0e-5832-441d-991c-6f3377ac69bd,d8a740c6-02e6-4d47-8a2b-934ccf50c68c,,appointment_reminder,outbound,Reminder: your BP check at Agege Primary Health Centre is tomorrow. Reply 1 to confirm or 2 to change the day.,en,delivered,2026-06-29 10:52:00
48c8a367-69b4-4aa4-bec7-130d0dcfe6f1,a7344a0e-5832-441d-991c-6f3377ac69bd,d8a740c6-02e6-4d47-8a2b-934ccf50c68c,,missed_visit_sms_reminder,outbound,You missed your BP visit at Agege Primary Health Centre. Please come this week. Reply 2 if you need another day.,en,delivered,2026-07-03 10:11:00
75c0f0d6-d8bb-4e5c-87da-a18f030855b6,a7344a0e-5832-441d-991c-6f3377ac69bd,d8a740c6-02e6-4d47-8a2b-934ccf50c68c,,voip_call,outbound,,,completed,2026-07-17 16:26:00
2c7b0615-fc7d-47c8-b877-6dacb9624f6d,a7344a0e-5832-441d-991c-6f3377ac69bd,48a46357-6519-42a1-9c2f-a725abe8aa68,,appointment_reminder,outbound,Reminder: your BP check at Agege Primary Health Centre is tomorrow. Reply 1 to confirm or 2 to change the day.,en,delivered,2026-09-19 09:02:00
9b9cf48f-05ec-411d-a80e-600fba95522c,bcb1dfb3-952a-4c04-9830-b380e7c401fb,4ac2d3ae-8a24-4463-9b67-b8e03863f43c,,appointment_reminder,outbound,Reminder: your BP check at Ijebu Ode Primary Health Centre is tomorrow. Reply 1 to confirm or 2 to change the day.,en,delivered,2025-06-24 09:19:00
220676fa-9450-499e-8bc5-a887f052bd24,bcb1dfb3-952a-4c04-9830-b380e7c401fb,4f2e4375-ab58-4b3a-9171-c9051856aec5,,appointment_reminder,outbound,Reminder: your BP check at Ijebu Ode Primary Health Centre is tomorrow. Reply 1 to confirm or 2 to change the day.,en,delivered,2025-07-21 09:47:00
8be14419-94ef-4c68-976f-eba01f2628be,bcb1dfb3-952a-4c04-9830-b380e7c401fb,d36a2a9b-6cad-462e-b8b3-95c6d8e3d3d0,,appointment_reminder,outbound,Reminder: your BP check at Ijebu Ode Primary Health Centre is tomorrow. Reply 1 to confirm or 2 to change the day.,en,delivered,2025-08-19 09:51:00
aa75bd97-f6aa-455f-a0d8-61547c28e1bf,bcb1dfb3-952a-4c04-9830-b380e7c401fb,a1ceb96f-ba5f-4ffb-963b-ac227c8dcdc7,,appointment_reminder,outbound,Reminder: your BP check at Ijebu Ode Primary Health Centre is tomorrow. Reply 1 to confirm or 2 to change the day.,en,delivered,2025-09-12 10:36:00
53672091-0974-4db9-ba44-b905420a1c88,bcb1dfb3-952a-4c04-9830-b380e7c401fb,e277813e-a2b3-4dbf-8426-e63a245a6e1d,,appointment_reminder,outbound,Reminder: your BP check at Ijebu Ode Primary Health Centre is tomorrow. Reply 1 to confirm or 2 to change the day.,en,delivered,2025-10-14 10:34:00
f16c2725-2617-419a-a7a6-c0bb706d0a14,bcb1dfb3-952a-4c04-9830-b380e7c401fb,e277813e-a2b3-4dbf-8426-e63a245a6e1d,,sms,inbound,"noted, thank you",en,delivered,2025-10-14 18:09:00
a8afe16a-ce6a-4fcc-9d0b-62445b1f9af0,bcb1dfb3-952a-4c04-9830-b380e7c401fb,2ed79fbf-690a-469a-833c-c89bfc86bea9,,appointment_reminder,outbound,Reminder: your BP check at Ijebu Ode Primary Health Centre is tomorrow. Reply 1 to confirm or 2 to change the day.,en,delivered,2025-11-13 10:46:00
1ba30d79-6413-4875-8e4b-3b4e4fe0ac65,bcb1dfb3-952a-4c04-9830-b380e7c401fb,f66afd57-5b59-47a9-9496-830e3462847d,,appointment_reminder,outbound,Reminder: your BP check at Ijebu Ode Primary Health Centre is tomorrow. Reply 1 to confirm or 2 to change the day.,en,delivered,2026-01-11 09:54:00
4af1508a-388d-43ea-9e88-ecc80c2ee70f,bcb1dfb3-952a-4c04-9830-b380e7c401fb,07b50a78-9276-401c-a2f2-48e555d8e2ad,,appointment_reminder,outbound,Reminder: your BP check at Ijebu Ode Primary Health Centre is tomorrow. Reply 1 to confirm or 2 to change the day.,en,delivered,2026-03-11 10:56:00
51318259-7851-41f4-8c7d-2d03c9e291a4,bcb1dfb3-952a-4c04-9830-b380e7c401fb,be1e4fad-821c-4845-bc88-fcd8f3468247,,appointment_reminder,outbound,Reminder: your BP check at Ijebu Ode Primary Health Centre is tomorrow. Reply 1 to confirm or 2 to change the day.,en,delivered,2026-05-05 09:10:00
82314bfd-0332-41f0-bc3d-c97fa9d4ba18,bcb1dfb3-952a-4c04-9830-b380e7c401fb,3f5eb164-00c3-49b4-94b6-1c7b8b61a884,,appointment_reminder,outbound,Reminder: your BP check at Ijebu Ode Primary Health Centre is tomorrow. Reply 1 to confirm or 2 to change the day.,en,delivered,2026-07-03 09:26:00
89f3c897-3e11-47e1-8b9d-46e503843720,bcb1dfb3-952a-4c04-9830-b380e7c401fb,3f5eb164-00c3-49b4-94b6-1c7b8b61a884,,sms,inbound,"My body dey weak, wetin I go do",pcm,delivered,2026-07-03 18:53:00
907bf759-ba69-45fd-b9c6-81c339ef9f58,bcb1dfb3-952a-4c04-9830-b380e7c401fb,2de7df7b-69a4-4f68-9cc4-2199ea7f98a6,,appointment_reminder,outbound,Reminder: your BP check at Ijebu Ode Primary Health Centre is tomorrow. Reply 1 to confirm or 2 to change the day.,en,delivered,2026-08-01 10:50:00
90d41291-f215-4561-b6d1-9b4ea077fa08,bcb1dfb3-952a-4c04-9830-b380e7c401fb,2de7df7b-69a4-4f68-9cc4-2199ea7f98a6,,sms,inbound,"I can't cme on that day, can I cme nxt week",en,delivered,2026-08-01 13:55:00
233acb6f-7265-4c62-b09c-41d1b19df649,e7ca10e7-94f7-48c0-b661-63eb1b4c232d,d73c66d0-bccb-4aee-8086-e6da538708d4,,appointment_reminder,outbound,Reminder: your BP check at Agege Primary Health Centre is tomorrow. Reply 1 to confirm or 2 to change the day.,en,delivered,2026-01-20 09:25:00
2a240cbb-25a5-4dba-b076-7f357cb7baf4,e7ca10e7-94f7-48c0-b661-63eb1b4c232d,d73c66d0-bccb-4aee-8086-e6da538708d4,,sms,inbound,"mi o le wa ni ola, ose to n bo",yo,delivered,2026-01-20 18:14:00
bb71012c-4fce-4067-a91f-7037fbf73d1a,e7ca10e7-94f7-48c0-b661-63eb1b4c232d,d3e55511-665f-4b26-801b-c62d412fedaa,,appointment_reminder,outbound,Reminder: your BP check at Agege Primary Health Centre is tomorrow. Reply 1 to confirm or 2 to change the day.,en,delivered,2026-02-16 09:14:00
2bd50cd1-c4d0-49f4-b497-f951db598306,e7ca10e7-94f7-48c0-b661-63eb1b4c232d,d3e55511-665f-4b26-801b-c62d412fedaa,,missed_visit_sms_reminder,outbound,You missed your BP visit at Agege Primary Health Centre. Please come this week. Reply 2 if you need another day.,en,delivered,2026-02-20 10:11:00
9f819fc5-66db-47ae-93f4-de4b3a74e8c8,e7ca10e7-94f7-48c0-b661-63eb1b4c232d,d3e55511-665f-4b26-801b-c62d412fedaa,,voip_call,outbound,,,completed,2026-02-23 10:23:00
68038538-e85a-455b-9ddc-9cb197ed8e0d,e7ca10e7-94f7-48c0-b661-63eb1b4c232d,11f8f359-1086-4d9e-93e6-9fd05d17b1d3,,appointment_reminder,outbound,Reminder: your BP check at Agege Primary Health Centre is tomorrow. Reply 1 to confirm or 2 to change the day.,en,delivered,2026-03-18 10:04:00
b5e257b4-4876-4be6-b773-1807ec4cbdd8,e7ca10e7-94f7-48c0-b661-63eb1b4c232d,5cceba05-b751-4509-ae4c-fdc0c208c4b9,,appointment_reminder,outbound,Reminder: your BP check at Agege Primary Health Centre is tomorrow. Reply 1 to confirm or 2 to change the day.,en,delivered,2026-04-16 10:52:00
6ce61b48-e464-48a6-97f7-b47494a2941b,e7ca10e7-94f7-48c0-b661-63eb1b4c232d,5cceba05-b751-4509-ae4c-fdc0c208c4b9,,sms,inbound,Alright see you tomorow,en,delivered,2026-04-16 10:55:00
fd0fce8b-9e1e-4e5a-93f1-8446dc092042,e7ca10e7-94f7-48c0-b661-63eb1b4c232d,5cceba05-b751-4509-ae4c-fdc0c208c4b9,,missed_visit_sms_reminder,outbound,You missed your BP visit at Agege Primary Health Centre. Please come this week. Reply 2 if you need another day.,en,failed,2026-04-20 10:00:00
e0058baa-501c-447c-91d9-c24c2ba8a834,e7ca10e7-94f7-48c0-b661-63eb1b4c232d,d0365a93-f67f-4bd3-8a50-f96b4e415e3a,,appointment_reminder,outbound,Reminder: your BP check at Agege Primary Health Centre is tomorrow. Reply 1 to confirm or 2 to change the day.,en,failed,2026-06-25 10:39:00
a7f2f825-f5ab-4c6c-86fa-553b0cb42d34,e7ca10e7-94f7-48c0-b661-63eb1b4c232d,2a8387f4-17a2-4654-9766-27f9f788e214,,appointment_reminder,outbound,Reminder: your BP check at Agege Primary Health Centre is tomorrow. Reply 1 to confirm or 2 to change the day.,en,delivered,2026-07-20 10:41:00
268bb126-e901-4cde-8d72-3781b8185437,e7ca10e7-94f7-48c0-b661-63eb1b4c232d,2a8387f4-17a2-4654-9766-27f9f788e214,,sms,inbound,"Na gode, zan zo gobe",ha,delivered,2026-07-20 11:44:00
162b0495-5636-4c5a-b91b-fff71be6412b,e7ca10e7-94f7-48c0-b661-63eb1b4c232d,2a8387f4-17a2-4654-9766-27f9f788e214,,missed_visit_sms_reminder,outbound,You missed your BP visit at Agege Primary Health Centre. Please come this week. Reply 2 if you need another day.,en,delivered,2026-07-24 09:58:00
d45976c0-7af9-493d-9dbd-dd21362d1b3d,e7ca10e7-94f7-48c0-b661-63eb1b4c232d,2a8387f4-17a2-4654-9766-27f9f788e214,,voip_call,outbound,,,completed,2026-08-02 10:09:00
48da89f1-94b1-478f-96c2-1f41b427dec1,dc18f7f9-8d88-4e04-8bce-c9c70c0b4a06,5add04a9-1c09-41a7-bc4f-245ee15bfc60,,voip_call,outbound,,,completed,2026-09-12 12:43:00
27a844cb-df21-4469-a411-48cc00997203,d946cd20-bb4e-4a2a-b5e3-d24231a2b760,38ce4d70-66c3-486a-99e1-b6d924c5484c,,appointment_reminder,outbound,Reminder: your BP check at Ikorodu General Hospital is tomorrow. Reply 1 to confirm or 2 to change the day.,en,delivered,2024-10-27 10:53:00
8d49e391-9245-4a18-a4ef-ac68ea25ec1a,d946cd20-bb4e-4a2a-b5e3-d24231a2b760,e461c58e-9ad1-44fa-b2eb-be7a3c431e6d,,appointment_reminder,outbound,Reminder: your BP check at Ikorodu General Hospital is tomorrow. Reply 1 to confirm or 2 to change the day.,en,delivered,2024-12-23 10:42:00
e03bfc31-0296-4666-9898-56736d8b3c75,d946cd20-bb4e-4a2a-b5e3-d24231a2b760,162a6687-9ae5-43e7-8fbd-096b778904f0,,appointment_reminder,outbound,Reminder: your BP check at Ikorodu General Hospital is tomorrow. Reply 1 to confirm or 2 to change the day.,en,sent,2025-02-17 09:17:00
071fea0f-f107-435b-9163-ea661912251f,d946cd20-bb4e-4a2a-b5e3-d24231a2b760,162a6687-9ae5-43e7-8fbd-096b778904f0,,sms,inbound,"To, zan zo",ha,delivered,2025-02-17 13:18:00
44250578-0326-4d61-87b9-86a0275c0b8e,d946cd20-bb4e-4a2a-b5e3-d24231a2b760,7a290063-d7c4-486c-8c80-cdb87b85313e,,appointment_reminder,outbound,Reminder: your BP check at Ikorodu General Hospital is tomorrow. Reply 1 to confirm or 2 to change the day.,en,delivered,2025-05-09 09:23:00
2310165c-f148-4fed-ab36-22711d4e2c95,d946cd20-bb4e-4a2a-b5e3-d24231a2b760,7a290063-d7c4-486c-8c80-cdb87b85313e,,missed_visit_sms_reminder,outbound,You missed your BP visit at Ikorodu General Hospital. Please come this week. Reply 2 if you need another day.,en,sent,2025-05-13 10:50:00
e7348827-3004-42fa-b977-d973d32a7234,d946cd20-bb4e-4a2a-b5e3-d24231a2b760,7a290063-d7c4-486c-8c80-cdb87b85313e,,voip_call,outbound,,,completed,2025-05-27 13:29:00
3f580a65-066e-42e1-a275-bb9303ab0cc6,d946cd20-bb4e-4a2a-b5e3-d24231a2b760,f9a0aa3f-9017-474f-8c86-3ff1813311af,,appointment_reminder,outbound,Reminder: your BP check at Ikorodu General Hospital is tomorrow. Reply 1 to confirm or 2 to change the day.,en,delivered,2025-08-04 10:50:00
c3ea284e-3b59-499d-bd3b-5e051288e972,d946cd20-bb4e-4a2a-b5e3-d24231a2b760,f9a0aa3f-9017-474f-8c86-3ff1813311af,,sms,inbound,i have finished my drugs,en,delivered,2025-08-04 19:22:00
5a03c25e-541c-477c-b56f-00e30f484789,d946cd20-bb4e-4a2a-b5e3-d24231a2b760,3ff870bb-265b-4d7f-997a-ae2f8faed491,,appointment_reminder,outbound,Reminder: your BP check at Ikorodu General Hospital is tomorrow. Reply 1 to confirm or 2 to change the day.,en,sent,2025-09-29 09:44:00
331d805f-fc64-40a3-af60-1aa9fa4b829a,d946cd20-bb4e-4a2a-b5e3-d24231a2b760,3ff870bb-265b-4d7f-997a-ae2f8faed491,,sms,inbound,No dey send me message again,pcm,delivered,2025-09-29 13:01:00
55ef218e-b5e2-4a53-bd78-0646531d4cb9,d946cd20-bb4e-4a2a-b5e3-d24231a2b760,589e9ec7-d3ae-4ff9-b4a9-d267de3472bc,,voip_call,outbound,,,completed,2026-04-08 11:59:00
373401c9-0f0a-4362-8aba-20d2d7301597,ae31e651-a450-432c-9d20-3aaea8a21ead,011c89d5-702f-429f-a952-2f26e151a69c,,appointment_reminder,outbound,Reminder: your BP check at Ijebu Ode Primary Health Centre is tomorrow. Reply 1 to confirm or 2 to change the day.,en,delivered,2025-12-25 10:07:00
25cb481e-7849-4059-aed4-aeb2cf81d18f,ae31e651-a450-432c-9d20-3aaea8a21ead,011c89d5-702f-429f-a952-2f26e151a69c,,missed_visit_sms_reminder,outbound,You missed your BP visit at Ijebu Ode Primary Health Centre. Please come this week. Reply 2 if you need another day.,en,failed,2025-12-29 10:15:00
211fe8fe-102f-42bb-a1b2-09841f7662b3,ae31e651-a450-432c-9d20-3aaea8a21ead,011c89d5-702f-429f-a952-2f26e151a69c,,voip_call,outbound,,,completed,2026-01-13 10:28:00
90d24b95-2462-477e-8b1e-0dd305b20553,ae31e651-a450-432c-9d20-3aaea8a21ead,ea7271af-6ea2-4b5c-bb47-8dffc0dcf808,,appointment_reminder,outbound,Reminder: your BP check at Ijebu Ode Primary Health Centre is tomorrow. Reply 1 to confirm or 2 to change the day.,en,sent,2026-02-15 09:35:00
2a7aac45-a64b-4245-a19e-c52daa2cac2c,ae31e651-a450-432c-9d20-3aaea8a21ead,ea7271af-6ea2-4b5c-bb47-8dffc0dcf808,,missed_visit_sms_reminder,outbound,You missed your BP visit at Ijebu Ode Primary Health Centre. Please come this week. Reply 2 if you need another day.,en,delivered,2026-02-19 10:57:00
3b05a648-e11b-44c2-9bad-2825daf5d3fa,ae31e651-a450-432c-9d20-3aaea8a21ead,ea7271af-6ea2-4b5c-bb47-8dffc0dcf808,,voip_call,outbound,,,no_answer,2026-03-08 12:31:00
9cbd73ba-b3fe-4960-90dc-fef7dcbeca57,3e8eb9cb-a10a-4144-814e-69b1c101ae99,34701dfa-be0a-4fab-ad83-9b09dfc78420,,appointment_reminder,outbound,Reminder: your BP check at Ikorodu General Hospital is tomorrow. Reply 1 to confirm or 2 to change the day.,en,delivered,2025-07-24 09:57:00
b61b0781-ffcf-470a-bd98-6617eb10c684,3e8eb9cb-a10a-4144-814e-69b1c101ae99,02d8f3bc-bbc8-4143-a419-4c82a21707e7,,appointment_reminder,outbound,Reminder: your BP check at Ikorodu General Hospital is tomorrow. Reply 1 to confirm or 2 to change the day.,en,sent,2025-08-22 09:45:00
0e60d286-714b-4504-853d-0f153a79b134,3e8eb9cb-a10a-4144-814e-69b1c101ae99,02d8f3bc-bbc8-4143-a419-4c82a21707e7,,sms,inbound,"i can't cme on that day, can i cme nxt week",en,delivered,2025-08-22 11:55:00
56ea92ac-0aa3-4f34-9cd1-a17d73a072e7,3e8eb9cb-a10a-4144-814e-69b1c101ae99,5395c460-596f-40f8-aca4-a9ad216c26f6,,appointment_reminder,outbound,Reminder: your BP check at Ikorodu General Hospital is tomorrow. Reply 1 to confirm or 2 to change the day.,en,sent,2025-09-19 09:16:00
b4ad32de-3908-4b2c-a3d0-4feeb790d26e,3e8eb9cb-a10a-4144-814e-69b1c101ae99,b9e2d769-b188-430a-b671-c2b4d3120681,,appointment_reminder,outbound,Reminder: your BP check at Ikorodu General Hospital is tomorrow. Reply 1 to confirm or 2 to change the day.,en,delivered,2025-10-02 09:16:00
a6129506-5996-41ec-8492-faf9fc663d95,3e8eb9cb-a10a-4144-814e-69b1c101ae99,8e256ddf-fa84-4e96-b575-4dad9eb94b51,,appointment_reminder,outbound,Reminder: your BP check at Ikorodu General Hospital is tomorrow. Reply 1 to confirm or 2 to change the day.,en,delivered,2025-11-02 09:47:00
b93772ad-19d0-434b-a82d-b74ba38f055b,3e8eb9cb-a10a-4144-814e-69b1c101ae99,2fb4b37c-572a-4805-9818-3a792f5935b7,,appointment_reminder,outbound,Reminder: your BP check at Ikorodu General Hospital is tomorrow. Reply 1 to confirm or 2 to change the day.,en,delivered,2025-11-29 09:42:00
090b2572-d507-4e27-af25-8c351d939337,3e8eb9cb-a10a-4144-814e-69b1c101ae99,2fb4b37c-572a-4805-9818-3a792f5935b7,,sms,inbound,"I can't come on that day, can I come next week",en,delivered,2025-11-29 16:20:00
38d4e566-ba6f-470a-87cc-b9518d873d1b,3e8eb9cb-a10a-4144-814e-69b1c101ae99,11755cd7-f36a-404d-ae6c-2cc47de21b61,,appointment_reminder,outbound,Reminder: your BP check at Ikorodu General Hospital is tomorrow. Reply 1 to confirm or 2 to change the day.,en,delivered,2025-12-24 09:04:00
67fedcd7-5fa7-4a1f-93c1-4930d453664f,3e8eb9cb-a10a-4144-814e-69b1c101ae99,20def38d-c0c5-4e56-ba41-f1d37acfc333,,appointment_reminder,outbound,Reminder: your BP check at Ikorodu General Hospital is tomorrow. Reply 1 to confirm or 2 to change the day.,en,delivered,2026-01-06 09:16:00
1316face-aec1-49ff-9d70-7e4b5b81f293,3e8eb9cb-a10a-4144-814e-69b1c101ae99,5221e198-5e3b-4b84-af0e-ce49ada2e8be,,appointment_reminder,outbound,Reminder: your BP check at Ikorodu General Hospital is tomorrow. Reply 1 to confirm or 2 to change the day.,en,failed,2026-03-01 09:30:00
8d5ecd72-d302-4092-8c81-501f43f25272,3e8eb9cb-a10a-4144-814e-69b1c101ae99,12010588-d55b-4002-a3e1-ddaa49414ee6,,appointment_reminder,outbound,Reminder: your BP check at Ikorodu General Hospital is tomorrow. Reply 1 to confirm or 2 to change the day.,en,delivered,2026-04-27 09:28:00
85c1a4c8-6a01-4b38-9fa2-b19e46fcc029,3e8eb9cb-a10a-4144-814e-69b1c101ae99,12010588-d55b-4002-a3e1-ddaa49414ee6,,missed_visit_sms_reminder,outbound,You missed your BP visit at Ikorodu General Hospital. Please come this week. Reply 2 if you need another day.,en,delivered,2026-05-01 09:59:00
fbdc226d-9351-4548-9ad8-302ce08dad51,3e8eb9cb-a10a-4144-814e-69b1c101ae99,12010588-d55b-4002-a3e1-ddaa49414ee6,,sms,inbound,Make I cme nxt week instead,pcm,delivered,2026-05-01 11:07:00
48960b1a-99e9-4107-99fb-0485506965eb,3e8eb9cb-a10a-4144-814e-69b1c101ae99,bac2913f-3d2e-44d5-a2ce-2fe9f448bcb3,,appointment_reminder,outbound,Reminder: your BP check at Ikorodu General Hospital is tomorrow. Reply 1 to confirm or 2 to change the day.,en,delivered,2026-06-14 09:18:00
f86b64f5-fa0f-45ea-8d4e-a4b379dbdace,3e8eb9cb-a10a-4144-814e-69b1c101ae99,67eec90f-9978-414e-8e59-dff89521ffe0,,appointment_reminder,outbound,Reminder: your BP check at Ikorodu General Hospital is tomorrow. Reply 1 to confirm or 2 to change the day.,en,delivered,2026-07-12 10:48:00
5e31baa0-70ba-4086-968f-e6033ee5916c,7ec85339-0e33-4d5a-a098-df1c83ac7a00,4b83984e-bf16-43a5-b24b-2c22192aa399,,appointment_reminder,outbound,Reminder: your BP check at Sagamu Model PHC is tomorrow. Reply 1 to confirm or 2 to change the day.,en,delivered,2024-11-03 09:29:00
a796bb02-1dcd-49e5-b353-87ebbe24b1c2,7ec85339-0e33-4d5a-a098-df1c83ac7a00,fd767492-3c17-4a18-8cc3-75647790bc9f,,appointment_reminder,outbound,Reminder: your BP check at Sagamu Model PHC is tomorrow. Reply 1 to confirm or 2 to change the day.,en,delivered,2024-12-03 09:33:00
c5107461-8e34-46ba-a232-da4b66d74846,7ec85339-0e33-4d5a-a098-df1c83ac7a00,fd767492-3c17-4a18-8cc3-75647790bc9f,,sms,inbound,Is Saturday possible?,en,delivered,2024-12-03 09:46:00
dd377478-0b23-4fec-9331-531dc2da516c,7ec85339-0e33-4d5a-a098-df1c83ac7a00,fd767492-3c17-4a18-8cc3-75647790bc9f,,missed_visit_sms_reminder,outbound,You missed your BP visit at Sagamu Model PHC. Please come this week. Reply 2 if you need another day.,en,delivered,2024-12-07 09:07:00
c723e02c-ffa2-4b55-8dce-fe69b7d6b34e,7ec85339-0e33-4d5a-a098-df1c83ac7a00,fd767492-3c17-4a18-8cc3-75647790bc9f,,voip_call,outbound,,,completed,2024-12-18 15:45:00
baa4aa68-3e54-4f33-833d-679fb5901e6b,7ec85339-0e33-4d5a-a098-df1c83ac7a00,feecd947-f134-4879-9ba5-6d5fa3f4e6b1,,appointment_reminder,outbound,Reminder: your BP check at Sagamu Model PHC is tomorrow. Reply 1 to confirm or 2 to change the day.,en,delivered,2025-01-08 09:36:00
ec237880-0730-4f4a-8e40-275a49cbbd50,7ec85339-0e33-4d5a-a098-df1c83ac7a00,feecd947-f134-4879-9ba5-6d5fa3f4e6b1,,sms,inbound,Ojo wo ni ki n wa?,yo,delivered,2025-01-08 11:04:00
9ea01e60-b382-40c6-84cf-2a7cc47b63f6,7ec85339-0e33-4d5a-a098-df1c83ac7a00,928700e7-8a51-4f4f-b035-bdeadbcf937c,,appointment_reminder,outbound,Reminder: your BP check at Sagamu Model PHC is tomorrow. Reply 1 to confirm or 2 to change the day.,en,delivered,2025-02-04 10:46:00
f0687f82-c85c-4921-b529-f25d38692e55,7ec85339-0e33-4d5a-a098-df1c83ac7a00,928700e7-8a51-4f4f-b035-bdeadbcf937c,,sms,inbound,"Ori n fo mi, oogun mi ti tan",yo,delivered,2025-02-04 15:47:00
b78c9310-e83a-4a0c-b1d7-d7e5861b5d3c,7ec85339-0e33-4d5a-a098-df1c83ac7a00,928700e7-8a51-4f4f-b035-bdeadbcf937c,,missed_visit_sms_reminder,outbound,You missed your BP visit at Sagamu Model PHC. Please come this week. Reply 2 if you need another day.,en,delivered,2025-02-08 10:14:00
f98eefe6-ef2a-42df-a03e-21f2c109f58f,7ec85339-0e33-4d5a-a098-df1c83ac7a00,1e7cce6e-ccd1-4eae-8bfc-51d6f502f38f,,appointment_reminder,outbound,Reminder: your BP check at Sagamu Model PHC is tomorrow. Reply 1 to confirm or 2 to change the day.,en,delivered,2025-02-28 09:29:00
2b984598-cd15-4b64-89a8-8f1fd00abf88,7ec85339-0e33-4d5a-a098-df1c83ac7a00,1e7cce6e-ccd1-4eae-8bfc-51d6f502f38f,,sms,inbound,ok i will cme,en,delivered,2025-02-28 14:55:00
1b837338-8b5a-48bd-9247-765b82f58d55,7ec85339-0e33-4d5a-a098-df1c83ac7a00,fe9cad86-4823-4664-bca4-57b1136921be,,appointment_reminder,outbound,Reminder: your BP check at Sagamu Model PHC is tomorrow. Reply 1 to confirm or 2 to change the day.,en,delivered,2025-03-31 09:56:00
1b02ba18-07e0-4ba8-9055-e066046dbaa4,7ec85339-0e33-4d5a-a098-df1c83ac7a00,fe9cad86-4823-4664-bca4-57b1136921be,,sms,inbound,"To, zan zo",ha,delivered,2025-03-31 15:23:00
03f8b7dc-da28-480d-beff-0e81ae09378c,7ec85339-0e33-4d5a-a098-df1c83ac7a00,428f4b04-15e4-4d7c-a2ce-34d555c32070,,appointment_reminder,outbound,Reminder: your BP check at Sagamu Model PHC is tomorrow. Reply 1 to confirm or 2 to change the day.,en,delivered,2025-04-16 09:14:00
c9b659cf-d1af-4756-8d00-464e7c2321f7,7ec85339-0e33-4d5a-a098-df1c83ac7a00,428f4b04-15e4-4d7c-a2ce-34d555c32070,,sms,inbound,i have finished my drugs,en,delivered,2025-04-16 17:22:00
c371f012-6d3e-456f-a2f6-8c7bb37e6d84,7ec85339-0e33-4d5a-a098-df1c83ac7a00,4b62ef4a-046c-4709-959a-f782d586d218,,appointment_reminder,outbound,Reminder: your BP check at Sagamu Model PHC is tomorrow. Reply 1 to confirm or 2 to change the day.,en,delivered,2025-06-11 10:19:00
169b8bc9-4145-47a6-909e-eb5cd9f2ac53,7ec85339-0e33-4d5a-a098-df1c83ac7a00,4b62ef4a-046c-4709-959a-f782d586d218,,missed_visit_sms_reminder,outbound,You missed your BP visit at Sagamu Model PHC. Please come this week. Reply 2 if you need another day.,en,delivered,2025-06-15 09:40:00
9f435953-745e-496e-bde0-ffb46fc23a97,7ec85339-0e33-4d5a-a098-df1c83ac7a00,bcb670e1-43ed-428a-a355-61fddcdcad7d,,appointment_reminder,outbound,Reminder: your BP check at Sagamu Model PHC is tomorrow. Reply 1 to confirm or 2 to change the day.,en,delivered,2025-09-16 09:26:00
9c6c87d4-248d-4a12-993f-9a70b687b13a,7ec85339-0e33-4d5a-a098-df1c83ac7a00,bcb670e1-43ed-428a-a355-61fddcdcad7d,,missed_visit_sms_reminder,outbound,You missed your BP visit at Sagamu Model PHC. Please come this week. Reply 2 if you need another day.,en,delivered,2025-09-20 10:20:00
f44c5391-97ab-40f2-8fab-fb54184f006b,7ec85339-0e33-4d5a-a098-df1c83ac7a00,bcb670e1-43ed-428a-a355-61fddcdcad7d,,sms,inbound,"o da, ma wa lola",yo,delivered,2025-09-20 18:33:00
c64efc25-41cc-4596-95e8-f10e812993b9,7ec85339-0e33-4d5a-a098-df1c83ac7a00,5fe57017-d557-449b-8d5f-626c58d7d612,,appointment_reminder,outbound,Reminder: your BP check at Sagamu Model PHC is tomorrow. Reply 1 to confirm or 2 to change the day.,en,delivered,2025-11-15 10:00:00
49e2d7a0-bdc6-40d5-8a1f-b6b8ee5742ca,7ec85339-0e33-4d5a-a098-df1c83ac7a00,5fe57017-d557-449b-8d5f-626c58d7d612,,missed_visit_sms_reminder,outbound,You missed your BP visit at Sagamu Model PHC. Please come this week. Reply 2 if you need another day.,en,delivered,2025-11-19 10:54:00
fb9ad213-c5ad-433e-a18d-1fd435c2c9b5,7ec85339-0e33-4d5a-a098-df1c83ac7a00,5fe57017-d557-449b-8d5f-626c58d7d612,,voip_call,outbound,,,completed,2025-12-02 12:20:00
abf54833-7958-4174-8a02-c52bf1cd2542,7ec85339-0e33-4d5a-a098-df1c83ac7a00,31297469-ad8b-41e1-bee8-976354e2f68d,,appointment_reminder,outbound,Reminder: your BP check at Sagamu Model PHC is tomorrow. Reply 1 to confirm or 2 to change the day.,en,delivered,2026-01-27 09:51:00
3b64197d-6ef9-432a-9bb9-52e39b00a177,7ec85339-0e33-4d5a-a098-df1c83ac7a00,31297469-ad8b-41e1-bee8-976354e2f68d,,missed_visit_sms_reminder,outbound,You missed your BP visit at Sagamu Model PHC. Please come this week. Reply 2 if you need another day.,en,delivered,2026-01-31 09:25:00
f4979753-fe72-48c3-868d-bda861d8d372,7ec85339-0e33-4d5a-a098-df1c83ac7a00,31297469-ad8b-41e1-bee8-976354e2f68d,,sms,inbound,My leg is swelling since I started the medicine,en,delivered,2026-01-31 16:28:00
55d4388e-3643-4e9f-9d65-cdc1cc87b139,7ec85339-0e33-4d5a-a098-df1c83ac7a00,31297469-ad8b-41e1-bee8-976354e2f68d,,voip_call,outbound,,,completed,2026-02-06 15:48:00
cc22a1ee-01e4-4150-beac-2de59a232afc,7ec85339-0e33-4d5a-a098-df1c83ac7a00,ea22805a-9dde-4a0e-8cc5-207e18043824,,appointment_reminder,outbound,Reminder: your BP check at Sagamu Model PHC is tomorrow. Reply 1 to confirm or 2 to change the day.,en,delivered,2026-04-22 09:53:00
4784d1e7-fc78-4f0d-927c-7be40edcb3bc,7ec85339-0e33-4d5a-a098-df1c83ac7a00,0d9f6e42-b10d-4505-b74b-237336daa8b2,,appointment_reminder,outbound,Reminder: your BP check at Sagamu Model PHC is tomorrow. Reply 1 to confirm or 2 to change the day.,en,delivered,2026-07-17 09:53:00
973563cb-6560-4e14-9e4b-1928c977bf2f,7ec85339-0e33-4d5a-a098-df1c83ac7a00,0d9f6e42-b10d-4505-b74b-237336daa8b2,,sms,inbound,my leg is swelling since i started the medicine,en,delivered,2026-07-17 17:46:00
74ab337e-8b58-4d5c-87b8-d75c561740cb,7ec85339-0e33-4d5a-a098-df1c83ac7a00,ab733a38-e053-47ae-9da8-77f9d941a29f,,appointment_reminder,outbound,Reminder: your BP check at Sagamu Model PHC is tomorrow. Reply 1 to confirm or 2 to change the day.,en,delivered,2026-08-11 09:45:00
b4561f7c-1915-41a0-af60-af3164de3e71,fac769b3-c0ba-4c42-8d89-62d75c293d78,6487a3b2-bf56-46b4-9de6-b9ca3d3e2d76,,appointment_reminder,outbound,Reminder: your BP check at Abeokuta South Comprehensive HC is tomorrow. Reply 1 to confirm or 2 to change the day.,en,delivered,2025-09-21 09:48:00
296fdf93-ad3c-4826-afd8-8e5efbe83b38,fac769b3-c0ba-4c42-8d89-62d75c293d78,6487a3b2-bf56-46b4-9de6-b9ca3d3e2d76,,missed_visit_sms_reminder,outbound,You missed your BP visit at Abeokuta South Comprehensive HC. Please come this week. Reply 2 if you need another day.,en,delivered,2025-09-25 10:46:00
72c2a8fe-b3ef-4a68-bc78-bf77d658e0ae,fac769b3-c0ba-4c42-8d89-62d75c293d78,6487a3b2-bf56-46b4-9de6-b9ca3d3e2d76,,voip_call,outbound,,,completed,2025-10-11 12:32:00
aa53780b-52e4-4205-ac11-b72e4e536869,fac769b3-c0ba-4c42-8d89-62d75c293d78,c196de2c-8ab1-4846-a3c3-cbd82134b3fc,,appointment_reminder,outbound,Reminder: your BP check at Abeokuta South Comprehensive HC is tomorrow. Reply 1 to confirm or 2 to change the day.,en,delivered,2026-05-27 10:10:00
8ef1ae8b-d983-4d29-98de-67aeec8b4f05,fac769b3-c0ba-4c42-8d89-62d75c293d78,c196de2c-8ab1-4846-a3c3-cbd82134b3fc,,missed_visit_sms_reminder,outbound,You missed your BP visit at Abeokuta South Comprehensive HC. Please come this week. Reply 2 if you need another day.,en,delivered,2026-05-31 10:32:00
13495e57-349f-41f9-a710-f2b640fb7b2c,fac769b3-c0ba-4c42-8d89-62d75c293d78,c196de2c-8ab1-4846-a3c3-cbd82134b3fc,,voip_call,outbound,,,completed,2026-06-03 14:09:00
ce687e01-6629-4744-82e8-71d4f441df9f,fac769b3-c0ba-4c42-8d89-62d75c293d78,6cdcba76-f39e-4314-b311-4e949cf6bc0d,,appointment_reminder,outbound,Reminder: your BP check at Abeokuta South Comprehensive HC is tomorrow. Reply 1 to confirm or 2 to change the day.,en,delivered,2026-07-17 10:11:00
7191ad78-dbee-465f-b318-b5d32fa1e1f0,fac769b3-c0ba-4c42-8d89-62d75c293d78,6cdcba76-f39e-4314-b311-4e949cf6bc0d,,missed_visit_sms_reminder,outbound,You missed your BP visit at Abeokuta South Comprehensive HC. Please come this week. Reply 2 if you need another day.,en,sent,2026-07-21 10:43:00
ec82167b-e3e5-49ea-a7c3-349be07f64fc,fac769b3-c0ba-4c42-8d89-62d75c293d78,6cdcba76-f39e-4314-b311-4e949cf6bc0d,,voip_call,outbound,,,completed,2026-07-30 14:05:00
dff01fbd-a363-4dee-ab38-7c46324f4e40,3b7897b7-f9e1-482a-96ad-0e729d644d2e,19029c42-e91c-46fe-827e-f41d3032e8d2,,appointment_reminder,outbound,Reminder: your BP check at Ikorodu General Hospital is tomorrow. Reply 1 to confirm or 2 to change the day.,en,delivered,2025-03-07 10:47:00
a8664a72-9eaa-4112-be00-4bc32444744d,3b7897b7-f9e1-482a-96ad-0e729d644d2e,19029c42-e91c-46fe-827e-f41d3032e8d2,,missed_visit_sms_reminder,outbound,You missed your BP visit at Ikorodu General Hospital. Please come this week. Reply 2 if you need another day.,en,delivered,2025-03-11 10:27:00
3fc5e90c-8f39-45f4-9a61-17cf1cda9838,3b7897b7-f9e1-482a-96ad-0e729d644d2e,00cff0aa-3223-498d-bdf2-7fe0d06a4d97,,appointment_reminder,outbound,Reminder: your BP check at Ikorodu General Hospital is tomorrow. Reply 1 to confirm or 2 to change the day.,en,delivered,2025-08-13 09:30:00
7a8736f5-ef4a-4009-95fe-844c97d0b455,3b7897b7-f9e1-482a-96ad-0e729d644d2e,00cff0aa-3223-498d-bdf2-7fe0d06a4d97,,sms,inbound,"na ok, i dey come",pcm,delivered,2025-08-13 16:34:00
bdbae6ad-142b-4166-86c5-5bfc8257b449,3b7897b7-f9e1-482a-96ad-0e729d644d2e,f5c545f8-f4fe-422d-9fb7-28bf37e5c359,,appointment_reminder,outbound,Reminder: your BP check at Ikorodu General Hospital is tomorrow. Reply 1 to confirm or 2 to change the day.,en,sent,2025-09-14 10:57:00
218dfef6-ea90-41a7-ac8c-7ca7971168c7,3b7897b7-f9e1-482a-96ad-0e729d644d2e,f5c545f8-f4fe-422d-9fb7-28bf37e5c359,,sms,inbound,1,en,delivered,2025-09-14 17:26:00
80272cf2-9938-4b96-84ab-b445deb59365,3b7897b7-f9e1-482a-96ad-0e729d644d2e,b83886b3-db1b-48a2-8172-ba5e49a59a54,,appointment_reminder,outbound,Reminder: your BP check at Ikorodu General Hospital is tomorrow. Reply 1 to confirm or 2 to change the day.,en,sent,2025-09-27 09:13:00
129be067-c0cb-419a-ae22-8fc845ce8076,3b7897b7-f9e1-482a-96ad-0e729d644d2e,b83886b3-db1b-48a2-8172-ba5e49a59a54,,missed_visit_sms_reminder,outbound,You missed your BP visit at Ikorodu General Hospital. Please come this week. Reply 2 if you need another day.,en,delivered,2025-10-01 09:53:00
9c891c7c-dbb1-46e1-b939-487f311680f9,3b7897b7-f9e1-482a-96ad-0e729d644d2e,b83886b3-db1b-48a2-8172-ba5e49a59a54,,voip_call,outbound,,,completed,2025-10-08 11:33:00
c9955d60-871d-4250-a858-155852ec6e9e,3b7897b7-f9e1-482a-96ad-0e729d644d2e,ef73b7d0-30f2-488a-85e3-25099568de4f,,appointment_reminder,outbound,Reminder: your BP check at Ikorodu General Hospital is tomorrow. Reply 1 to confirm or 2 to change the day.,en,delivered,2025-12-02 09:11:00
76c47b71-c07c-4df7-bc31-2377e767c2ed,3b7897b7-f9e1-482a-96ad-0e729d644d2e,ef73b7d0-30f2-488a-85e3-25099568de4f,,missed_visit_sms_reminder,outbound,You missed your BP visit at Ikorodu General Hospital. Please come this week. Reply 2 if you need another day.,en,delivered,2025-12-06 09:57:00
3e1a6506-b267-4827-8610-9c7396ca70d3,3b7897b7-f9e1-482a-96ad-0e729d644d2e,6bc8d783-0760-4873-bf5c-efead456d389,,appointment_reminder,outbound,Reminder: your BP check at Ikorodu General Hospital is tomorrow. Reply 1 to confirm or 2 to change the day.,en,delivered,2026-08-02 10:11:00
c5db4e8d-8953-433a-9114-261e57be9f2e,b9cb3aba-e6d8-4177-abdf-efbfbdd1fcc4,7f321d28-d70b-4395-8768-e3614aa48206,,appointment_reminder,outbound,Reminder: your BP check at Ikorodu General Hospital is tomorrow. Reply 1 to confirm or 2 to change the day.,en,delivered,2025-02-20 09:21:00
3b46a95d-df0c-4ee0-b8e4-1761e66ae411,b9cb3aba-e6d8-4177-abdf-efbfbdd1fcc4,7f321d28-d70b-4395-8768-e3614aa48206,,sms,inbound,e ma fi ranṣẽ si mi mọ,yo,delivered,2025-02-20 11:43:00
74fe967d-f85b-45ef-a24f-dc2d57db4c1c,b9cb3aba-e6d8-4177-abdf-efbfbdd1fcc4,e6f295f2-bb3d-40b7-be0b-ff1880b7bd6f,,voip_call,outbound,,,completed,2025-05-02 14:50:00
863ff211-5c88-4a10-aab0-260f51351726,428971ff-8629-40e8-bbc2-90dbb7307ea5,06281993-0f3c-4efb-9e8d-e6fc13bf24b0,,appointment_reminder,outbound,Reminder: your BP check at Agege Primary Health Centre is tomorrow. Reply 1 to confirm or 2 to change the day.,en,delivered,2025-02-27 10:40:00
f5160907-1aa5-4790-bc04-edde38351e3f,428971ff-8629-40e8-bbc2-90dbb7307ea5,be0e0d76-b7b0-41ab-a0b0-fb82c043762e,,appointment_reminder,outbound,Reminder: your BP check at Agege Primary Health Centre is tomorrow. Reply 1 to confirm or 2 to change the day.,en,delivered,2025-03-29 09:18:00
e01e594d-1ac4-4c79-8d11-eedf4384acb9,428971ff-8629-40e8-bbc2-90dbb7307ea5,be0e0d76-b7b0-41ab-a0b0-fb82c043762e,,sms,inbound,I go come,pcm,delivered,2025-03-29 11:29:00
62a1f37d-765b-4508-a530-69e8494d03fc,428971ff-8629-40e8-bbc2-90dbb7307ea5,d6a7456c-5a57-4620-ad99-04810cf9fb9d,,appointment_reminder,outbound,Reminder: your BP check at Agege Primary Health Centre is tomorrow. Reply 1 to confirm or 2 to change the day.,en,delivered,2025-04-23 10:10:00
c786e514-ba3d-4ed7-9fc3-08a6a9547e28,428971ff-8629-40e8-bbc2-90dbb7307ea5,d6a7456c-5a57-4620-ad99-04810cf9fb9d,,sms,inbound,2,en,delivered,2025-04-23 13:16:00
eb4e4a02-79b7-432e-96fd-69fea737540f,428971ff-8629-40e8-bbc2-90dbb7307ea5,e5b76109-5f66-4198-b616-109d4fdc97ab,,appointment_reminder,outbound,Reminder: your BP check at Agege Primary Health Centre is tomorrow. Reply 1 to confirm or 2 to change the day.,en,delivered,2025-05-23 10:32:00
aea7152d-e63e-4ae7-9d95-ad697e822ffa,428971ff-8629-40e8-bbc2-90dbb7307ea5,1ff17f71-e218-493b-b8e2-2ea6b1af3984,,appointment_reminder,outbound,Reminder: your BP check at Agege Primary Health Centre is tomorrow. Reply 1 to confirm or 2 to change the day.,en,delivered,2025-06-05 09:26:00
ed41501d-02d4-450e-98ff-e6d38a7a2c82,428971ff-8629-40e8-bbc2-90dbb7307ea5,1ff17f71-e218-493b-b8e2-2ea6b1af3984,,sms,inbound,please change my apointment to friday,en,delivered,2025-06-05 17:35:00
98b4b44a-1865-43dd-b937-0158673302e5,428971ff-8629-40e8-bbc2-90dbb7307ea5,60e81cd2-1b1d-4e66-ae5c-36accaeacf14,,appointment_reminder,outbound,Reminder: your BP check at Agege Primary Health Centre is tomorrow. Reply 1 to confirm or 2 to change the day.,en,delivered,2025-08-06 09:03:00
e57b54c5-ddd6-4ce5-a0a8-4ddab81dcdf7,428971ff-8629-40e8-bbc2-90dbb7307ea5,3cb6535b-e1e2-49ce-af4e-c7f0f1a3ef1f,,appointment_reminder,outbound,Reminder: your BP check at Agege Primary Health Centre is tomorrow. Reply 1 to confirm or 2 to change the day.,en,delivered,2025-09-05 10:14:00
ecf83709-5237-498a-b844-5c216e208925,428971ff-8629-40e8-bbc2-90dbb7307ea5,3cb6535b-e1e2-49ce-af4e-c7f0f1a3ef1f,,sms,inbound,"i can't come on that day, can i come next week",en,delivered,2025-09-05 10:16:00
86fc04ef-5dae-45fb-9db2-9db1efd65b3c,428971ff-8629-40e8-bbc2-90dbb7307ea5,b34102fc-5af1-448e-81e8-3e8c95ee451b,,appointment_reminder,outbound,Reminder: your BP check at Agege Primary Health Centre is tomorrow. Reply 1 to confirm or 2 to change the day.,en,delivered,2025-10-27 10:43:00
7ff05a01-66f7-4f02-97c6-57902b433c5e,428971ff-8629-40e8-bbc2-90dbb7307ea5,e904473a-6da8-4dec-8fda-e09a968d933d,,appointment_reminder,outbound,Reminder: your BP check at Agege Primary Health Centre is tomorrow. Reply 1 to confirm or 2 to change the day.,en,delivered,2025-11-27 09:19:00
278d14ba-90a2-4811-b8b2-e6d5ac09e27b,428971ff-8629-40e8-bbc2-90dbb7307ea5,0884c1d2-0654-4c12-bec4-54f3a9d1c835,,appointment_reminder,outbound,Reminder: your BP check at Agege Primary Health Centre is tomorrow. Reply 1 to confirm or 2 to change the day.,en,delivered,2026-01-26 10:13:00
70c6f1dd-79c7-4587-9072-bd00be4443b0,428971ff-8629-40e8-bbc2-90dbb7307ea5,e89588b6-09d9-4af1-adb9-e54aff15cf50,,appointment_reminder,outbound,Reminder: your BP check at Agege Primary Health Centre is tomorrow. Reply 1 to confirm or 2 to change the day.,en,delivered,2026-04-17 09:21:00
3609a40a-0d68-4af2-8b6c-82aee37eb175,428971ff-8629-40e8-bbc2-90dbb7307ea5,e89588b6-09d9-4af1-adb9-e54aff15cf50,,sms,inbound,Drug don finish,pcm,delivered,2026-04-17 14:43:00
90c32957-9020-45aa-aab5-ae6963f438c9,428971ff-8629-40e8-bbc2-90dbb7307ea5,46464ea6-806c-4ce5-ae41-28b01d856af8,,appointment_reminder,outbound,Reminder: your BP check at Agege Primary Health Centre is tomorrow. Reply 1 to confirm or 2 to change the day.,en,delivered,2026-05-18 09:39:00
07bc4d2f-2d44-4669-83b9-b332d63269d8,428971ff-8629-40e8-bbc2-90dbb7307ea5,1ebc1279-781f-48f0-bf50-0f0df75e62e3,,appointment_reminder,outbound,Reminder: your BP check at Agege Primary Health Centre is tomorrow. Reply 1 to confirm or 2 to change the day.,en,delivered,2026-07-11 09:46:00
965addf3-2a22-4dd2-91bb-3c640f8e36f5,428971ff-8629-40e8-bbc2-90dbb7307ea5,8aa70fcc-acfa-4b9b-969f-1bd7a94ec7b4,,appointment_reminder,outbound,Reminder: your BP check at Agege Primary Health Centre is tomorrow. Reply 1 to confirm or 2 to change the day.,en,failed,2026-08-05 10:31:00
e3d62d3a-9274-4397-b4a2-e29e19b7cadd,48eda7ae-f6b6-4ab1-9060-c46dea47ecef,e21ff81f-7b84-42ae-9bc6-cdf4ee8f7174,,appointment_reminder,outbound,Reminder: your BP check at Abeokuta South Comprehensive HC is tomorrow. Reply 1 to confirm or 2 to change the day.,en,delivered,2025-01-11 09:27:00
c0a273d5-7b7f-48fe-ab40-963ae089604b,48eda7ae-f6b6-4ab1-9060-c46dea47ecef,26d6d6c3-c8a2-4ac5-93e9-9991bd1bc95a,,appointment_reminder,outbound,Reminder: your BP check at Abeokuta South Comprehensive HC is tomorrow. Reply 1 to confirm or 2 to change the day.,en,failed,2025-02-04 09:56:00
e6c66538-bad6-4af5-9bdb-2dcd8e5966b3,48eda7ae-f6b6-4ab1-9060-c46dea47ecef,26d6d6c3-c8a2-4ac5-93e9-9991bd1bc95a,,missed_visit_sms_reminder,outbound,You missed your BP visit at Abeokuta South Comprehensive HC. Please come this week. Reply 2 if you need another day.,en,delivered,2025-02-08 10:30:00
ad94413c-b4b5-4665-8276-4e3b371c2868,48eda7ae-f6b6-4ab1-9060-c46dea47ecef,26d6d6c3-c8a2-4ac5-93e9-9991bd1bc95a,,sms,inbound,Cant make it tomorow,en,delivered,2025-02-08 18:57:00
931cd87a-fa01-4ec0-9599-46fed133b75f,48eda7ae-f6b6-4ab1-9060-c46dea47ecef,0bcae3cb-bdcc-4ce1-bf50-382514d28350,,appointment_reminder,outbound,Reminder: your BP check at Abeokuta South Comprehensive HC is tomorrow. Reply 1 to confirm or 2 to change the day.,en,delivered,2025-03-25 10:02:00
8d39aa2b-4f8f-4b93-94f0-21f75a40aacc,48eda7ae-f6b6-4ab1-9060-c46dea47ecef,d939376d-2602-4999-ab0d-1689daf5a1cb,,appointment_reminder,outbound,Reminder: your BP check at Abeokuta South Comprehensive HC is tomorrow. Reply 1 to confirm or 2 to change the day.,en,sent,2025-04-19 09:52:00
a0580885-6cd8-4da1-a18c-b2fd3c09c496,48eda7ae-f6b6-4ab1-9060-c46dea47ecef,31568597-4fa4-4715-bb5f-a198b862d157,,appointment_reminder,outbound,Reminder: your BP check at Abeokuta South Comprehensive HC is tomorrow. Reply 1 to confirm or 2 to change the day.,en,delivered,2025-05-14 10:13:00
6eee9a88-2f4c-4efd-b657-a010b67f655f,48eda7ae-f6b6-4ab1-9060-c46dea47ecef,8031d77a-491e-469b-b913-ec9ea3cb0f46,,appointment_reminder,outbound,Reminder: your BP check at Abeokuta South Comprehensive HC is tomorrow. Reply 1 to confirm or 2 to change the day.,en,delivered,2025-06-08 09:33:00
15890d20-4499-45e5-9b82-66aa4422e0e5,48eda7ae-f6b6-4ab1-9060-c46dea47ecef,8031d77a-491e-469b-b913-ec9ea3cb0f46,,sms,inbound,"I can't come on that day, can I come next week",en,delivered,2025-06-08 18:08:00
12010da9-fc13-4309-95c4-437552568d96,48eda7ae-f6b6-4ab1-9060-c46dea47ecef,0b76e42a-61e8-4e13-9bbd-c7c53a94d8e9,,appointment_reminder,outbound,Reminder: your BP check at Abeokuta South Comprehensive HC is tomorrow. Reply 1 to confirm or 2 to change the day.,en,delivered,2025-06-20 10:30:00
2c0b0a8e-e2ac-47bf-b60e-9de7a683e6c1,48eda7ae-f6b6-4ab1-9060-c46dea47ecef,0b76e42a-61e8-4e13-9bbd-c7c53a94d8e9,,missed_visit_sms_reminder,outbound,You missed your BP visit at Abeokuta South Comprehensive HC. Please come this week. Reply 2 if you need another day.,en,delivered,2025-06-24 09:36:00
aac52a6e-0b0c-41b1-84da-1107e9b498e1,48eda7ae-f6b6-4ab1-9060-c46dea47ecef,0b76e42a-61e8-4e13-9bbd-c7c53a94d8e9,,voip_call,outbound,,,completed,2025-07-01 11:51:00
d3f79cbb-9f7f-4ecd-886c-5425c161bba2,48eda7ae-f6b6-4ab1-9060-c46dea47ecef,b9fdc172-bbb1-4130-8812-af5990f3ee0b,,appointment_reminder,outbound,Reminder: your BP check at Abeokuta South Comprehensive HC is tomorrow. Reply 1 to confirm or 2 to change the day.,en,delivered,2025-08-07 10:40:00
9427cc93-df2d-4a18-8234-a1331e8ad94c,48eda7ae-f6b6-4ab1-9060-c46dea47ecef,b2a85491-7a0d-40cd-ad21-15de399a2f0a,,appointment_reminder,outbound,Reminder: your BP check at Abeokuta South Comprehensive HC is tomorrow. Reply 1 to confirm or 2 to change the day.,en,delivered,2025-09-04 10:30:00
475136c8-76d3-449b-a008-b53c29c28717,48eda7ae-f6b6-4ab1-9060-c46dea47ecef,b2a85491-7a0d-40cd-ad21-15de399a2f0a,,sms,inbound,"To, zan zo",ha,delivered,2025-09-04 19:33:00
7f0ecf5f-943d-43c7-af07-b39905eb58f5,48eda7ae-f6b6-4ab1-9060-c46dea47ecef,a2886e5c-0844-4249-8328-57f4da860c74,,appointment_reminder,outbound,Reminder: your BP check at Abeokuta South Comprehensive HC is tomorrow. Reply 1 to confirm or 2 to change the day.,en,delivered,2025-09-16 10:49:00
6cac5648-02d4-45a2-b8a6-eb33c69efb49,48eda7ae-f6b6-4ab1-9060-c46dea47ecef,a2886e5c-0844-4249-8328-57f4da860c74,,sms,inbound,"Ina jin ciwon kai, magani ya kare",ha,delivered,2025-09-16 12:28:00
c19fd8af-c7b4-4f35-a845-78b2539df743,48eda7ae-f6b6-4ab1-9060-c46dea47ecef,b7fbac44-bcaa-4de6-b970-e27922d51e37,,appointment_reminder,outbound,Reminder: your BP check at Abeokuta South Comprehensive HC is tomorrow. Reply 1 to confirm or 2 to change the day.,en,delivered,2025-12-09 10:51:00
f483f9db-a60c-4aee-9c3e-a237fdc5831f,48eda7ae-f6b6-4ab1-9060-c46dea47ecef,b7fbac44-bcaa-4de6-b970-e27922d51e37,,missed_visit_sms_reminder,outbound,You missed your BP visit at Abeokuta South Comprehensive HC. Please come this week. Reply 2 if you need another day.,en,delivered,2025-12-13 09:34:00
9569a7a9-341c-424c-aac9-8cfa26414b0b,48eda7ae-f6b6-4ab1-9060-c46dea47ecef,9b26b4a7-f8bf-4a7f-813f-1030161ea6ff,,appointment_reminder,outbound,Reminder: your BP check at Abeokuta South Comprehensive HC is tomorrow. Reply 1 to confirm or 2 to change the day.,en,delivered,2026-03-17 09:34:00
2f61ad54-d701-42a1-9f18-c3c3ba9d2394,48eda7ae-f6b6-4ab1-9060-c46dea47ecef,9b26b4a7-f8bf-4a7f-813f-1030161ea6ff,,missed_visit_sms_reminder,outbound,You missed your BP visit at Abeokuta South Comprehensive HC. Please come this week. Reply 2 if you need another day.,en,delivered,2026-03-21 09:43:00
ccd60db0-3e35-4c21-8ad9-36e4a90b7938,48eda7ae-f6b6-4ab1-9060-c46dea47ecef,9b26b4a7-f8bf-4a7f-813f-1030161ea6ff,,sms,inbound,Yes,en,delivered,2026-03-21 17:06:00
2b87de96-8724-479b-bddc-c8e04ce0b3ee,48eda7ae-f6b6-4ab1-9060-c46dea47ecef,9b26b4a7-f8bf-4a7f-813f-1030161ea6ff,,voip_call,outbound,,,completed,2026-03-27 13:03:00
3eb8a747-1143-4bf9-b48b-feb8dc4a06d8,48eda7ae-f6b6-4ab1-9060-c46dea47ecef,d0722d78-7ee1-472c-ab75-d952183ffc05,,appointment_reminder,outbound,Reminder: your BP check at Abeokuta South Comprehensive HC is tomorrow. Reply 1 to confirm or 2 to change the day.,en,delivered,2026-06-05 09:16:00
0bfb9389-19bb-451b-a32c-439e0374acbe,48eda7ae-f6b6-4ab1-9060-c46dea47ecef,d0722d78-7ee1-472c-ab75-d952183ffc05,,sms,inbound,Wace rana zan zo?,ha,delivered,2026-06-05 11:59:00
60c08669-2659-47c7-8a4e-2c70da9ab073,48eda7ae-f6b6-4ab1-9060-c46dea47ecef,4b7e732e-44b4-43f5-8f3d-32050b903dfe,,appointment_reminder,outbound,Reminder: your BP check at Abeokuta South Comprehensive HC is tomorrow. Reply 1 to confirm or 2 to change the day.,en,delivered,2026-07-29 09:36:00
ed8edc6e-2d52-40b0-953c-bbc207a7871c,6ed169a9-9787-4fbe-a8c2-bb77ab0a51db,8218d26a-5e31-4672-b06a-d3b0418b0ffe,,appointment_reminder,outbound,Reminder: your BP check at Abeokuta South Comprehensive HC is tomorrow. Reply 1 to confirm or 2 to change the day.,en,delivered,2025-03-09 10:15:00
372e2754-2597-47a8-9ab3-adfe68c52dbe,6ed169a9-9787-4fbe-a8c2-bb77ab0a51db,19eecee5-262f-401e-96a4-7366386bbac7,,appointment_reminder,outbound,Reminder: your BP check at Abeokuta South Comprehensive HC is tomorrow. Reply 1 to confirm or 2 to change the day.,en,delivered,2025-04-04 10:02:00
42c73301-682f-4686-92f4-c3e06fd27af0,6ed169a9-9787-4fbe-a8c2-bb77ab0a51db,274f9b99-70bf-44ae-b0d9-fc8281ed541b,,appointment_reminder,outbound,Reminder: your BP check at Abeokuta South Comprehensive HC is tomorrow. Reply 1 to confirm or 2 to change the day.,en,delivered,2025-05-03 09:01:00
3bb17d84-bbb9-498b-ad4b-9e1887f1d50e,6ed169a9-9787-4fbe-a8c2-bb77ab0a51db,6b86d34e-cc9a-4e49-bb93-ae48cc55673a,,appointment_reminder,outbound,Reminder: your BP check at Abeokuta South Comprehensive HC is tomorrow. Reply 1 to confirm or 2 to change the day.,en,delivered,2025-05-31 09:56:00
8c8a7089-6876-42f3-9bb3-613b85a858e0,6ed169a9-9787-4fbe-a8c2-bb77ab0a51db,6b86d34e-cc9a-4e49-bb93-ae48cc55673a,,sms,inbound,"My body dey weak, wetin I go do",pcm,delivered,2025-05-31 15:34:00
9dfc4e92-4449-401a-9f07-c3433bc974fb,6ed169a9-9787-4fbe-a8c2-bb77ab0a51db,7078816a-54ba-47b3-83fa-60e0aa7a1d07,,appointment_reminder,outbound,Reminder: your BP check at Abeokuta South Comprehensive HC is tomorrow. Reply 1 to confirm or 2 to change the day.,en,failed,2025-07-02 09:17:00
d32e765f-c801-403a-8bbf-785ff81e8765,6ed169a9-9787-4fbe-a8c2-bb77ab0a51db,76530e26-9264-4533-8c9b-08cf0b0b4b97,,appointment_reminder,outbound,Reminder: your BP check at Abeokuta South Comprehensive HC is tomorrow. Reply 1 to confirm or 2 to change the day.,en,delivered,2025-07-26 09:45:00
3bf880f7-0581-47fa-b3e4-6bf20e493121,6ed169a9-9787-4fbe-a8c2-bb77ab0a51db,76530e26-9264-4533-8c9b-08cf0b0b4b97,,sms,inbound,1,en,delivered,2025-07-26 13:42:00
c554cce9-b5cb-4428-91cb-2bba236e8352,6ed169a9-9787-4fbe-a8c2-bb77ab0a51db,29162b21-80bd-4692-ad42-2d25f52d2837,,appointment_reminder,outbound,Reminder: your BP check at Abeokuta South Comprehensive HC is tomorrow. Reply 1 to confirm or 2 to change the day.,en,delivered,2025-08-06 09:13:00
b70c91ca-6fa9-4903-8cbe-6bb860a9f1ef,6ed169a9-9787-4fbe-a8c2-bb77ab0a51db,29162b21-80bd-4692-ad42-2d25f52d2837,,sms,inbound,No dey send me message again,pcm,delivered,2025-08-06 18:32:00
6b841b24-c853-4e09-b490-c15f4e2d157c,6ed169a9-9787-4fbe-a8c2-bb77ab0a51db,29162b21-80bd-4692-ad42-2d25f52d2837,,voip_call,outbound,,,completed,2025-08-24 16:36:00
48e611bc-c98f-48d1-8d90-b6d0cd7979cd,6ed169a9-9787-4fbe-a8c2-bb77ab0a51db,1a13cc4c-acb8-4eb1-9fcc-38b4363a1dbe,,voip_call,outbound,,,no_answer,2026-04-16 16:57:00
046a199c-ba80-43a4-a303-6963e9f2a1df,400a8f51-bb04-44e9-bfa1-5b585443ec62,997dc562-7cad-48f1-a150-92254a897b6e,,appointment_reminder,outbound,Reminder: your BP check at Agege Primary Health Centre is tomorrow. Reply 1 to confirm or 2 to change the day.,en,delivered,2026-09-05 09:29:00
72ae780f-a16c-4202-b71a-226b49dfa155,908c41ec-4f2e-43cc-805b-2e04860a4a59,ee6d30b8-402c-422a-aeab-4aedb814a516,,voip_call,outbound,,,completed,2026-03-17 09:41:00
791c7876-0fa5-4690-b061-a0ede5a4890d,b8225637-e40f-4b86-874e-49f8382a70fa,855969b8-0251-4958-9377-9c37b65a200d,,voip_call,outbound,,,completed,2026-04-02 13:26:00
c3465bce-aaef-45fc-abf4-4afe105f1dd9,5187bd10-c004-46af-b5bd-d23cfc87a8f7,2dde20f1-53f2-4704-b62a-b8b03828ddfa,,appointment_reminder,outbound,Reminder: your BP check at Abeokuta South Comprehensive HC is tomorrow. Reply 1 to confirm or 2 to change the day.,en,delivered,2025-07-29 09:34:00
aeecd478-ea27-4b8b-a6f5-492d7fc5376e,5187bd10-c004-46af-b5bd-d23cfc87a8f7,2dde20f1-53f2-4704-b62a-b8b03828ddfa,,sms,inbound,"O da, ma wa lola",yo,delivered,2025-07-29 11:17:00
efa9be6e-49e6-4254-8ba4-f7a8214b35d7,5187bd10-c004-46af-b5bd-d23cfc87a8f7,a4e5f237-26bd-4f21-aecd-9041d65ca97b,,appointment_reminder,outbound,Reminder: your BP check at Abeokuta South Comprehensive HC is tomorrow. Reply 1 to confirm or 2 to change the day.,en,delivered,2025-08-27 09:24:00
18fae9f7-ce00-4558-b35a-9ef46d23f686,5187bd10-c004-46af-b5bd-d23cfc87a8f7,5dee9aab-05c7-4c88-85bf-4877cd52b500,,appointment_reminder,outbound,Reminder: your BP check at Abeokuta South Comprehensive HC is tomorrow. Reply 1 to confirm or 2 to change the day.,en,delivered,2025-09-22 10:10:00
2eff1f38-d599-4803-85b7-66b0598d23e9,5187bd10-c004-46af-b5bd-d23cfc87a8f7,647bceff-6a59-45fb-acfe-c46403bce74d,,appointment_reminder,outbound,Reminder: your BP check at Abeokuta South Comprehensive HC is tomorrow. Reply 1 to confirm or 2 to change the day.,en,delivered,2025-10-21 09:31:00
e12b138b-f967-4c0c-8177-2c930d5e534b,5187bd10-c004-46af-b5bd-d23cfc87a8f7,647bceff-6a59-45fb-acfe-c46403bce74d,,missed_visit_sms_reminder,outbound,You missed your BP visit at Abeokuta South Comprehensive HC. Please come this week. Reply 2 if you need another day.,en,delivered,2025-10-25 10:09:00
8bf13619-cdce-403e-84e1-338542da76bf,5187bd10-c004-46af-b5bd-d23cfc87a8f7,647bceff-6a59-45fb-acfe-c46403bce74d,,voip_call,outbound,,,completed,2025-11-11 15:11:00
7f91548c-60bd-49bf-9e34-11375dfe3baf,5187bd10-c004-46af-b5bd-d23cfc87a8f7,598b60ef-0919-4753-9b4b-812e191acd5d,,appointment_reminder,outbound,Reminder: your BP check at Abeokuta South Comprehensive HC is tomorrow. Reply 1 to confirm or 2 to change the day.,en,sent,2025-12-19 10:31:00
ab9ef8ba-aa5e-4cf4-94b8-b835cf1dff4c,5187bd10-c004-46af-b5bd-d23cfc87a8f7,b640abde-efbb-48cc-a72d-286592d08483,,appointment_reminder,outbound,Reminder: your BP check at Abeokuta South Comprehensive HC is tomorrow. Reply 1 to confirm or 2 to change the day.,en,delivered,2026-01-19 09:40:00
6b1971e7-3108-495f-b2ca-9599b8282f0b,5187bd10-c004-46af-b5bd-d23cfc87a8f7,3ababa40-ac74-43b0-b74c-64b75687fa59,,appointment_reminder,outbound,Reminder: your BP check at Abeokuta South Comprehensive HC is tomorrow. Reply 1 to confirm or 2 to change the day.,en,sent,2026-01-31 10:08:00
f72d9925-a98a-44d4-a587-48ff770fb89a,5187bd10-c004-46af-b5bd-d23cfc87a8f7,3ababa40-ac74-43b0-b74c-64b75687fa59,,sms,inbound,"O da, ma wa lola",yo,delivered,2026-01-31 16:31:00
d6315fad-c1a7-4eb6-9755-704200bf2a48,5187bd10-c004-46af-b5bd-d23cfc87a8f7,8ed6600a-9fd6-4cb9-b625-31d60f465a5b,,appointment_reminder,outbound,Reminder: your BP check at Abeokuta South Comprehensive HC is tomorrow. Reply 1 to confirm or 2 to change the day.,en,delivered,2026-03-06 10:48:00
d339f342-032b-4032-9d6e-5ca3ac92bb96,5187bd10-c004-46af-b5bd-d23cfc87a8f7,3ac1ecbd-2abc-4470-82f7-dc888d4ca11b,,appointment_reminder,outbound,Reminder: your BP check at Abeokuta South Comprehensive HC is tomorrow. Reply 1 to confirm or 2 to change the day.,en,delivered,2026-04-28 10:57:00
2a5521cd-123e-42c1-9c65-e66f049ed79f,5187bd10-c004-46af-b5bd-d23cfc87a8f7,e186cdd5-83ba-4e59-9244-61709fc41824,,appointment_reminder,outbound,Reminder: your BP check at Abeokuta South Comprehensive HC is tomorrow. Reply 1 to confirm or 2 to change the day.,en,delivered,2026-06-25 10:03:00
9882d09b-eaa9-4ed9-b412-e8588ad558b0,5187bd10-c004-46af-b5bd-d23cfc87a8f7,e186cdd5-83ba-4e59-9244-61709fc41824,,sms,inbound,"Ba zan iya zuwa gobe ba, mako mai zuwa",ha,delivered,2026-06-25 16:39:00
39fad5e8-d04b-493e-b2c9-13c4460daee0,5187bd10-c004-46af-b5bd-d23cfc87a8f7,768156b6-7a30-475b-96eb-924cf1109d7b,,appointment_reminder,outbound,Reminder: your BP check at Abeokuta South Comprehensive HC is tomorrow. Reply 1 to confirm or 2 to change the day.,en,sent,2026-07-21 09:23:00
872921b5-4920-486a-bbcb-b9e6d600dbcb,5187bd10-c004-46af-b5bd-d23cfc87a8f7,768156b6-7a30-475b-96eb-924cf1109d7b,,sms,inbound,"Na ok, I dey come",pcm,delivered,2026-07-21 11:23:00
c892b94f-36f2-4a5d-853c-9657231c513d,5187bd10-c004-46af-b5bd-d23cfc87a8f7,ab99356f-3d9b-4fbe-a1aa-80e7a6fb0749,,appointment_reminder,outbound,Reminder: your BP check at Abeokuta South Comprehensive HC is tomorrow. Reply 1 to confirm or 2 to change the day.,en,delivered,2026-08-19 09:09:00
50157171-3405-485a-8741-87388b7034f7,5187bd10-c004-46af-b5bd-d23cfc87a8f7,ab99356f-3d9b-4fbe-a1aa-80e7a6fb0749,,sms,inbound,"o da, ma wa lola",yo,delivered,2026-08-19 15:04:00
888ee1f0-fcb8-4a68-b7de-0fee0b767e01,5187bd10-c004-46af-b5bd-d23cfc87a8f7,51477028-f923-47b7-afb6-7250a4636493,,appointment_reminder,outbound,Reminder: your BP check at Abeokuta South Comprehensive HC is tomorrow. Reply 1 to confirm or 2 to change the day.,en,failed,2026-09-15 09:30:00
9e463fbd-1c26-4fbb-9120-bc673664c81b,389a76bd-bf97-4432-b03c-d8a4cd733b74,9f0887b5-f3af-4680-990d-61aeb34f3921,,appointment_reminder,outbound,Reminder: your BP check at Abeokuta South Comprehensive HC is tomorrow. Reply 1 to confirm or 2 to change the day.,en,delivered,2025-12-14 09:33:00
41e27dd3-2392-4b86-9dd8-86045b1140bb,389a76bd-bf97-4432-b03c-d8a4cd733b74,bcf70c41-8fcf-4fc5-95e4-5b48cb28c7c1,,appointment_reminder,outbound,Reminder: your BP check at Abeokuta South Comprehensive HC is tomorrow. Reply 1 to confirm or 2 to change the day.,en,sent,2026-01-11 09:40:00
561ac750-65be-46aa-90c7-8c7069fba379,389a76bd-bf97-4432-b03c-d8a4cd733b74,bcf70c41-8fcf-4fc5-95e4-5b48cb28c7c1,,sms,inbound,yes,en,delivered,2026-01-11 15:11:00
97a8d2d5-e46d-46f3-b34f-200d205160f9,389a76bd-bf97-4432-b03c-d8a4cd733b74,15b7d199-4781-46aa-afbd-9613a1536d17,,appointment_reminder,outbound,Reminder: your BP check at Abeokuta South Comprehensive HC is tomorrow. Reply 1 to confirm or 2 to change the day.,en,sent,2026-02-08 09:22:00
0bc099ff-7738-49f5-a420-b890820a7689,389a76bd-bf97-4432-b03c-d8a4cd733b74,15b7d199-4781-46aa-afbd-9613a1536d17,,sms,inbound,which day should i come?,en,delivered,2026-02-08 15:46:00
5773cdb5-0d64-45cd-bac8-cceda028eade,389a76bd-bf97-4432-b03c-d8a4cd733b74,e4a83f9f-6d70-455c-8f09-41cc22bc9cac,,appointment_reminder,outbound,Reminder: your BP check at Abeokuta South Comprehensive HC is tomorrow. Reply 1 to confirm or 2 to change the day.,en,sent,2026-03-11 10:06:00
3bae5f91-54b9-4c00-ba35-80f7145e11bb,389a76bd-bf97-4432-b03c-d8a4cd733b74,0e2fdc89-b2c2-42b5-adfb-200fd681f9ff,,appointment_reminder,outbound,Reminder: your BP check at Abeokuta South Comprehensive HC is tomorrow. Reply 1 to confirm or 2 to change the day.,en,delivered,2026-04-14 10:42:00
71f1688b-6149-4803-869b-66d92b9f6d20,389a76bd-bf97-4432-b03c-d8a4cd733b74,0e2fdc89-b2c2-42b5-adfb-200fd681f9ff,,missed_visit_sms_reminder,outbound,You missed your BP visit at Abeokuta South Comprehensive HC. Please come this week. Reply 2 if you need another day.,en,delivered,2026-04-18 09:28:00
990a1c6a-8e9f-4444-adc4-628bb5308c03,389a76bd-bf97-4432-b03c-d8a4cd733b74,0e2fdc89-b2c2-42b5-adfb-200fd681f9ff,,sms,inbound,"Na ok, I dey come",pcm,delivered,2026-04-18 10:07:00
0750093f-f491-4eb1-823d-f70a4eb2989a,389a76bd-bf97-4432-b03c-d8a4cd733b74,7b3a38be-67bf-427f-accf-c3ae0bd5d679,,appointment_reminder,outbound,Reminder: your BP check at Abeokuta South Comprehensive HC is tomorrow. Reply 1 to confirm or 2 to change the day.,en,delivered,2026-06-05 09:59:00
9925fdd0-b982-4322-bdde-b90c32be8c0d,389a76bd-bf97-4432-b03c-d8a4cd733b74,1e28f816-3404-47c5-84ee-d2d38cb2935c,,appointment_reminder,outbound,Reminder: your BP check at Abeokuta South Comprehensive HC is tomorrow. Reply 1 to confirm or 2 to change the day.,en,failed,2026-07-30 10:33:00
4c9c43e5-273a-4fa8-a649-f7c86b756e0f,389a76bd-bf97-4432-b03c-d8a4cd733b74,1e28f816-3404-47c5-84ee-d2d38cb2935c,,missed_visit_sms_reminder,outbound,You missed your BP visit at Abeokuta South Comprehensive HC. Please come this week. Reply 2 if you need another day.,en,delivered,2026-08-03 09:11:00
6725bfc3-9f8f-46ad-975f-779afbc32d3d,389a76bd-bf97-4432-b03c-d8a4cd733b74,1e28f816-3404-47c5-84ee-d2d38cb2935c,,sms,inbound,2,en,delivered,2026-08-03 11:12:00
e1847f42-fd7f-4bb0-8a23-ad739320e54c,389a76bd-bf97-4432-b03c-d8a4cd733b74,1e28f816-3404-47c5-84ee-d2d38cb2935c,,voip_call,outbound,,,completed,2026-08-15 09:53:00
bc0b69b9-5908-4aec-8561-71a6db8ad328,0f257fa1-1df6-4807-8a73-612f6b251ce9,f6d6bfe2-d8db-4f73-92cc-0a75081b4666,,appointment_reminder,outbound,Reminder: your BP check at Abeokuta South Comprehensive HC is tomorrow. Reply 1 to confirm or 2 to change the day.,en,delivered,2025-01-26 10:24:00
80376dee-bf68-48c7-a5cd-9c8836c6e668,0f257fa1-1df6-4807-8a73-612f6b251ce9,f6d6bfe2-d8db-4f73-92cc-0a75081b4666,,sms,inbound,1,en,delivered,2025-01-26 17:49:00
4b2280e7-31ad-4754-a31e-af841800cb32,0f257fa1-1df6-4807-8a73-612f6b251ce9,253ffd13-bdc8-4f54-a6b4-d4d170bd9c39,,appointment_reminder,outbound,Reminder: your BP check at Abeokuta South Comprehensive HC is tomorrow. Reply 1 to confirm or 2 to change the day.,en,delivered,2025-02-06 10:27:00
f700a97f-8cbd-490b-a560-9960b686a00c,0f257fa1-1df6-4807-8a73-612f6b251ce9,253ffd13-bdc8-4f54-a6b4-d4d170bd9c39,,sms,inbound,"o da, ma wa lola",yo,delivered,2025-02-06 17:20:00
3b4501f5-0381-4aca-84be-93455a2b7eb2,0f257fa1-1df6-4807-8a73-612f6b251ce9,8f6e3dc7-7f99-4c60-834c-ab099dcba010,,appointment_reminder,outbound,Reminder: your BP check at Abeokuta South Comprehensive HC is tomorrow. Reply 1 to confirm or 2 to change the day.,en,delivered,2025-03-05 09:58:00
93f9393f-f136-4cc8-8572-940542426e7a,0f257fa1-1df6-4807-8a73-612f6b251ce9,8f6e3dc7-7f99-4c60-834c-ab099dcba010,,sms,inbound,Ok I will cme,en,delivered,2025-03-05 12:02:00
6dd53b6f-0dde-419d-86c1-f6aba7b7ae96,0f257fa1-1df6-4807-8a73-612f6b251ce9,f260adae-c152-4a02-b413-d3d81dfa6f12,,appointment_reminder,outbound,Reminder: your BP check at Abeokuta South Comprehensive HC is tomorrow. Reply 1 to confirm or 2 to change the day.,en,delivered,2025-04-04 09:53:00
54a77955-ecda-44f4-83b5-82a4a8c79707,0f257fa1-1df6-4807-8a73-612f6b251ce9,f260adae-c152-4a02-b413-d3d81dfa6f12,,missed_visit_sms_reminder,outbound,You missed your BP visit at Abeokuta South Comprehensive HC. Please come this week. Reply 2 if you need another day.,en,delivered,2025-04-08 09:16:00
2410ea57-2a15-49e8-84bb-8265b2db3b68,0f257fa1-1df6-4807-8a73-612f6b251ce9,f260adae-c152-4a02-b413-d3d81dfa6f12,,sms,inbound,Ok ok ok pls,en,delivered,2025-04-08 14:23:00
8eb2a8db-1600-4aef-9f21-2a3200e898e2,0f257fa1-1df6-4807-8a73-612f6b251ce9,f260adae-c152-4a02-b413-d3d81dfa6f12,,voip_call,outbound,,,completed,2025-04-23 15:43:00
e2db2b6c-4891-4aa7-b49d-3903883d7591,93698b2e-2807-4a04-adf2-02e2423bff67,d81d631d-eec8-4bd0-bd97-339208f306f6,,appointment_reminder,outbound,Reminder: your BP check at Abeokuta South Comprehensive HC is tomorrow. Reply 1 to confirm or 2 to change the day.,en,delivered,2024-10-29 10:03:00
7f6a6696-ef30-4330-8155-2099563d0a2a,93698b2e-2807-4a04-adf2-02e2423bff67,d81d631d-eec8-4bd0-bd97-339208f306f6,,sms,inbound,wannan lambar ba tawa ba,ha,delivered,2024-10-29 13:17:00
3f22458e-fd0f-4ab0-b407-b80a9cafb83b,93698b2e-2807-4a04-adf2-02e2423bff67,8e51972e-8f20-4e82-9852-3e39cb6a3382,,appointment_reminder,outbound,Reminder: your BP check at Abeokuta South Comprehensive HC is tomorrow. Reply 1 to confirm or 2 to change the day.,en,delivered,2024-11-25 10:40:00
f4f3c0ff-5c30-44db-8978-576c14cb70ae,93698b2e-2807-4a04-adf2-02e2423bff67,c472b065-ef11-4886-ac5f-bd71372237bf,,appointment_reminder,outbound,Reminder: your BP check at Abeokuta South Comprehensive HC is tomorrow. Reply 1 to confirm or 2 to change the day.,en,sent,2024-12-22 09:56:00
bdc59252-6e62-4e9d-8d6c-7199de8b6dd3,93698b2e-2807-4a04-adf2-02e2423bff67,c472b065-ef11-4886-ac5f-bd71372237bf,,sms,inbound,i don't know this person,en,delivered,2024-12-22 16:36:00
05808937-7183-4dad-a5ca-724035a4c48b,93698b2e-2807-4a04-adf2-02e2423bff67,29df5e7b-1b93-47e3-9f50-627437bb0a6c,,appointment_reminder,outbound,Reminder: your BP check at Abeokuta South Comprehensive HC is tomorrow. Reply 1 to confirm or 2 to change the day.,en,sent,2025-01-17 09:17:00
17bc718e-a7d0-4225-a9b2-a5f42f60e10c,93698b2e-2807-4a04-adf2-02e2423bff67,5232d60e-4bcd-4d96-92c2-5fd591f8f4f8,,appointment_reminder,outbound,Reminder: your BP check at Abeokuta South Comprehensive HC is tomorrow. Reply 1 to confirm or 2 to change the day.,en,delivered,2025-01-28 10:24:00
8d0be614-1f3b-49f7-b00b-8bfee817b3ed,93698b2e-2807-4a04-adf2-02e2423bff67,5232d60e-4bcd-4d96-92c2-5fd591f8f4f8,,sms,inbound,"I can't cme on that day, can I cme nxt week",en,delivered,2025-01-28 11:41:00
babb5b7a-6266-4060-9e04-4c1335d4bb56,93698b2e-2807-4a04-adf2-02e2423bff67,5232d60e-4bcd-4d96-92c2-5fd591f8f4f8,,missed_visit_sms_reminder,outbound,You missed your BP visit at Abeokuta South Comprehensive HC. Please come this week. Reply 2 if you need another day.,en,delivered,2025-02-01 10:38:00
140b00ba-4694-4a45-a2d0-f07145b55382,cd678fbd-e6cd-4019-a6f1-abe9ba5e2d1a,9c4aacd4-882c-4bd6-af5f-87ddad1c97f8,,appointment_reminder,outbound,Reminder: your BP check at Sagamu Model PHC is tomorrow. Reply 1 to confirm or 2 to change the day.,en,delivered,2026-05-24 09:17:00
07af05bf-3c91-4bc7-aba7-1fffcb4ea5b1,cd678fbd-e6cd-4019-a6f1-abe9ba5e2d1a,e306a9da-8bc2-4c69-924b-e184e0db4269,,appointment_reminder,outbound,Reminder: your BP check at Sagamu Model PHC is tomorrow. Reply 1 to confirm or 2 to change the day.,en,delivered,2026-06-09 10:34:00
c042ae9b-5f63-40fc-94b4-38e8599779c6,cd678fbd-e6cd-4019-a6f1-abe9ba5e2d1a,e306a9da-8bc2-4c69-924b-e184e0db4269,,sms,inbound,Wace rana zan zo?,ha,delivered,2026-06-09 18:23:00
f759d4ef-c2ee-48dd-bc03-2cfb8e29656f,cd678fbd-e6cd-4019-a6f1-abe9ba5e2d1a,abe99aab-d6ab-4c1e-82e2-b200ba93a6de,,appointment_reminder,outbound,Reminder: your BP check at Sagamu Model PHC is tomorrow. Reply 1 to confirm or 2 to change the day.,en,delivered,2026-07-08 09:42:00
fb048c32-d280-455d-b6bd-3f3344bb9a16,cd678fbd-e6cd-4019-a6f1-abe9ba5e2d1a,1eeb7cba-e639-47e8-8ddd-89b02db71401,,appointment_reminder,outbound,Reminder: your BP check at Sagamu Model PHC is tomorrow. Reply 1 to confirm or 2 to change the day.,en,delivered,2026-09-03 10:44:00
8d821185-5f3d-433a-9114-764594a941d6,4758f904-0592-419e-9bbf-4fe8494d3740,e0794a47-6333-45e6-b46c-9e08812013bd,,appointment_reminder,outbound,Reminder: your BP check at Sagamu Model PHC is tomorrow. Reply 1 to confirm or 2 to change the day.,en,delivered,2026-05-13 09:35:00
60fe8344-a214-4982-8845-effd42d6b510,4758f904-0592-419e-9bbf-4fe8494d3740,a59617d0-0bdb-462c-bc1c-7a74dd4fb2ec,,appointment_reminder,outbound,Reminder: your BP check at Sagamu Model PHC is tomorrow. Reply 1 to confirm or 2 to change the day.,en,delivered,2026-06-08 09:54:00
c821c64b-5ee8-42da-b223-2376c0a4903c,4758f904-0592-419e-9bbf-4fe8494d3740,6439dbe3-7cd6-42bf-9973-1b7fcb069133,,appointment_reminder,outbound,Reminder: your BP check at Sagamu Model PHC is tomorrow. Reply 1 to confirm or 2 to change the day.,en,delivered,2026-06-21 10:56:00
29618224-76eb-420c-8b93-021bd80087d6,4758f904-0592-419e-9bbf-4fe8494d3740,6439dbe3-7cd6-42bf-9973-1b7fcb069133,,missed_visit_sms_reminder,outbound,You missed your BP visit at Sagamu Model PHC. Please come this week. Reply 2 if you need another day.,en,delivered,2026-06-25 09:14:00
4d45aeac-c750-427f-b09a-6bbd22ccce99,4758f904-0592-419e-9bbf-4fe8494d3740,6439dbe3-7cd6-42bf-9973-1b7fcb069133,,voip_call,outbound,,,no_answer,2026-07-01 12:00:00
4b6341ed-defc-4315-9d31-7c4f068dcec0,332a1cc3-4d85-4187-9ff8-5f1eade860a3,89e2b3ac-89ac-49af-b247-04385f3487ca,,appointment_reminder,outbound,Reminder: your BP check at Ikorodu General Hospital is tomorrow. Reply 1 to confirm or 2 to change the day.,en,sent,2024-12-28 10:12:00
af2c73a5-0f78-4c7f-a126-f9c6f7fc984f,332a1cc3-4d85-4187-9ff8-5f1eade860a3,c48894be-53b7-4ae8-b8e9-09ae4194a933,,appointment_reminder,outbound,Reminder: your BP check at Ikorodu General Hospital is tomorrow. Reply 1 to confirm or 2 to change the day.,en,delivered,2025-01-27 10:48:00
cba9ed3a-3fd4-4063-a82a-1ed2976e1167,332a1cc3-4d85-4187-9ff8-5f1eade860a3,f452f6f4-6c36-4b5d-8daa-db36e8117bb3,,appointment_reminder,outbound,Reminder: your BP check at Ikorodu General Hospital is tomorrow. Reply 1 to confirm or 2 to change the day.,en,delivered,2025-02-23 09:09:00
07e6e057-1a18-4b81-b95f-1899ee5315fa,332a1cc3-4d85-4187-9ff8-5f1eade860a3,f452f6f4-6c36-4b5d-8daa-db36e8117bb3,,missed_visit_sms_reminder,outbound,You missed your BP visit at Ikorodu General Hospital. Please come this week. Reply 2 if you need another day.,en,delivered,2025-02-27 09:42:00
368c5aba-a78d-4581-8e09-ab5ebfe457e7,332a1cc3-4d85-4187-9ff8-5f1eade860a3,f452f6f4-6c36-4b5d-8daa-db36e8117bb3,,sms,inbound,"o da, ma wa lola",yo,delivered,2025-02-27 14:01:00
12846967-adc0-4cdb-bda4-1af05a5faec2,332a1cc3-4d85-4187-9ff8-5f1eade860a3,f452f6f4-6c36-4b5d-8daa-db36e8117bb3,,voip_call,outbound,,,completed,2025-03-14 09:37:00
03d7dd2d-983a-4ceb-b313-a0e32d94ebb1,7af21e3c-9f72-4836-a5ff-2ed2ab4adc91,5f3aa53d-758a-44c1-8bd2-3a2102698bdd,,appointment_reminder,outbound,Reminder: your BP check at Abeokuta South Comprehensive HC is tomorrow. Reply 1 to confirm or 2 to change the day.,en,delivered,2025-03-14 09:04:00
3562120e-9380-4c9b-843c-1dc4f6511cc9,7af21e3c-9f72-4836-a5ff-2ed2ab4adc91,cebee243-311a-4a23-b78b-4446ce776a0a,,appointment_reminder,outbound,Reminder: your BP check at Abeokuta South Comprehensive HC is tomorrow. Reply 1 to confirm or 2 to change the day.,en,delivered,2025-04-12 10:49:00
cd8c8c49-3a72-4a28-bd81-6403365b1861,7af21e3c-9f72-4836-a5ff-2ed2ab4adc91,1cd5af54-cc5a-4dfd-8ab4-0c01f4ea939f,,appointment_reminder,outbound,Reminder: your BP check at Abeokuta South Comprehensive HC is tomorrow. Reply 1 to confirm or 2 to change the day.,en,delivered,2025-05-12 10:11:00
bf0617d8-fe3c-4cb4-bdb4-fe0e8a46fe1f,7af21e3c-9f72-4836-a5ff-2ed2ab4adc91,1cd5af54-cc5a-4dfd-8ab4-0c01f4ea939f,,sms,inbound,drug don finish,pcm,delivered,2025-05-12 10:22:00
4918d34f-1abe-4087-b813-746cc4c1494f,7af21e3c-9f72-4836-a5ff-2ed2ab4adc91,ec0e1179-dba1-4ff9-aca6-47b4bb29908b,,appointment_reminder,outbound,Reminder: your BP check at Abeokuta South Comprehensive HC is tomorrow. Reply 1 to confirm or 2 to change the day.,en,delivered,2025-06-07 10:36:00
82a684eb-4855-4876-b339-d0e8dd25bd72,7af21e3c-9f72-4836-a5ff-2ed2ab4adc91,ec0e1179-dba1-4ff9-aca6-47b4bb29908b,,sms,inbound,yes,en,delivered,2025-06-07 11:33:00
21789964-6cd8-4d0c-95ba-df54bb7d6d18,7af21e3c-9f72-4836-a5ff-2ed2ab4adc91,ec0e1179-dba1-4ff9-aca6-47b4bb29908b,,missed_visit_sms_reminder,outbound,You missed your BP visit at Abeokuta South Comprehensive HC. Please come this week. Reply 2 if you need another day.,en,delivered,2025-06-11 10:29:00
6700886c-a9ce-4163-9f0d-7ec0e88d6ded,7af21e3c-9f72-4836-a5ff-2ed2ab4adc91,ec0e1179-dba1-4ff9-aca6-47b4bb29908b,,sms,inbound,"I no fit come tomorrow, abeg shift am",pcm,delivered,2025-06-11 20:21:00
aa9e001f-208a-4874-8ac2-23ab93b1bbcd,7af21e3c-9f72-4836-a5ff-2ed2ab4adc91,ec0e1179-dba1-4ff9-aca6-47b4bb29908b,,voip_call,outbound,,,no_answer,2025-06-21 12:38:00
77e51a5f-0941-40b8-9dab-9eae7eb30eaf,7af21e3c-9f72-4836-a5ff-2ed2ab4adc91,6400da37-3328-4299-be60-c8042afec8a7,,appointment_reminder,outbound,Reminder: your BP check at Abeokuta South Comprehensive HC is tomorrow. Reply 1 to confirm or 2 to change the day.,en,failed,2025-08-11 10:35:00
40493523-3e15-4f77-a3b4-73266c47153d,7af21e3c-9f72-4836-a5ff-2ed2ab4adc91,bf38f044-f47b-43f8-81d1-2e5f3ec00f2e,,appointment_reminder,outbound,Reminder: your BP check at Abeokuta South Comprehensive HC is tomorrow. Reply 1 to confirm or 2 to change the day.,en,delivered,2025-08-27 09:04:00
57dba243-9d89-434c-8c9b-8e9003e38c0d,7af21e3c-9f72-4836-a5ff-2ed2ab4adc91,7a6d560f-e40d-497c-b6ad-738efbefc4ef,,appointment_reminder,outbound,Reminder: your BP check at Abeokuta South Comprehensive HC is tomorrow. Reply 1 to confirm or 2 to change the day.,en,delivered,2025-09-13 10:12:00
a9c3beef-cfd2-4bb2-9b01-d9b7fabeddc2,7af21e3c-9f72-4836-a5ff-2ed2ab4adc91,7a6d560f-e40d-497c-b6ad-738efbefc4ef,,sms,inbound,Drug don finish,pcm,delivered,2025-09-13 13:07:00
cbcfc0ea-b832-42e9-bb8a-ea023b24fb90,7af21e3c-9f72-4836-a5ff-2ed2ab4adc91,9c6cbb69-193d-45c2-8df2-413284ec73ae,,appointment_reminder,outbound,Reminder: your BP check at Abeokuta South Comprehensive HC is tomorrow. Reply 1 to confirm or 2 to change the day.,en,delivered,2025-11-11 09:53:00
6e03aada-4c65-4391-bb92-b9726188d8db,7af21e3c-9f72-4836-a5ff-2ed2ab4adc91,9c6cbb69-193d-45c2-8df2-413284ec73ae,,missed_visit_sms_reminder,outbound,You missed your BP visit at Abeokuta South Comprehensive HC. Please come this week. Reply 2 if you need another day.,en,failed,2025-11-15 10:56:00
1338e7f6-b13d-441d-9c24-0ecde914de55,7af21e3c-9f72-4836-a5ff-2ed2ab4adc91,9c6cbb69-193d-45c2-8df2-413284ec73ae,,voip_call,outbound,,,completed,2025-11-19 13:37:00
93e1e74a-5ea6-48e3-9485-080c750299b6,c91ecc9c-f176-4f5c-90f9-561c5bc76492,e20fe816-51f5-4ce5-9c41-ecb85e3b07c1,,appointment_reminder,outbound,Reminder: your BP check at Ijebu Ode Primary Health Centre is tomorrow. Reply 1 to confirm or 2 to change the day.,en,sent,2025-05-10 09:52:00
f1e6c94b-4a57-4ce0-886a-af88c0c4e924,c91ecc9c-f176-4f5c-90f9-561c5bc76492,c67db2cd-184b-4aa7-a61c-0315b789be3f,,appointment_reminder,outbound,Reminder: your BP check at Ijebu Ode Primary Health Centre is tomorrow. Reply 1 to confirm or 2 to change the day.,en,delivered,2025-06-05 09:12:00
8716fc06-9ce2-418a-9d5c-7432b4c08f8a,c91ecc9c-f176-4f5c-90f9-561c5bc76492,c67db2cd-184b-4aa7-a61c-0315b789be3f,,sms,inbound,My head is paining me and my BP is high,en,delivered,2025-06-05 10:48:00
a3a5c3a0-133d-47b6-81c6-4096b20e727f,c91ecc9c-f176-4f5c-90f9-561c5bc76492,4aab6d60-b69d-475e-bf4b-00a7f5cf2c5d,,appointment_reminder,outbound,Reminder: your BP check at Ijebu Ode Primary Health Centre is tomorrow. Reply 1 to confirm or 2 to change the day.,en,sent,2025-06-21 10:40:00
d1f4b829-59e6-4071-ba16-d2f7ddb4db8a,c91ecc9c-f176-4f5c-90f9-561c5bc76492,4aab6d60-b69d-475e-bf4b-00a7f5cf2c5d,,sms,inbound,Nomba yi ko tọ,yo,delivered,2025-06-21 16:16:00
6884e914-4f6e-4181-8016-556bfb6465ab,c91ecc9c-f176-4f5c-90f9-561c5bc76492,07613ffc-a59a-42c7-a06d-45031630b703,,appointment_reminder,outbound,Reminder: your BP check at Ijebu Ode Primary Health Centre is tomorrow. Reply 1 to confirm or 2 to change the day.,en,sent,2025-09-10 10:53:00
ca665efc-adb6-4534-8653-4496e16f0870,c91ecc9c-f176-4f5c-90f9-561c5bc76492,e76f8e66-6427-404e-b97c-adf9cd464cb2,,appointment_reminder,outbound,Reminder: your BP check at Ijebu Ode Primary Health Centre is tomorrow. Reply 1 to confirm or 2 to change the day.,en,delivered,2025-12-01 09:00:00
bbf6f902-33ae-4e6e-b6ef-6f9ac44451c8,c91ecc9c-f176-4f5c-90f9-561c5bc76492,944c8542-4136-40e4-82b2-92e094f08a28,,appointment_reminder,outbound,Reminder: your BP check at Ijebu Ode Primary Health Centre is tomorrow. Reply 1 to confirm or 2 to change the day.,en,delivered,2026-01-30 10:04:00
2bae25bf-26f7-43f0-9a73-a808e9e9d901,c91ecc9c-f176-4f5c-90f9-561c5bc76492,ad939831-b4e4-454f-820a-fb3872a9ef81,,appointment_reminder,outbound,Reminder: your BP check at Ijebu Ode Primary Health Centre is tomorrow. Reply 1 to confirm or 2 to change the day.,en,failed,2026-02-25 10:34:00
5c6eb090-d547-417e-afc5-1c5ffa8425ff,c91ecc9c-f176-4f5c-90f9-561c5bc76492,b8ada10e-f317-4aca-8bf7-1c935686f7de,,appointment_reminder,outbound,Reminder: your BP check at Ijebu Ode Primary Health Centre is tomorrow. Reply 1 to confirm or 2 to change the day.,en,failed,2026-05-24 10:53:00
03b51d39-0f72-4cd9-9f77-f012cb22b870,c91ecc9c-f176-4f5c-90f9-561c5bc76492,737bb649-6dce-4f5a-97d9-ccf6f893093e,,appointment_reminder,outbound,Reminder: your BP check at Ijebu Ode Primary Health Centre is tomorrow. Reply 1 to confirm or 2 to change the day.,en,delivered,2026-06-22 09:45:00
02f2b153-0540-40a2-8bf3-7e58be184649,c91ecc9c-f176-4f5c-90f9-561c5bc76492,c726cc5e-de33-4d8a-9dc1-787c2ef45453,,appointment_reminder,outbound,Reminder: your BP check at Ijebu Ode Primary Health Centre is tomorrow. Reply 1 to confirm or 2 to change the day.,en,delivered,2026-08-17 09:20:00
15b18163-f175-434d-9089-cfd0868d28ba,c91ecc9c-f176-4f5c-90f9-561c5bc76492,a3855aca-e8b2-4c93-9b33-f9599882827a,,appointment_reminder,outbound,Reminder: your BP check at Ijebu Ode Primary Health Centre is tomorrow. Reply 1 to confirm or 2 to change the day.,en,delivered,2026-09-15 09:35:00
36898601-640a-41eb-a6b4-ca90785c2a41,c91ecc9c-f176-4f5c-90f9-561c5bc76492,a3855aca-e8b2-4c93-9b33-f9599882827a,,missed_visit_sms_reminder,outbound,You missed your BP visit at Ijebu Ode Primary Health Centre. Please come this week. Reply 2 if you need another day.,en,delivered,2026-09-19 10:53:00
369ecd95-c4e6-45b1-9f81-4eff82efe4f2,c91ecc9c-f176-4f5c-90f9-561c5bc76492,a3855aca-e8b2-4c93-9b33-f9599882827a,,sms,inbound,Alright see you tomorow,en,delivered,2026-09-19 11:14:00
6630f786-d480-415f-b747-c9ad5277b1dd,402f1ace-72bc-4d75-8f25-45a5b200b9e5,afac5a5f-c379-4de9-8e22-fdf8f4c9657e,,voip_call,outbound,,,completed,2026-04-21 14:29:00
f9561d00-fe13-4d98-bb22-7518b9d4f4ef,402f1ace-72bc-4d75-8f25-45a5b200b9e5,26191e56-df02-452b-8cc3-58ea8322ae8f,,voip_call,outbound,,,completed,2026-07-02 09:39:00
f76ad950-1b87-4e71-b4ba-587ccb94350d,a8621829-391c-4ecc-aa5a-36dc877cb654,59f56593-3742-4a18-957a-f65342f40bf6,,appointment_reminder,outbound,Reminder: your BP check at Agege Primary Health Centre is tomorrow. Reply 1 to confirm or 2 to change the day.,en,delivered,2026-04-21 09:53:00
5e3facda-52e1-4154-a14c-1f321617dd3f,a8621829-391c-4ecc-aa5a-36dc877cb654,3c8ff985-448f-47a7-a71c-ca4ad39bb0ca,,appointment_reminder,outbound,Reminder: your BP check at Agege Primary Health Centre is tomorrow. Reply 1 to confirm or 2 to change the day.,en,delivered,2026-05-20 09:01:00
38c841c5-da81-47ed-a519-bb65c8c40ff6,a8621829-391c-4ecc-aa5a-36dc877cb654,3c8ff985-448f-47a7-a71c-ca4ad39bb0ca,,sms,inbound,1,en,delivered,2026-05-20 13:32:00
6d92e099-47ea-45d8-b421-12a1d271d38f,a8621829-391c-4ecc-aa5a-36dc877cb654,832efa76-53f6-4cee-b72e-afcdca46acc3,,appointment_reminder,outbound,Reminder: your BP check at Agege Primary Health Centre is tomorrow. Reply 1 to confirm or 2 to change the day.,en,delivered,2026-06-17 09:36:00
354e2efc-dbb4-48c4-9f01-8c7dd0257219,a8621829-391c-4ecc-aa5a-36dc877cb654,832efa76-53f6-4cee-b72e-afcdca46acc3,,sms,inbound,Make I cme nxt week instead,pcm,delivered,2026-06-17 17:31:00
9753db58-8a4c-4312-9e94-d95bb7fd1438,a8621829-391c-4ecc-aa5a-36dc877cb654,832efa76-53f6-4cee-b72e-afcdca46acc3,,missed_visit_sms_reminder,outbound,You missed your BP visit at Agege Primary Health Centre. Please come this week. Reply 2 if you need another day.,en,delivered,2026-06-21 09:59:00
a72224b1-304c-4f4a-a1d4-30be0c288a10,a8621829-391c-4ecc-aa5a-36dc877cb654,832efa76-53f6-4cee-b72e-afcdca46acc3,,sms,inbound,wetin time clinc dey open?,pcm,delivered,2026-06-21 10:51:00
4327eac0-54ad-47a9-9bc4-c656f5599661,a8621829-391c-4ecc-aa5a-36dc877cb654,832efa76-53f6-4cee-b72e-afcdca46acc3,,voip_call,outbound,,,completed,2026-07-06 10:34:00
fed12971-5a33-4682-b8d0-b33b3faf1718,573b4735-c6a0-45d9-adbd-aa2e7af0cf84,ec07764b-ff22-4918-8c1c-4a51c19b413d,,appointment_reminder,outbound,Reminder: your BP check at Ikorodu General Hospital is tomorrow. Reply 1 to confirm or 2 to change the day.,en,delivered,2025-02-03 10:54:00
a2178d81-dc76-41c1-b589-bed6d4080701,573b4735-c6a0-45d9-adbd-aa2e7af0cf84,8f6245fc-9bdd-47ff-ae65-d6483a67a141,,appointment_reminder,outbound,Reminder: your BP check at Ikorodu General Hospital is tomorrow. Reply 1 to confirm or 2 to change the day.,en,delivered,2025-02-15 09:29:00
72965796-0bb7-464b-9ed6-788b6f1281af,573b4735-c6a0-45d9-adbd-aa2e7af0cf84,21ec9a14-3ee5-487c-818a-81611703f998,,appointment_reminder,outbound,Reminder: your BP check at Ikorodu General Hospital is tomorrow. Reply 1 to confirm or 2 to change the day.,en,delivered,2025-02-27 10:07:00
22d55300-59bf-474d-91e9-26568b172815,573b4735-c6a0-45d9-adbd-aa2e7af0cf84,a2841ba9-c4cd-4d53-bab6-a449e9e09b1b,,appointment_reminder,outbound,Reminder: your BP check at Ikorodu General Hospital is tomorrow. Reply 1 to confirm or 2 to change the day.,en,delivered,2025-03-25 10:38:00
04e25252-ad69-4aa9-ba25-96dc5ab8758d,573b4735-c6a0-45d9-adbd-aa2e7af0cf84,a2841ba9-c4cd-4d53-bab6-a449e9e09b1b,,sms,inbound,Who is this?,en,delivered,2025-03-25 13:40:00
788d7330-76c7-4410-a1d8-636bf2b914a7,573b4735-c6a0-45d9-adbd-aa2e7af0cf84,9382c797-e8c5-444c-9a18-d31efe8b981d,,appointment_reminder,outbound,Reminder: your BP check at Ikorodu General Hospital is tomorrow. Reply 1 to confirm or 2 to change the day.,en,delivered,2025-05-21 09:55:00
c63d6762-3cab-465a-9522-23dd7432a6a4,573b4735-c6a0-45d9-adbd-aa2e7af0cf84,39d612dc-93ca-416e-989e-afa882a3605d,,appointment_reminder,outbound,Reminder: your BP check at Ikorodu General Hospital is tomorrow. Reply 1 to confirm or 2 to change the day.,en,delivered,2025-06-21 09:54:00
848305db-5f2b-4dc0-80e4-1479967a337a,573b4735-c6a0-45d9-adbd-aa2e7af0cf84,fb700440-69e5-493a-9e1d-fdcbdda34f4d,,appointment_reminder,outbound,Reminder: your BP check at Ikorodu General Hospital is tomorrow. Reply 1 to confirm or 2 to change the day.,en,delivered,2025-07-04 09:48:00
f4a8a2e4-c13d-4fb3-b0d1-c9e515d1fcad,573b4735-c6a0-45d9-adbd-aa2e7af0cf84,0361a8f4-42f1-49f2-b698-430710c6472f,,appointment_reminder,outbound,Reminder: your BP check at Ikorodu General Hospital is tomorrow. Reply 1 to confirm or 2 to change the day.,en,delivered,2025-08-31 09:43:00
eda2f990-45ef-4731-9548-c81b8c710ee6,573b4735-c6a0-45d9-adbd-aa2e7af0cf84,572d7bc8-2fb5-4d07-bed5-a83bc257f73a,,appointment_reminder,outbound,Reminder: your BP check at Ikorodu General Hospital is tomorrow. Reply 1 to confirm or 2 to change the day.,en,delivered,2025-11-24 10:16:00
ae918aa4-57b1-4e44-92ac-9ff6b6d30f6d,573b4735-c6a0-45d9-adbd-aa2e7af0cf84,a5f0473b-f846-4048-8926-230518310d20,,appointment_reminder,outbound,Reminder: your BP check at Ikorodu General Hospital is tomorrow. Reply 1 to confirm or 2 to change the day.,en,delivered,2026-01-22 09:25:00
b50cc96e-6ab0-4d80-b03c-ac3221e592e5,573b4735-c6a0-45d9-adbd-aa2e7af0cf84,fd08a516-54d8-4f20-8a7d-b00ead20e72f,,appointment_reminder,outbound,Reminder: your BP check at Ikorodu General Hospital is tomorrow. Reply 1 to confirm or 2 to change the day.,en,delivered,2026-02-19 10:50:00
4603c575-1686-46b1-99cd-048c5d445d38,573b4735-c6a0-45d9-adbd-aa2e7af0cf84,7fc13523-97d1-42c4-8c99-af7485b83263,,appointment_reminder,outbound,Reminder: your BP check at Ikorodu General Hospital is tomorrow. Reply 1 to confirm or 2 to change the day.,en,delivered,2026-04-18 10:04:00
f11335ef-542b-4b89-a48f-a6005f921ede,573b4735-c6a0-45d9-adbd-aa2e7af0cf84,7fc13523-97d1-42c4-8c99-af7485b83263,,sms,inbound,Wace rana zan zo?,ha,delivered,2026-04-18 16:02:00
760d2d4d-dd1c-4650-b212-012eb050ef7f,573b4735-c6a0-45d9-adbd-aa2e7af0cf84,23318884-4934-4171-9a6f-7b6066a10a9e,,appointment_reminder,outbound,Reminder: your BP check at Ikorodu General Hospital is tomorrow. Reply 1 to confirm or 2 to change the day.,en,delivered,2026-07-12 10:38:00
2bd1c1cd-919a-4501-a978-4b4db18fc4b3,573b4735-c6a0-45d9-adbd-aa2e7af0cf84,23318884-4934-4171-9a6f-7b6066a10a9e,,missed_visit_sms_reminder,outbound,You missed your BP visit at Ikorodu General Hospital. Please come this week. Reply 2 if you need another day.,en,delivered,2026-07-16 09:25:00
bd7af419-f0a1-4f91-a780-36c27fcf4890,573b4735-c6a0-45d9-adbd-aa2e7af0cf84,23318884-4934-4171-9a6f-7b6066a10a9e,,sms,inbound,I have finished my drugs,en,delivered,2026-07-16 12:26:00
f4ab6337-5dd2-405c-8dff-ede4b251b540,573b4735-c6a0-45d9-adbd-aa2e7af0cf84,23318884-4934-4171-9a6f-7b6066a10a9e,,voip_call,outbound,,,completed,2026-07-18 11:18:00
e6598463-46df-4ef0-8b32-ad95c318140b,78840e34-8bc7-4855-a250-54dbfc04c791,9304e1b2-9115-4c90-a03c-989bb5393ab5,,appointment_reminder,outbound,Reminder: your BP check at Ijebu Ode Primary Health Centre is tomorrow. Reply 1 to confirm or 2 to change the day.,en,delivered,2025-06-27 10:41:00
9bd73fa2-e9a9-41cb-92f4-0f27a205e93a,78840e34-8bc7-4855-a250-54dbfc04c791,9304e1b2-9115-4c90-a03c-989bb5393ab5,,sms,inbound,Make I come next week instead,pcm,delivered,2025-06-27 16:04:00
9cea2269-fa05-4e85-9d79-b1b019ae11c9,78840e34-8bc7-4855-a250-54dbfc04c791,b3f4ab37-dc29-44da-a347-10d6de619245,,appointment_reminder,outbound,Reminder: your BP check at Ijebu Ode Primary Health Centre is tomorrow. Reply 1 to confirm or 2 to change the day.,en,delivered,2025-07-28 10:59:00
e2d2ada9-9e7d-4e67-b684-a725b541eef7,78840e34-8bc7-4855-a250-54dbfc04c791,b3f4ab37-dc29-44da-a347-10d6de619245,,sms,inbound,Which day I fit cme?,pcm,delivered,2025-07-28 16:07:00
63373e46-aea8-470c-b3ca-521bba957f67,78840e34-8bc7-4855-a250-54dbfc04c791,b3f4ab37-dc29-44da-a347-10d6de619245,,missed_visit_sms_reminder,outbound,You missed your BP visit at Ijebu Ode Primary Health Centre. Please come this week. Reply 2 if you need another day.,en,delivered,2025-08-01 09:06:00
cd78a2dc-21a8-4593-86fc-71f5a7a6a623,78840e34-8bc7-4855-a250-54dbfc04c791,b3f4ab37-dc29-44da-a347-10d6de619245,,voip_call,outbound,,,completed,2025-08-07 11:46:00
2f768b6e-9e8e-4b0a-b519-d6ecb0e34e03,78840e34-8bc7-4855-a250-54dbfc04c791,3c3df660-aeaa-43f7-a714-cfb54efba901,,appointment_reminder,outbound,Reminder: your BP check at Ijebu Ode Primary Health Centre is tomorrow. Reply 1 to confirm or 2 to change the day.,en,delivered,2025-09-19 09:54:00
8a4ec4ff-71ab-425b-a3dd-3c8e0b12c89f,78840e34-8bc7-4855-a250-54dbfc04c791,3c3df660-aeaa-43f7-a714-cfb54efba901,,sms,inbound,i go come,pcm,delivered,2025-09-19 18:44:00
f51f30cb-0090-4cff-a127-342c2a1170ef,78840e34-8bc7-4855-a250-54dbfc04c791,33eda500-11b4-4da7-9704-ba9ac2ab748e,,appointment_reminder,outbound,Reminder: your BP check at Ijebu Ode Primary Health Centre is tomorrow. Reply 1 to confirm or 2 to change the day.,en,delivered,2025-11-16 10:00:00
5ed8ef64-fc6c-41ee-be12-82e5cd7cd13e,78840e34-8bc7-4855-a250-54dbfc04c791,33eda500-11b4-4da7-9704-ba9ac2ab748e,,sms,inbound,1,en,delivered,2025-11-16 15:39:00
6ddbd501-368b-4184-ad82-94181d7df958,78840e34-8bc7-4855-a250-54dbfc04c791,71bc3659-152f-43a9-89cf-9fd39e2e2380,,appointment_reminder,outbound,Reminder: your BP check at Ijebu Ode Primary Health Centre is tomorrow. Reply 1 to confirm or 2 to change the day.,en,delivered,2025-12-12 10:27:00
2b5e0c2a-6207-4b4f-818d-c7e3050a2c90,78840e34-8bc7-4855-a250-54dbfc04c791,b3a18c50-d4cc-459f-a9c6-47334953ac5a,,appointment_reminder,outbound,Reminder: your BP check at Ijebu Ode Primary Health Centre is tomorrow. Reply 1 to confirm or 2 to change the day.,en,failed,2025-12-26 09:17:00
c458af59-7097-48c3-a0e3-caae3e2784ea,78840e34-8bc7-4855-a250-54dbfc04c791,b3a18c50-d4cc-459f-a9c6-47334953ac5a,,missed_visit_sms_reminder,outbound,You missed your BP visit at Ijebu Ode Primary Health Centre. Please come this week. Reply 2 if you need another day.,en,failed,2025-12-30 09:37:00
3a659ad5-a313-449b-b464-aef80dc46221,78840e34-8bc7-4855-a250-54dbfc04c791,b3a18c50-d4cc-459f-a9c6-47334953ac5a,,voip_call,outbound,,,completed,2026-01-06 12:49:00
f80ce82b-3448-4d3a-8a66-e8e01efa9cf7,78840e34-8bc7-4855-a250-54dbfc04c791,9bd69a14-e6a2-431b-bc18-cba38388fd03,,appointment_reminder,outbound,Reminder: your BP check at Ijebu Ode Primary Health Centre is tomorrow. Reply 1 to confirm or 2 to change the day.,en,delivered,2026-02-11 10:44:00
d8aa37ce-b50d-4022-b99d-c58d7247aaea,78840e34-8bc7-4855-a250-54dbfc04c791,9bd69a14-e6a2-431b-bc18-cba38388fd03,,missed_visit_sms_reminder,outbound,You missed your BP visit at Ijebu Ode Primary Health Centre. Please come this week. Reply 2 if you need another day.,en,delivered,2026-02-15 10:53:00
d41c6697-f293-4f46-b78e-8344a5996d1c,78840e34-8bc7-4855-a250-54dbfc04c791,9bd69a14-e6a2-431b-bc18-cba38388fd03,,voip_call,outbound,,,completed,2026-02-17 16:17:00
dca5e264-151d-4e9a-9a37-fbf556c6d8a9,78840e34-8bc7-4855-a250-54dbfc04c791,8528a186-f0d2-4729-91f9-d80bd87e933b,,appointment_reminder,outbound,Reminder: your BP check at Ijebu Ode Primary Health Centre is tomorrow. Reply 1 to confirm or 2 to change the day.,en,delivered,2026-08-13 10:24:00
921474cd-311d-4d13-ae03-ad1690ab205a,78840e34-8bc7-4855-a250-54dbfc04c791,8528a186-f0d2-4729-91f9-d80bd87e933b,,sms,inbound,"I can't come on that day, can I come next week",en,delivered,2026-08-13 12:30:00
a22147b9-0640-48ee-aeaf-a95e80d0308c,78840e34-8bc7-4855-a250-54dbfc04c791,4b1b8c64-3137-498d-9d04-73c76ac5fb19,,appointment_reminder,outbound,Reminder: your BP check at Ijebu Ode Primary Health Centre is tomorrow. Reply 1 to confirm or 2 to change the day.,en,delivered,2026-09-13 09:54:00
1021b576-6ce0-40c6-8050-dd410d7b07d6,78840e34-8bc7-4855-a250-54dbfc04c791,4b1b8c64-3137-498d-9d04-73c76ac5fb19,,missed_visit_sms_reminder,outbound,You missed your BP visit at Ijebu Ode Primary Health Centre. Please come this week. Reply 2 if you need another day.,en,delivered,2026-09-17 09:08:00
9feec4a6-22d0-4b76-939c-d35f5db85867,21217237-13aa-47ac-a886-38bf8678b2c4,0307f3df-ff58-4e44-bdef-b4508330c777,,appointment_reminder,outbound,Reminder: your BP check at Ikorodu General Hospital is tomorrow. Reply 1 to confirm or 2 to change the day.,en,delivered,2026-09-19 10:20:00
cf822d9c-0b1e-4989-96d9-c33f298a96f6,21217237-13aa-47ac-a886-38bf8678b2c4,0307f3df-ff58-4e44-bdef-b4508330c777,,missed_visit_sms_reminder,outbound,You missed your BP visit at Ikorodu General Hospital. Please come this week. Reply 2 if you need another day.,en,delivered,2026-09-23 09:53:00
08ecbf6b-8967-4811-bd76-0ec85e0ea2bb,31dac15c-8e3b-4176-bc52-77172f1f0a8a,ae679969-1098-4e04-a38b-2414eac9a0fa,,appointment_reminder,outbound,Reminder: your BP check at Ikorodu General Hospital is tomorrow. Reply 1 to confirm or 2 to change the day.,en,delivered,2025-09-17 10:43:00
646a8b7e-a563-4be0-8670-c85449273e90,31dac15c-8e3b-4176-bc52-77172f1f0a8a,79e6e778-146f-46e9-9738-bebec1243830,,appointment_reminder,outbound,Reminder: your BP check at Ikorodu General Hospital is tomorrow. Reply 1 to confirm or 2 to change the day.,en,delivered,2025-10-17 10:56:00
1c06b98b-77ee-46aa-a83f-cc3240cb0d80,31dac15c-8e3b-4176-bc52-77172f1f0a8a,f1d9dc5b-6735-42c2-b8ac-d4f7d7ca7383,,appointment_reminder,outbound,Reminder: your BP check at Ikorodu General Hospital is tomorrow. Reply 1 to confirm or 2 to change the day.,en,delivered,2025-11-11 09:50:00
79d690de-a3fd-47c6-abcc-e9d0167ea533,31dac15c-8e3b-4176-bc52-77172f1f0a8a,f1d9dc5b-6735-42c2-b8ac-d4f7d7ca7383,,sms,inbound,"mi o le wa ni ola, ose to n bo",yo,delivered,2025-11-11 17:56:00
73ec72f6-caca-410d-a796-2218fe2b3e19,31dac15c-8e3b-4176-bc52-77172f1f0a8a,1e8a1826-8624-4f31-a130-8ab6d34e31c9,,appointment_reminder,outbound,Reminder: your BP check at Ikorodu General Hospital is tomorrow. Reply 1 to confirm or 2 to change the day.,en,delivered,2025-12-09 09:36:00
56bfde63-63e3-40b6-a451-dd0cd66a46c7,31dac15c-8e3b-4176-bc52-77172f1f0a8a,1e8a1826-8624-4f31-a130-8ab6d34e31c9,,sms,inbound,ok i will come,en,delivered,2025-12-09 14:41:00
acb1c190-29f9-41d0-abe7-6af790114690,31dac15c-8e3b-4176-bc52-77172f1f0a8a,1e8a1826-8624-4f31-a130-8ab6d34e31c9,,missed_visit_sms_reminder,outbound,You missed your BP visit at Ikorodu General Hospital. Please come this week. Reply 2 if you need another day.,en,delivered,2025-12-13 09:27:00
fd48b82b-ebfd-4727-b96b-5402e638f037,31dac15c-8e3b-4176-bc52-77172f1f0a8a,1e8a1826-8624-4f31-a130-8ab6d34e31c9,,voip_call,outbound,,,no_answer,2025-12-30 16:31:00
036f3400-08ec-49aa-9870-f3fc17ab0418,31dac15c-8e3b-4176-bc52-77172f1f0a8a,8a9fa90c-259a-4dcd-ad93-0cdb04b03283,,appointment_reminder,outbound,Reminder: your BP check at Ikorodu General Hospital is tomorrow. Reply 1 to confirm or 2 to change the day.,en,delivered,2026-02-26 09:53:00
232c2446-0cab-49c5-bd04-0782ada93eeb,31dac15c-8e3b-4176-bc52-77172f1f0a8a,8a9fa90c-259a-4dcd-ad93-0cdb04b03283,,missed_visit_sms_reminder,outbound,You missed your BP visit at Ikorodu General Hospital. Please come this week. Reply 2 if you need another day.,en,delivered,2026-03-02 09:41:00
81cfb5cb-ea5a-49cb-8370-4cb6cdc8219b,31dac15c-8e3b-4176-bc52-77172f1f0a8a,8a9fa90c-259a-4dcd-ad93-0cdb04b03283,,sms,inbound,"o da, ma wa lola",yo,delivered,2026-03-02 15:23:00
31637dbc-c5c2-4267-a763-663c188e2e37,31dac15c-8e3b-4176-bc52-77172f1f0a8a,8a9fa90c-259a-4dcd-ad93-0cdb04b03283,,voip_call,outbound,,,completed,2026-03-04 13:52:00
2e877045-74fd-44d0-99e5-81aade4a499e,31dac15c-8e3b-4176-bc52-77172f1f0a8a,ce718b36-bfe5-4562-a4a5-7747e73dd91a,,appointment_reminder,outbound,Reminder: your BP check at Ikorodu General Hospital is tomorrow. Reply 1 to confirm or 2 to change the day.,en,delivered,2026-08-13 10:09:00
5dedea56-737d-4c57-9f52-8604f0fa7390,31dac15c-8e3b-4176-bc52-77172f1f0a8a,ce718b36-bfe5-4562-a4a5-7747e73dd91a,,missed_visit_sms_reminder,outbound,You missed your BP visit at Ikorodu General Hospital. Please come this week. Reply 2 if you need another day.,en,delivered,2026-08-17 09:27:00
1ed4bb16-d3d9-466b-9687-dc7c2bf65ec0,31dac15c-8e3b-4176-bc52-77172f1f0a8a,ce718b36-bfe5-4562-a4a5-7747e73dd91a,,sms,inbound,Alright see you tomorow,en,delivered,2026-08-17 17:54:00
a4323757-be24-43f4-9b9a-3a4b251a6c9e,31dac15c-8e3b-4176-bc52-77172f1f0a8a,ce718b36-bfe5-4562-a4a5-7747e73dd91a,,voip_call,outbound,,,completed,2026-08-29 16:30:00
192d3419-823f-466e-9185-de60f1b18442,7b4613dd-395a-457a-b30d-f87e1d5e7c62,54f264a7-3c17-4765-8adc-4176911c510f,,voip_call,outbound,,,completed,2025-04-11 11:33:00
b6b17f25-86b0-459d-9e73-db6b0c783419,7b4613dd-395a-457a-b30d-f87e1d5e7c62,95c42a7f-d460-48b4-b28b-a4cf7dd5b25c,,voip_call,outbound,,,completed,2025-09-25 13:46:00
6afe9940-a291-4690-b647-e34a6702dd96,a335dc52-28ac-40d4-8fa9-ec161ee121ee,a8981957-236c-4519-9cc5-13ed0934c072,,appointment_reminder,outbound,Reminder: your BP check at Ikorodu General Hospital is tomorrow. Reply 1 to confirm or 2 to change the day.,en,delivered,2026-01-28 10:41:00
e36a20b0-ccf0-4430-8a9b-65e1862a7ed7,a335dc52-28ac-40d4-8fa9-ec161ee121ee,be066907-4783-482d-aff3-b3fcc456e0a1,,appointment_reminder,outbound,Reminder: your BP check at Ikorodu General Hospital is tomorrow. Reply 1 to confirm or 2 to change the day.,en,failed,2026-02-15 09:06:00
6999ba7e-a5d9-4a6f-bd10-4fcf70885ac0,a335dc52-28ac-40d4-8fa9-ec161ee121ee,84461c0a-240f-47c1-870d-27da23914d23,,appointment_reminder,outbound,Reminder: your BP check at Ikorodu General Hospital is tomorrow. Reply 1 to confirm or 2 to change the day.,en,delivered,2026-03-17 09:58:00
166a6358-08e2-480d-a7c2-67dcfee03f3e,a335dc52-28ac-40d4-8fa9-ec161ee121ee,84461c0a-240f-47c1-870d-27da23914d23,,sms,inbound,"No wahala, I go show",pcm,delivered,2026-03-17 19:15:00
ff448c49-ff66-4ab0-aa60-268b4f9c203e,a335dc52-28ac-40d4-8fa9-ec161ee121ee,84461c0a-240f-47c1-870d-27da23914d23,,missed_visit_sms_reminder,outbound,You missed your BP visit at Ikorodu General Hospital. Please come this week. Reply 2 if you need another day.,en,delivered,2026-03-21 10:20:00
860c69bb-598b-41fa-a43d-8a95fbd02966,1e5e8eb7-4634-45aa-b6f4-85e8e46bf874,82e07dfd-11fc-4b31-88f5-5808a8921c25,,appointment_reminder,outbound,Reminder: your BP check at Agege Primary Health Centre is tomorrow. Reply 1 to confirm or 2 to change the day.,en,delivered,2025-03-07 09:52:00
aa138883-dc5b-4122-be7a-2b32c584d634,1e5e8eb7-4634-45aa-b6f4-85e8e46bf874,82e07dfd-11fc-4b31-88f5-5808a8921c25,,missed_visit_sms_reminder,outbound,You missed your BP visit at Agege Primary Health Centre. Please come this week. Reply 2 if you need another day.,en,delivered,2025-03-11 09:52:00
0efebe3e-a2e2-4766-b90d-a873001d2fad,1e5e8eb7-4634-45aa-b6f4-85e8e46bf874,cb9e6ac4-c863-412f-a28a-3366dc33af92,,appointment_reminder,outbound,Reminder: your BP check at Agege Primary Health Centre is tomorrow. Reply 1 to confirm or 2 to change the day.,en,delivered,2025-04-27 10:32:00
ab2ccf93-9398-4a0b-80f1-4a5a862f4985,1e5e8eb7-4634-45aa-b6f4-85e8e46bf874,aed4aff0-5bca-4e26-ac6f-da67455cfecd,,appointment_reminder,outbound,Reminder: your BP check at Agege Primary Health Centre is tomorrow. Reply 1 to confirm or 2 to change the day.,en,delivered,2025-05-23 10:42:00
bd32e128-9439-4b68-a843-50104bee45a2,1e5e8eb7-4634-45aa-b6f4-85e8e46bf874,aed4aff0-5bca-4e26-ac6f-da67455cfecd,,sms,inbound,"I no fit cme tomorow, abeg shift am",pcm,delivered,2025-05-23 13:27:00
9540005b-ae49-4f7c-b5b0-d11f1525e3f2,1e5e8eb7-4634-45aa-b6f4-85e8e46bf874,25cd468b-683b-4557-9d41-a0ddcde9d9be,,appointment_reminder,outbound,Reminder: your BP check at Agege Primary Health Centre is tomorrow. Reply 1 to confirm or 2 to change the day.,en,delivered,2025-06-19 10:45:00
c89f5960-07c0-487b-8732-290b48ef1c21,1e5e8eb7-4634-45aa-b6f4-85e8e46bf874,e97100b4-2abf-4101-88bb-1351f4379d4a,,appointment_reminder,outbound,Reminder: your BP check at Agege Primary Health Centre is tomorrow. Reply 1 to confirm or 2 to change the day.,en,delivered,2025-07-17 09:35:00
d2e59140-a6ca-4039-9f6c-a2e332397dff,1e5e8eb7-4634-45aa-b6f4-85e8e46bf874,e97100b4-2abf-4101-88bb-1351f4379d4a,,sms,inbound,what time does the clinc open,en,delivered,2025-07-17 13:27:00
7f560a1e-7d92-47c1-981f-6a96da1884cd,1e5e8eb7-4634-45aa-b6f4-85e8e46bf874,e97100b4-2abf-4101-88bb-1351f4379d4a,,missed_visit_sms_reminder,outbound,You missed your BP visit at Agege Primary Health Centre. Please come this week. Reply 2 if you need another day.,en,delivered,2025-07-21 09:05:00
3df61203-fcba-4c33-ac4b-0f10be4a8855,1e5e8eb7-4634-45aa-b6f4-85e8e46bf874,1d55627f-31da-45da-968c-0a4eb8170d9f,,appointment_reminder,outbound,Reminder: your BP check at Agege Primary Health Centre is tomorrow. Reply 1 to confirm or 2 to change the day.,en,delivered,2025-09-01 09:33:00
3bc143d0-543f-4f45-b2aa-c04d14a5b37f,1e5e8eb7-4634-45aa-b6f4-85e8e46bf874,82269e5a-5d6b-4456-b82b-580ca319efc0,,appointment_reminder,outbound,Reminder: your BP check at Agege Primary Health Centre is tomorrow. Reply 1 to confirm or 2 to change the day.,en,delivered,2025-10-02 10:59:00
3ece9c0e-e89c-4309-9362-02ab8b060c11,1e5e8eb7-4634-45aa-b6f4-85e8e46bf874,82269e5a-5d6b-4456-b82b-580ca319efc0,,missed_visit_sms_reminder,outbound,You missed your BP visit at Agege Primary Health Centre. Please come this week. Reply 2 if you need another day.,en,delivered,2025-10-06 10:30:00
0cab3055-bc3e-4c81-b9ca-bee3a6a86323,1e5e8eb7-4634-45aa-b6f4-85e8e46bf874,82269e5a-5d6b-4456-b82b-580ca319efc0,,voip_call,outbound,,,completed,2025-10-16 12:10:00
a12cd718-9ca8-4acb-a31c-59f8cad51f55,1e5e8eb7-4634-45aa-b6f4-85e8e46bf874,5fbc82b9-9e19-4526-bab3-656228db44b5,,appointment_reminder,outbound,Reminder: your BP check at Agege Primary Health Centre is tomorrow. Reply 1 to confirm or 2 to change the day.,en,delivered,2025-12-16 10:07:00
2ddc075f-38b0-47e8-a570-e29d9d2f1ac3,1e5e8eb7-4634-45aa-b6f4-85e8e46bf874,5fbc82b9-9e19-4526-bab3-656228db44b5,,sms,inbound,Abeg,pcm,delivered,2025-12-16 18:58:00
63dcfd89-44d2-4912-98ec-0f302685439e,1e5e8eb7-4634-45aa-b6f4-85e8e46bf874,5fbc82b9-9e19-4526-bab3-656228db44b5,,missed_visit_sms_reminder,outbound,You missed your BP visit at Agege Primary Health Centre. Please come this week. Reply 2 if you need another day.,en,delivered,2025-12-20 09:04:00
8f788d4a-f6d6-4b27-9f57-11358b43dad3,1e5e8eb7-4634-45aa-b6f4-85e8e46bf874,5fbc82b9-9e19-4526-bab3-656228db44b5,,sms,inbound,cant make it tomorrow,en,delivered,2025-12-20 17:35:00
e82f9f00-79fc-4748-bd86-5ae87befee1e,1e5e8eb7-4634-45aa-b6f4-85e8e46bf874,8eaa1e5b-f638-45f9-b122-5b849aedb35a,,appointment_reminder,outbound,Reminder: your BP check at Agege Primary Health Centre is tomorrow. Reply 1 to confirm or 2 to change the day.,en,delivered,2026-02-26 09:00:00
0eebea87-7d35-455b-96b6-7f251c7ff63a,1e5e8eb7-4634-45aa-b6f4-85e8e46bf874,8eaa1e5b-f638-45f9-b122-5b849aedb35a,,missed_visit_sms_reminder,outbound,You missed your BP visit at Agege Primary Health Centre. Please come this week. Reply 2 if you need another day.,en,delivered,2026-03-02 10:22:00
e34d4f77-69fb-4efa-acce-85c9f17de752,1e5e8eb7-4634-45aa-b6f4-85e8e46bf874,8eaa1e5b-f638-45f9-b122-5b849aedb35a,,voip_call,outbound,,,completed,2026-03-12 15:03:00
7c2f1b71-6b4c-4909-a438-e6e8c3e0e389,1e5e8eb7-4634-45aa-b6f4-85e8e46bf874,1b2d1349-f42f-4439-9488-e339bc738a73,,appointment_reminder,outbound,Reminder: your BP check at Agege Primary Health Centre is tomorrow. Reply 1 to confirm or 2 to change the day.,en,sent,2026-05-18 09:46:00
5431feb4-0a6b-4351-9e6e-5bade505fe61,1e5e8eb7-4634-45aa-b6f4-85e8e46bf874,402802c1-0018-47bb-8095-c93f13d8ab32,,appointment_reminder,outbound,Reminder: your BP check at Agege Primary Health Centre is tomorrow. Reply 1 to confirm or 2 to change the day.,en,delivered,2026-07-16 09:09:00
65d64be8-f4f0-4fdd-b320-47fa0610a488,1e5e8eb7-4634-45aa-b6f4-85e8e46bf874,402802c1-0018-47bb-8095-c93f13d8ab32,,sms,inbound,"O da, ma wa lola",yo,delivered,2026-07-16 17:13:00
24658b42-218c-40de-a5c1-d15e56412383,1e5e8eb7-4634-45aa-b6f4-85e8e46bf874,47b2f7a2-4870-4a2b-a7a2-f9eefacf22f5,,appointment_reminder,outbound,Reminder: your BP check at Agege Primary Health Centre is tomorrow. Reply 1 to confirm or 2 to change the day.,en,delivered,2026-09-07 09:47:00
89cea036-0eb9-4920-9ed4-443e00765cd1,c41ed6d9-2ef8-4145-9a4b-4cb4be708c20,4f2d3150-e1b7-45ed-86f5-4fbde7d96695,,voip_call,outbound,,,completed,2024-11-25 15:23:00
136baa87-c761-4053-985d-4573eba2ddef,c41ed6d9-2ef8-4145-9a4b-4cb4be708c20,76ae40d8-682b-4e7f-94a7-8e74a6c63a7f,,voip_call,outbound,,,completed,2025-05-14 11:10:00
d0c1093e-88cf-4161-bfc6-18fd6fee07a7,c41ed6d9-2ef8-4145-9a4b-4cb4be708c20,30d4efd2-57f9-48c7-b2ae-8f282fffe658,,voip_call,outbound,,,completed,2025-11-22 14:23:00
f468f5f4-851f-48ea-972c-21449ff2eda9,d3ecde19-b99c-4bac-9b46-fd839ff3c4d1,a0f0ec35-f775-4e1a-bd22-891b10f70d48,,appointment_reminder,outbound,Reminder: your BP check at Abeokuta South Comprehensive HC is tomorrow. Reply 1 to confirm or 2 to change the day.,en,delivered,2025-05-04 09:27:00
30213d90-ee0a-47c8-b83f-1e1da8d3e7b8,d3ecde19-b99c-4bac-9b46-fd839ff3c4d1,a0f0ec35-f775-4e1a-bd22-891b10f70d48,,missed_visit_sms_reminder,outbound,You missed your BP visit at Abeokuta South Comprehensive HC. Please come this week. Reply 2 if you need another day.,en,delivered,2025-05-08 09:53:00
387b73ef-70e7-4e4d-b362-c5e2a63df4a4,d3ecde19-b99c-4bac-9b46-fd839ff3c4d1,a0f0ec35-f775-4e1a-bd22-891b10f70d48,,sms,inbound,"Na gode, zan zo gobe",ha,delivered,2025-05-08 16:13:00
3a85f8c5-3ebe-437c-b06c-362a306fcba8,d3ecde19-b99c-4bac-9b46-fd839ff3c4d1,a0f0ec35-f775-4e1a-bd22-891b10f70d48,,voip_call,outbound,,,completed,2025-05-10 16:26:00
3d6a1f7c-9885-4916-9cbd-f816e679079d,d3ecde19-b99c-4bac-9b46-fd839ff3c4d1,c4091e81-8dba-40fd-aa4d-87cdd0139939,,appointment_reminder,outbound,Reminder: your BP check at Abeokuta South Comprehensive HC is tomorrow. Reply 1 to confirm or 2 to change the day.,en,delivered,2025-06-16 10:15:00
63b784d7-93b0-44fb-a6c2-3bfedd1333f0,d3ecde19-b99c-4bac-9b46-fd839ff3c4d1,c4091e81-8dba-40fd-aa4d-87cdd0139939,,sms,inbound,Cant make it tomorrow,en,delivered,2025-06-16 16:28:00
11621ed3-3e1b-4755-a7e5-77d278395d9e,d3ecde19-b99c-4bac-9b46-fd839ff3c4d1,32bd089f-8bd6-489d-b15c-2d706aef7df1,,appointment_reminder,outbound,Reminder: your BP check at Abeokuta South Comprehensive HC is tomorrow. Reply 1 to confirm or 2 to change the day.,en,delivered,2025-07-19 10:57:00
16b1d101-a08a-4da4-8c90-fdbc201462c4,d3ecde19-b99c-4bac-9b46-fd839ff3c4d1,32bd089f-8bd6-489d-b15c-2d706aef7df1,,sms,inbound,I no know this person o,pcm,delivered,2025-07-19 17:31:00
04bc7aaf-e36a-46e9-96b3-b7fc311f96cc,d3ecde19-b99c-4bac-9b46-fd839ff3c4d1,32bd089f-8bd6-489d-b15c-2d706aef7df1,,missed_visit_sms_reminder,outbound,You missed your BP visit at Abeokuta South Comprehensive HC. Please come this week. Reply 2 if you need another day.,en,delivered,2025-07-23 09:14:00
267897cd-fb83-4594-8da4-b7c27d4e8a1e,d3ecde19-b99c-4bac-9b46-fd839ff3c4d1,d2148b3b-6d4a-4d8f-b067-8d9ed41d8a41,,appointment_reminder,outbound,Reminder: your BP check at Abeokuta South Comprehensive HC is tomorrow. Reply 1 to confirm or 2 to change the day.,en,failed,2025-09-11 09:46:00
528e7239-b8e4-45ac-a590-53992ea6f99e,d3ecde19-b99c-4bac-9b46-fd839ff3c4d1,774b14a0-4813-4192-b2fa-91d8c78c4a0f,,appointment_reminder,outbound,Reminder: your BP check at Abeokuta South Comprehensive HC is tomorrow. Reply 1 to confirm or 2 to change the day.,en,sent,2025-10-07 10:39:00
62ad69e9-a448-486a-a2d2-1053cdca884d,d3ecde19-b99c-4bac-9b46-fd839ff3c4d1,04b08846-5b02-4871-8915-fcccf6cc6100,,appointment_reminder,outbound,Reminder: your BP check at Abeokuta South Comprehensive HC is tomorrow. Reply 1 to confirm or 2 to change the day.,en,delivered,2025-11-04 10:33:00
d37c6c92-b4a6-47a4-b5d3-a1a15289446a,d3ecde19-b99c-4bac-9b46-fd839ff3c4d1,a5d68c85-97b4-4dd0-aeae-f798ccf93bb1,,appointment_reminder,outbound,Reminder: your BP check at Abeokuta South Comprehensive HC is tomorrow. Reply 1 to confirm or 2 to change the day.,en,delivered,2025-11-22 10:23:00
7aad8034-4ea7-46df-8845-c5e16999a219,d3ecde19-b99c-4bac-9b46-fd839ff3c4d1,09a32f8b-7eb4-4373-8e49-2d035a224462,,appointment_reminder,outbound,Reminder: your BP check at Abeokuta South Comprehensive HC is tomorrow. Reply 1 to confirm or 2 to change the day.,en,delivered,2025-12-22 09:53:00
4d43f564-dfc4-4086-b5fc-70726b114605,d3ecde19-b99c-4bac-9b46-fd839ff3c4d1,12bd7867-8835-45df-84ff-5af863f2cd43,,appointment_reminder,outbound,Reminder: your BP check at Abeokuta South Comprehensive HC is tomorrow. Reply 1 to confirm or 2 to change the day.,en,sent,2026-01-16 09:19:00
4dd13588-1ee9-4d72-9a28-ae63840891ac,d3ecde19-b99c-4bac-9b46-fd839ff3c4d1,e7823da0-4af3-4dcf-8f3d-487ecf85aeb5,,appointment_reminder,outbound,Reminder: your BP check at Abeokuta South Comprehensive HC is tomorrow. Reply 1 to confirm or 2 to change the day.,en,delivered,2026-01-27 09:08:00
3a23909c-48b4-44e6-9078-aa6f1740f082,d3ecde19-b99c-4bac-9b46-fd839ff3c4d1,e7823da0-4af3-4dcf-8f3d-487ecf85aeb5,,sms,inbound,Thanks be to God,en,delivered,2026-01-27 13:03:00
f7649192-58d5-4300-b40c-2480051f34fa,d3ecde19-b99c-4bac-9b46-fd839ff3c4d1,d326ebc7-8954-4139-b662-bddf0e913827,,appointment_reminder,outbound,Reminder: your BP check at Abeokuta South Comprehensive HC is tomorrow. Reply 1 to confirm or 2 to change the day.,en,delivered,2026-02-23 10:23:00
06c48934-749f-42ab-9f1c-2480946302a5,d3ecde19-b99c-4bac-9b46-fd839ff3c4d1,34a8e1bf-cdc9-4217-8740-e6b4b19b65ee,,appointment_reminder,outbound,Reminder: your BP check at Abeokuta South Comprehensive HC is tomorrow. Reply 1 to confirm or 2 to change the day.,en,failed,2026-03-21 09:02:00
69dee5fe-5efd-4fb2-93fd-5ca5c4e3f4cd,d3ecde19-b99c-4bac-9b46-fd839ff3c4d1,d15ac363-8625-479f-a7e0-6c24786778d9,,appointment_reminder,outbound,Reminder: your BP check at Abeokuta South Comprehensive HC is tomorrow. Reply 1 to confirm or 2 to change the day.,en,delivered,2026-04-20 09:27:00
e2d11f18-96c4-45d1-a0d6-ff9c0bc3f297,d3ecde19-b99c-4bac-9b46-fd839ff3c4d1,d15ac363-8625-479f-a7e0-6c24786778d9,,sms,inbound,Can I stop the tablets? I feel fine now,en,delivered,2026-04-20 15:32:00
b2acbf21-8663-4745-a407-5ab532a8164e,d3ecde19-b99c-4bac-9b46-fd839ff3c4d1,40e76f5a-6ee5-4ea8-9a27-37b4a107efdc,,appointment_reminder,outbound,Reminder: your BP check at Abeokuta South Comprehensive HC is tomorrow. Reply 1 to confirm or 2 to change the day.,en,delivered,2026-07-13 10:39:00
0278b241-41b2-47b2-a628-221afd39b431,d3ecde19-b99c-4bac-9b46-fd839ff3c4d1,40e76f5a-6ee5-4ea8-9a27-37b4a107efdc,,missed_visit_sms_reminder,outbound,You missed your BP visit at Abeokuta South Comprehensive HC. Please come this week. Reply 2 if you need another day.,en,delivered,2026-07-17 10:28:00
8bfae025-6474-4eb3-8ee9-c9dba4246c48,d3ecde19-b99c-4bac-9b46-fd839ff3c4d1,40e76f5a-6ee5-4ea8-9a27-37b4a107efdc,,voip_call,outbound,,,completed,2026-07-29 10:03:00
839f2f90-d14f-423b-aab4-a8c9cd3b7a6e,d3ecde19-b99c-4bac-9b46-fd839ff3c4d1,c6a400eb-f81a-4669-b3d0-6f2eafb8d862,,appointment_reminder,outbound,Reminder: your BP check at Abeokuta South Comprehensive HC is tomorrow. Reply 1 to confirm or 2 to change the day.,en,delivered,2026-09-01 10:40:00
b0383aeb-5718-4872-b81c-d52505106b87,d3ecde19-b99c-4bac-9b46-fd839ff3c4d1,c6a400eb-f81a-4669-b3d0-6f2eafb8d862,,sms,inbound,2,en,delivered,2026-09-01 17:20:00
a995f36b-98b6-4a50-b975-9caf95899062,527d222b-38da-414b-8a6c-1ed55750cab3,b944bb20-de3e-4a24-a893-83078f20a2c4,,appointment_reminder,outbound,Reminder: your BP check at Ikorodu General Hospital is tomorrow. Reply 1 to confirm or 2 to change the day.,en,delivered,2025-03-19 10:33:00
710eb9e0-92fa-4161-824a-6c7da4b9c860,527d222b-38da-414b-8a6c-1ed55750cab3,b944bb20-de3e-4a24-a893-83078f20a2c4,,sms,inbound,Wace rana zan zo?,ha,delivered,2025-03-19 13:48:00
4e39d139-bc3b-435e-8903-65676c5fb3ce,527d222b-38da-414b-8a6c-1ed55750cab3,76f9f320-f40a-4d44-8858-68633b948b71,,appointment_reminder,outbound,Reminder: your BP check at Ikorodu General Hospital is tomorrow. Reply 1 to confirm or 2 to change the day.,en,delivered,2025-04-13 09:52:00
907211fe-3844-4ddd-b817-c9fb5d817c77,527d222b-38da-414b-8a6c-1ed55750cab3,76edc7c9-0092-43ed-a386-3cbfef4e4c74,,appointment_reminder,outbound,Reminder: your BP check at Ikorodu General Hospital is tomorrow. Reply 1 to confirm or 2 to change the day.,en,delivered,2025-06-06 09:21:00
66ec67f5-59ba-437e-a297-12af202d15c7,527d222b-38da-414b-8a6c-1ed55750cab3,946d6f9a-f180-42e1-a359-a72d9963c346,,appointment_reminder,outbound,Reminder: your BP check at Ikorodu General Hospital is tomorrow. Reply 1 to confirm or 2 to change the day.,en,delivered,2025-07-30 10:55:00
fe2d9e5a-daaf-4e2a-bc76-b53c709accdc,527d222b-38da-414b-8a6c-1ed55750cab3,946d6f9a-f180-42e1-a359-a72d9963c346,,sms,inbound,Ok ok ok pls,en,delivered,2025-07-30 15:31:00
aeaa400e-2b51-4d5c-8c3a-e5bc5a90275b,527d222b-38da-414b-8a6c-1ed55750cab3,946d6f9a-f180-42e1-a359-a72d9963c346,,missed_visit_sms_reminder,outbound,You missed your BP visit at Ikorodu General Hospital. Please come this week. Reply 2 if you need another day.,en,delivered,2025-08-03 09:55:00
1dec0bb7-4c8e-4dd0-b4f3-ac1206967412,527d222b-38da-414b-8a6c-1ed55750cab3,946d6f9a-f180-42e1-a359-a72d9963c346,,sms,inbound,1,en,delivered,2025-08-03 15:00:00
d0cd6fde-f5f5-4dfb-9ca1-d26f29d889cb,527d222b-38da-414b-8a6c-1ed55750cab3,aab7d61f-943e-4aa2-9a40-3be17c4a828d,,appointment_reminder,outbound,Reminder: your BP check at Ikorodu General Hospital is tomorrow. Reply 1 to confirm or 2 to change the day.,en,delivered,2025-10-16 09:14:00
65d86199-aa33-4730-b8d7-7faf768dc8cc,527d222b-38da-414b-8a6c-1ed55750cab3,aab7d61f-943e-4aa2-9a40-3be17c4a828d,,sms,inbound,wetin time clinic dey open?,pcm,delivered,2025-10-16 11:06:00
dccc1c59-9fb8-46f7-949e-60a2815cace7,527d222b-38da-414b-8a6c-1ed55750cab3,b383bc0d-d0ce-43ae-9ea3-46ddef7cb2c1,,appointment_reminder,outbound,Reminder: your BP check at Ikorodu General Hospital is tomorrow. Reply 1 to confirm or 2 to change the day.,en,delivered,2026-01-07 09:18:00
b8e373a6-7936-48cd-a2dd-f56279ee98cf,527d222b-38da-414b-8a6c-1ed55750cab3,799e1bc7-7748-458a-904f-abc8419e1a3b,,appointment_reminder,outbound,Reminder: your BP check at Ikorodu General Hospital is tomorrow. Reply 1 to confirm or 2 to change the day.,en,delivered,2026-03-07 10:51:00
b735e4be-9a3c-4574-ace4-450de9917561,527d222b-38da-414b-8a6c-1ed55750cab3,18fb9c2c-6cf1-4d15-88d1-45c67059da71,,appointment_reminder,outbound,Reminder: your BP check at Ikorodu General Hospital is tomorrow. Reply 1 to confirm or 2 to change the day.,en,delivered,2026-05-28 09:24:00
3aa0874d-c6c3-49e1-8c2e-081cfa9a0c01,527d222b-38da-414b-8a6c-1ed55750cab3,18fb9c2c-6cf1-4d15-88d1-45c67059da71,,sms,inbound,Mo ma wa,yo,delivered,2026-05-28 17:52:00
e2f2c2b6-9e47-4278-8f56-a021bfb79f1d,527d222b-38da-414b-8a6c-1ed55750cab3,073ccafd-d1a1-4bcc-957f-6cef78138ee7,,appointment_reminder,outbound,Reminder: your BP check at Ikorodu General Hospital is tomorrow. Reply 1 to confirm or 2 to change the day.,en,delivered,2026-07-24 09:35:00
630854ea-a454-4b92-8eb0-beb461404aa0,757553a4-2731-4b0f-b3c8-a79e1d93e0c8,9faad8b8-4ef0-4904-9487-4cca2a502e86,,appointment_reminder,outbound,Reminder: your BP check at Ikorodu General Hospital is tomorrow. Reply 1 to confirm or 2 to change the day.,en,delivered,2025-10-30 09:23:00
71067bce-1e3b-4a23-9f9c-d800db31d28e,757553a4-2731-4b0f-b3c8-a79e1d93e0c8,5f351841-59b1-4ef6-a25a-90263fc07b97,,appointment_reminder,outbound,Reminder: your BP check at Ikorodu General Hospital is tomorrow. Reply 1 to confirm or 2 to change the day.,en,delivered,2025-11-29 09:58:00
78d195da-5fe3-4592-a962-2b9b23add0a7,757553a4-2731-4b0f-b3c8-a79e1d93e0c8,8075c897-31a1-4bc1-b034-abd5a5cc7254,,appointment_reminder,outbound,Reminder: your BP check at Ikorodu General Hospital is tomorrow. Reply 1 to confirm or 2 to change the day.,en,delivered,2025-12-27 10:36:00
4afc6152-2224-4f0f-8099-2113292d6d3b,757553a4-2731-4b0f-b3c8-a79e1d93e0c8,c91ca72c-39fc-43f6-9a80-c17b36e40e83,,appointment_reminder,outbound,Reminder: your BP check at Ikorodu General Hospital is tomorrow. Reply 1 to confirm or 2 to change the day.,en,delivered,2026-01-23 09:06:00
84e2134a-07c1-4097-a68b-45bae6eaffb5,757553a4-2731-4b0f-b3c8-a79e1d93e0c8,22462562-1e5a-455f-9b0d-ff6780b5457e,,appointment_reminder,outbound,Reminder: your BP check at Ikorodu General Hospital is tomorrow. Reply 1 to confirm or 2 to change the day.,en,delivered,2026-02-18 10:40:00
5e9851ca-3f72-406b-9c1b-7b2d01880b13,757553a4-2731-4b0f-b3c8-a79e1d93e0c8,22462562-1e5a-455f-9b0d-ff6780b5457e,,sms,inbound,"Ba zan iya zuwa gobe ba, mako mai zuwa",ha,delivered,2026-02-18 12:40:00
c9b1651c-3846-4038-870b-b5300dd74c61,757553a4-2731-4b0f-b3c8-a79e1d93e0c8,df1cc172-0af6-49c6-8993-eb49a8c4e91f,,appointment_reminder,outbound,Reminder: your BP check at Ikorodu General Hospital is tomorrow. Reply 1 to confirm or 2 to change the day.,en,delivered,2026-04-12 09:29:00
d923f1fe-0b87-42b3-af2f-3e64303b4683,757553a4-2731-4b0f-b3c8-a79e1d93e0c8,df1cc172-0af6-49c6-8993-eb49a8c4e91f,,sms,inbound,"No wahala, I go show",pcm,delivered,2026-04-12 12:48:00
177bd0e4-9d1a-48d3-8b43-af3da4f29bf2,757553a4-2731-4b0f-b3c8-a79e1d93e0c8,cdd99549-8780-4085-b33a-5649d994c4fd,,appointment_reminder,outbound,Reminder: your BP check at Ikorodu General Hospital is tomorrow. Reply 1 to confirm or 2 to change the day.,en,delivered,2026-07-05 09:26:00
00700eef-312c-4a34-b773-99745df1a568,757553a4-2731-4b0f-b3c8-a79e1d93e0c8,cdd99549-8780-4085-b33a-5649d994c4fd,,missed_visit_sms_reminder,outbound,You missed your BP visit at Ikorodu General Hospital. Please come this week. Reply 2 if you need another day.,en,delivered,2026-07-09 09:01:00
84143439-e698-40c0-84cb-28ff627b3e90,757553a4-2731-4b0f-b3c8-a79e1d93e0c8,cdd99549-8780-4085-b33a-5649d994c4fd,,sms,inbound,ojo wo ni ki n wa?,yo,delivered,2026-07-09 16:19:00
d8c5be19-d625-4ec1-812b-dd8e54101544,252948c4-54fb-4845-80ba-4143bf002c23,e0cf9f49-abfb-4d42-ad52-0bb032c13311,,appointment_reminder,outbound,Reminder: your BP check at Ikorodu General Hospital is tomorrow. Reply 1 to confirm or 2 to change the day.,en,delivered,2025-09-20 09:24:00
c2578f58-c75d-44cb-9302-820cb3d2c63d,252948c4-54fb-4845-80ba-4143bf002c23,165bafef-14ee-453c-85ff-36ca8a0d4883,,appointment_reminder,outbound,Reminder: your BP check at Ikorodu General Hospital is tomorrow. Reply 1 to confirm or 2 to change the day.,en,delivered,2025-10-20 09:06:00
97d7809d-916b-489c-baae-87bae47a8bb0,252948c4-54fb-4845-80ba-4143bf002c23,165bafef-14ee-453c-85ff-36ca8a0d4883,,sms,inbound,STOP,en,delivered,2025-10-20 15:15:00
38c8be4b-213e-4ed6-80ee-9d920bf47885,252948c4-54fb-4845-80ba-4143bf002c23,88733a5e-9425-46c3-9cb1-691ebc8509f8,,voip_call,outbound,,,completed,2025-12-05 12:00:00
3a36c680-8a46-4bd8-84a8-9627219bfef8,252948c4-54fb-4845-80ba-4143bf002c23,7bc4e7c6-6300-4f91-b28d-8417912792ef,,voip_call,outbound,,,completed,2026-01-15 12:46:00
d4f51663-ad7c-4a42-b78e-cef3fb50a7a3,d93b1964-1bef-4d06-8d3d-10a88a385a7a,17cd2634-bdab-4fe3-8b5e-a05ea40218a9,,appointment_reminder,outbound,Reminder: your BP check at Ijebu Ode Primary Health Centre is tomorrow. Reply 1 to confirm or 2 to change the day.,en,delivered,2026-04-20 10:57:00
fa6381e7-1846-4962-893b-7ca50d34ce3a,d93b1964-1bef-4d06-8d3d-10a88a385a7a,2b12b173-2926-45a3-93ef-8ca35b17d06b,,appointment_reminder,outbound,Reminder: your BP check at Ijebu Ode Primary Health Centre is tomorrow. Reply 1 to confirm or 2 to change the day.,en,delivered,2026-05-22 09:38:00
f9f9f983-541b-4121-a6fa-f2f7111dda07,d93b1964-1bef-4d06-8d3d-10a88a385a7a,2b12b173-2926-45a3-93ef-8ca35b17d06b,,sms,inbound,is saturday possible?,en,delivered,2026-05-22 15:08:00
96bcc1e2-c5ad-4904-9925-1df5a74a151f,d93b1964-1bef-4d06-8d3d-10a88a385a7a,57ed6f6e-9fc0-4787-ad0a-c82a3ff4baa7,,appointment_reminder,outbound,Reminder: your BP check at Ijebu Ode Primary Health Centre is tomorrow. Reply 1 to confirm or 2 to change the day.,en,sent,2026-06-21 10:26:00
488fe08f-7f3a-4f2c-a52f-74fc470b69e9,d93b1964-1bef-4d06-8d3d-10a88a385a7a,c2d1e602-1228-4490-9bdd-b98260b1f5b0,,appointment_reminder,outbound,Reminder: your BP check at Ijebu Ode Primary Health Centre is tomorrow. Reply 1 to confirm or 2 to change the day.,en,delivered,2026-07-19 09:36:00
736b9cc7-1a4a-447f-a4cc-d270ea4c91df,d93b1964-1bef-4d06-8d3d-10a88a385a7a,c2d1e602-1228-4490-9bdd-b98260b1f5b0,,sms,inbound,"No wahala, I go show",pcm,delivered,2026-07-19 11:02:00
6fe07174-75f4-4989-baed-9cf8928d968c,d93b1964-1bef-4d06-8d3d-10a88a385a7a,27c93c02-8d77-4a63-8e40-64459bfb8504,,appointment_reminder,outbound,Reminder: your BP check at Ijebu Ode Primary Health Centre is tomorrow. Reply 1 to confirm or 2 to change the day.,en,delivered,2026-08-16 09:23:00
a206a9b6-3dd5-4f10-ab37-fc7e5fea8d85,d93b1964-1bef-4d06-8d3d-10a88a385a7a,27c93c02-8d77-4a63-8e40-64459bfb8504,,sms,inbound,My leg is swelling since I started the medicine,en,delivered,2026-08-16 13:11:00
6c39b41e-bb11-47dc-a2fe-c15c81928ee1,d93b1964-1bef-4d06-8d3d-10a88a385a7a,78f07ede-6737-49ed-911b-bc5107529793,,appointment_reminder,outbound,Reminder: your BP check at Ijebu Ode Primary Health Centre is tomorrow. Reply 1 to confirm or 2 to change the day.,en,delivered,2026-09-15 09:12:00
4a840aed-f418-427c-8849-70706281ce5c,db3ec6ae-50b4-452b-8976-327ef4f26430,6ce1f62d-f889-41f7-9203-1ffacebb3650,,appointment_reminder,outbound,Reminder: your BP check at Ijebu Ode Primary Health Centre is tomorrow. Reply 1 to confirm or 2 to change the day.,en,failed,2024-10-21 09:12:00
6e9f99d8-70ce-4bde-ab78-306fe321168b,db3ec6ae-50b4-452b-8976-327ef4f26430,4c751474-4d36-4441-8824-c6fd10daaee2,,appointment_reminder,outbound,Reminder: your BP check at Ijebu Ode Primary Health Centre is tomorrow. Reply 1 to confirm or 2 to change the day.,en,delivered,2024-11-18 10:24:00
2313600a-341b-465c-8838-42e6f4ba0c46,db3ec6ae-50b4-452b-8976-327ef4f26430,4d21dbe7-2f3c-4242-a207-d2792fb93a11,,appointment_reminder,outbound,Reminder: your BP check at Ijebu Ode Primary Health Centre is tomorrow. Reply 1 to confirm or 2 to change the day.,en,delivered,2024-12-16 10:16:00
ac1b4162-1489-41bf-a531-b6f83be99417,db3ec6ae-50b4-452b-8976-327ef4f26430,eb968484-2b50-4ac3-bf49-e08cd91255da,,appointment_reminder,outbound,Reminder: your BP check at Ijebu Ode Primary Health Centre is tomorrow. Reply 1 to confirm or 2 to change the day.,en,delivered,2025-01-15 09:45:00
91c7f959-704e-4064-a23a-cba9f0abfbd1,db3ec6ae-50b4-452b-8976-327ef4f26430,eb968484-2b50-4ac3-bf49-e08cd91255da,,sms,inbound,1,en,delivered,2025-01-15 10:46:00
0615cfc0-cfd2-47b6-a767-e56b38731f6c,db3ec6ae-50b4-452b-8976-327ef4f26430,6eddac78-efa2-4beb-b40c-ed71441d8f68,,appointment_reminder,outbound,Reminder: your BP check at Ijebu Ode Primary Health Centre is tomorrow. Reply 1 to confirm or 2 to change the day.,en,delivered,2025-02-11 09:31:00
2bc18c35-a942-4f7d-8815-a2da84d96320,db3ec6ae-50b4-452b-8976-327ef4f26430,f67a915e-9780-43bd-a4e8-e4de786ee787,,appointment_reminder,outbound,Reminder: your BP check at Ijebu Ode Primary Health Centre is tomorrow. Reply 1 to confirm or 2 to change the day.,en,delivered,2025-03-13 10:41:00
621d980d-b6a8-4bff-8e36-0a7989551b43,db3ec6ae-50b4-452b-8976-327ef4f26430,f15ffe17-5f43-4ba2-89db-b16122bea858,,appointment_reminder,outbound,Reminder: your BP check at Ijebu Ode Primary Health Centre is tomorrow. Reply 1 to confirm or 2 to change the day.,en,delivered,2025-04-11 09:58:00
e45a9b6e-dc2c-4355-8d5d-983d72b88fe8,db3ec6ae-50b4-452b-8976-327ef4f26430,5c4292dd-0092-425d-8883-22e47ba137dd,,appointment_reminder,outbound,Reminder: your BP check at Ijebu Ode Primary Health Centre is tomorrow. Reply 1 to confirm or 2 to change the day.,en,sent,2025-04-28 10:55:00
fd2b7689-9b06-42a1-91f5-4869a823dbb2,db3ec6ae-50b4-452b-8976-327ef4f26430,f5c95db2-519d-4338-8710-2ec267b23f55,,appointment_reminder,outbound,Reminder: your BP check at Ijebu Ode Primary Health Centre is tomorrow. Reply 1 to confirm or 2 to change the day.,en,delivered,2025-05-22 09:38:00
2830efa9-dd8e-48f1-9472-d069b2648b2a,db3ec6ae-50b4-452b-8976-327ef4f26430,9fd89eae-6cc2-43c1-80a0-14448c394a05,,appointment_reminder,outbound,Reminder: your BP check at Ijebu Ode Primary Health Centre is tomorrow. Reply 1 to confirm or 2 to change the day.,en,delivered,2025-06-05 09:11:00
72384ea8-93f3-403b-a0dc-25e0338c56b8,db3ec6ae-50b4-452b-8976-327ef4f26430,10719cdc-bf45-48ba-8dfd-478e8a61418b,,appointment_reminder,outbound,Reminder: your BP check at Ijebu Ode Primary Health Centre is tomorrow. Reply 1 to confirm or 2 to change the day.,en,delivered,2025-07-02 10:01:00
3b38dbe8-4f13-447f-af47-1703ddfc20db,db3ec6ae-50b4-452b-8976-327ef4f26430,ea7e37bd-a541-4d53-87e2-b8a596568def,,appointment_reminder,outbound,Reminder: your BP check at Ijebu Ode Primary Health Centre is tomorrow. Reply 1 to confirm or 2 to change the day.,en,delivered,2025-09-26 10:50:00
e70f0661-ce2a-45a8-b29c-b96fa3e915ec,db3ec6ae-50b4-452b-8976-327ef4f26430,ea7e37bd-a541-4d53-87e2-b8a596568def,,missed_visit_sms_reminder,outbound,You missed your BP visit at Ijebu Ode Primary Health Centre. Please come this week. Reply 2 if you need another day.,en,delivered,2025-09-30 09:51:00
7a9fd13e-8dda-4dd9-8f91-59cefc293019,db3ec6ae-50b4-452b-8976-327ef4f26430,ea7e37bd-a541-4d53-87e2-b8a596568def,,sms,inbound,"na ok, i dey come",pcm,delivered,2025-09-30 14:28:00
2222fc00-1786-462b-9f25-58edbd14241c,db3ec6ae-50b4-452b-8976-327ef4f26430,ea7e37bd-a541-4d53-87e2-b8a596568def,,voip_call,outbound,,,completed,2025-10-15 09:05:00
e037cf1a-916a-4a51-acb9-717a06546b35,db3ec6ae-50b4-452b-8976-327ef4f26430,50e6dcf7-4985-4c42-a5a4-e25f082c91a5,,appointment_reminder,outbound,Reminder: your BP check at Ijebu Ode Primary Health Centre is tomorrow. Reply 1 to confirm or 2 to change the day.,en,delivered,2025-12-16 10:50:00
c14d7159-f115-49f4-85f6-288ff2d9d685,db3ec6ae-50b4-452b-8976-327ef4f26430,d15ddd2c-2e83-4207-bdd6-bac22045b843,,appointment_reminder,outbound,Reminder: your BP check at Ijebu Ode Primary Health Centre is tomorrow. Reply 1 to confirm or 2 to change the day.,en,sent,2026-01-13 09:09:00
b6693cad-dbd4-48f0-b01e-49185037980f,db3ec6ae-50b4-452b-8976-327ef4f26430,35b7efdc-1834-4028-9609-57dcd0eb72a0,,appointment_reminder,outbound,Reminder: your BP check at Ijebu Ode Primary Health Centre is tomorrow. Reply 1 to confirm or 2 to change the day.,en,failed,2026-02-06 09:43:00
bf2fb70d-b1bc-46ce-ba2e-05e24028f7c2,db3ec6ae-50b4-452b-8976-327ef4f26430,e211c823-1a34-4f51-9c49-cb62adf9e5cf,,appointment_reminder,outbound,Reminder: your BP check at Ijebu Ode Primary Health Centre is tomorrow. Reply 1 to confirm or 2 to change the day.,en,delivered,2026-04-05 09:11:00
8692c8ab-ee3f-459d-a65c-b3f9124805fb,db3ec6ae-50b4-452b-8976-327ef4f26430,e211c823-1a34-4f51-9c49-cb62adf9e5cf,,sms,inbound,Yes,en,delivered,2026-04-05 14:36:00
71f7e372-3f74-49c8-95dd-95b411ffc271,db3ec6ae-50b4-452b-8976-327ef4f26430,871bda65-d4cc-461b-b1cf-edd3f0a45f44,,appointment_reminder,outbound,Reminder: your BP check at Ijebu Ode Primary Health Centre is tomorrow. Reply 1 to confirm or 2 to change the day.,en,delivered,2026-05-31 10:33:00
c97acf19-77c8-4a29-97d0-c9f0bab23882,db3ec6ae-50b4-452b-8976-327ef4f26430,871bda65-d4cc-461b-b1cf-edd3f0a45f44,,sms,inbound,Yes,en,delivered,2026-05-31 13:07:00
0a928d46-0a8d-4208-a790-1e5f37f2ef27,db3ec6ae-50b4-452b-8976-327ef4f26430,e338a917-18af-4034-a0ad-1059461453f1,,appointment_reminder,outbound,Reminder: your BP check at Ijebu Ode Primary Health Centre is tomorrow. Reply 1 to confirm or 2 to change the day.,en,delivered,2026-07-01 09:22:00
1aa77fa4-d5f6-43a3-9c35-401da09d299c,db3ec6ae-50b4-452b-8976-327ef4f26430,e338a917-18af-4034-a0ad-1059461453f1,,missed_visit_sms_reminder,outbound,You missed your BP visit at Ijebu Ode Primary Health Centre. Please come this week. Reply 2 if you need another day.,en,delivered,2026-07-05 09:35:00
1b8b9258-67c8-4414-ba29-fd53f2548501,db3ec6ae-50b4-452b-8976-327ef4f26430,e338a917-18af-4034-a0ad-1059461453f1,,voip_call,outbound,,,completed,2026-07-09 09:02:00
0ac363c9-1fba-4863-92f2-4e062fbf0118,504efcf5-594b-45a1-b416-c32cad07070e,132abd6c-ac73-49b3-9aed-6a79285c7bee,,appointment_reminder,outbound,Reminder: your BP check at Ikorodu General Hospital is tomorrow. Reply 1 to confirm or 2 to change the day.,en,sent,2025-03-05 10:33:00
0fbc57c2-1aba-4e41-8081-2bfc0fa52310,504efcf5-594b-45a1-b416-c32cad07070e,ff40ca0b-69d4-43a2-b9e7-563f2df4abc5,,appointment_reminder,outbound,Reminder: your BP check at Ikorodu General Hospital is tomorrow. Reply 1 to confirm or 2 to change the day.,en,failed,2025-03-30 09:41:00
067a3fb2-edc7-4218-a410-8cdd12867dcf,504efcf5-594b-45a1-b416-c32cad07070e,65ff1a7d-b274-4961-99ff-3fe2a6996049,,appointment_reminder,outbound,Reminder: your BP check at Ikorodu General Hospital is tomorrow. Reply 1 to confirm or 2 to change the day.,en,delivered,2025-04-12 09:38:00
55b3d1a4-2412-4f69-9731-dfca42a16d86,504efcf5-594b-45a1-b416-c32cad07070e,2d23615f-c123-4c32-98c1-514a632025be,,appointment_reminder,outbound,Reminder: your BP check at Ikorodu General Hospital is tomorrow. Reply 1 to confirm or 2 to change the day.,en,delivered,2025-05-08 09:50:00
f306a576-7a48-406a-b394-98b3818d3ac4,504efcf5-594b-45a1-b416-c32cad07070e,2d23615f-c123-4c32-98c1-514a632025be,,sms,inbound,wannan lambar ba tawa ba,ha,delivered,2025-05-08 15:12:00
bde207f4-eff3-4c01-a866-3f4bbff1035d,504efcf5-594b-45a1-b416-c32cad07070e,e7eac74f-691c-4b4a-b992-6158917af0e7,,appointment_reminder,outbound,Reminder: your BP check at Ikorodu General Hospital is tomorrow. Reply 1 to confirm or 2 to change the day.,en,delivered,2025-06-04 10:17:00
10aaee98-7177-49aa-a5c0-6e017ee055e5,504efcf5-594b-45a1-b416-c32cad07070e,e7eac74f-691c-4b4a-b992-6158917af0e7,,missed_visit_sms_reminder,outbound,You missed your BP visit at Ikorodu General Hospital. Please come this week. Reply 2 if you need another day.,en,delivered,2025-06-08 09:46:00
45852a8e-76fe-4a56-acdd-378677fd3314,504efcf5-594b-45a1-b416-c32cad07070e,e7eac74f-691c-4b4a-b992-6158917af0e7,,sms,inbound,"to, zan zo",ha,delivered,2025-06-08 14:27:00
935483bb-93b3-4200-84ca-c888daf2be83,504efcf5-594b-45a1-b416-c32cad07070e,984fa107-f005-4872-b617-0284b8f9e894,,appointment_reminder,outbound,Reminder: your BP check at Ikorodu General Hospital is tomorrow. Reply 1 to confirm or 2 to change the day.,en,delivered,2025-08-06 09:36:00
ade3bc47-f146-4509-8a4c-35e70e0e0820,504efcf5-594b-45a1-b416-c32cad07070e,7ab3b801-8c2c-4d32-bd83-f8da8fef3498,,appointment_reminder,outbound,Reminder: your BP check at Ikorodu General Hospital is tomorrow. Reply 1 to confirm or 2 to change the day.,en,delivered,2025-10-02 10:17:00
628da968-53da-4755-92f5-e74ab499a6f1,504efcf5-594b-45a1-b416-c32cad07070e,3c4e752f-832c-4c2e-a3d7-d681b9d86c17,,appointment_reminder,outbound,Reminder: your BP check at Ikorodu General Hospital is tomorrow. Reply 1 to confirm or 2 to change the day.,en,delivered,2025-11-25 09:48:00
6a4f6821-e2dc-43db-bb10-3aa3f243bec4,504efcf5-594b-45a1-b416-c32cad07070e,3c4e752f-832c-4c2e-a3d7-d681b9d86c17,,sms,inbound,Ok I will come,en,delivered,2025-11-25 17:30:00
2f81b283-92b4-4390-adad-8ad4fc8cbd76,504efcf5-594b-45a1-b416-c32cad07070e,cd5e6ad4-8f40-42ad-8e74-aa4b8c4918eb,,appointment_reminder,outbound,Reminder: your BP check at Ikorodu General Hospital is tomorrow. Reply 1 to confirm or 2 to change the day.,en,sent,2025-12-20 09:13:00
5e962d65-b763-41e2-89c7-f665e34a0653,504efcf5-594b-45a1-b416-c32cad07070e,fe9de380-2cae-40a5-8e01-933e4f1e4874,,appointment_reminder,outbound,Reminder: your BP check at Ikorodu General Hospital is tomorrow. Reply 1 to confirm or 2 to change the day.,en,sent,2026-02-11 09:04:00
88a9e2f2-7260-4959-96da-82ec272c607e,504efcf5-594b-45a1-b416-c32cad07070e,ed47a707-e0dd-4fd0-abc7-661fac7da604,,appointment_reminder,outbound,Reminder: your BP check at Ikorodu General Hospital is tomorrow. Reply 1 to confirm or 2 to change the day.,en,delivered,2026-05-08 09:06:00
ea4ca444-0231-4d72-b20e-1cb38e3c0d68,504efcf5-594b-45a1-b416-c32cad07070e,fb19a816-c3dc-40e8-8312-85320c4be0db,,appointment_reminder,outbound,Reminder: your BP check at Ikorodu General Hospital is tomorrow. Reply 1 to confirm or 2 to change the day.,en,sent,2026-06-06 09:55:00
ee320d42-ada3-4157-ac11-074a28249e7c,504efcf5-594b-45a1-b416-c32cad07070e,f03da05a-208d-4ce1-8bf0-f61b8a8e9507,,appointment_reminder,outbound,Reminder: your BP check at Ikorodu General Hospital is tomorrow. Reply 1 to confirm or 2 to change the day.,en,delivered,2026-07-03 09:46:00
3a313442-3999-40d0-b4be-0753d958b39c,504efcf5-594b-45a1-b416-c32cad07070e,f03da05a-208d-4ce1-8bf0-f61b8a8e9507,,missed_visit_sms_reminder,outbound,You missed your BP visit at Ikorodu General Hospital. Please come this week. Reply 2 if you need another day.,en,delivered,2026-07-07 09:38:00
9e84f72c-a2ab-4b71-b602-e8fc80091859,504efcf5-594b-45a1-b416-c32cad07070e,f03da05a-208d-4ce1-8bf0-f61b8a8e9507,,sms,inbound,alright see you tomorrow,en,delivered,2026-07-07 18:07:00
19b1dda0-ae27-4ee3-9ea8-1a14ba6a7103,504efcf5-594b-45a1-b416-c32cad07070e,f03da05a-208d-4ce1-8bf0-f61b8a8e9507,,voip_call,outbound,,,completed,2026-07-20 13:18:00
5d841421-edcf-455e-96d7-94cb6b9fe163,1a219fdc-3060-49b5-9f18-38d511b86dcc,70af6c2e-68a5-413a-b19e-903654bf617f,,voip_call,outbound,,,completed,2026-05-28 09:25:00
7e0304f6-e5d8-4ef0-9162-d54bf68a76ef,1a219fdc-3060-49b5-9f18-38d511b86dcc,99993293-09b0-4f9c-9b79-74c242a85269,,voip_call,outbound,,,completed,2026-09-06 16:08:00
6b165f95-d61d-4c62-a8c0-31ff4f79e8a1,1c4d8ee7-0501-4f33-b817-e35437372adb,50904551-79b2-46de-901f-c1dd6d3b1e2c,,appointment_reminder,outbound,Reminder: your BP check at Ijebu Ode Primary Health Centre is tomorrow. Reply 1 to confirm or 2 to change the day.,en,delivered,2024-12-16 10:34:00
54d0e9ad-9de7-4cc8-b857-4f0905ff551c,1c4d8ee7-0501-4f33-b817-e35437372adb,50904551-79b2-46de-901f-c1dd6d3b1e2c,,missed_visit_sms_reminder,outbound,You missed your BP visit at Ijebu Ode Primary Health Centre. Please come this week. Reply 2 if you need another day.,en,sent,2024-12-20 10:16:00
be881b1c-96ec-448d-b50c-c0eeb4592f31,1c4d8ee7-0501-4f33-b817-e35437372adb,50904551-79b2-46de-901f-c1dd6d3b1e2c,,sms,inbound,"na ok, i dey come",pcm,delivered,2024-12-20 10:57:00
a6776b5b-d7c0-447b-81a0-ee2bdc5c7148,1c4d8ee7-0501-4f33-b817-e35437372adb,6a22906d-f1c2-4103-9f6e-8c9da9b9852c,,appointment_reminder,outbound,Reminder: your BP check at Ijebu Ode Primary Health Centre is tomorrow. Reply 1 to confirm or 2 to change the day.,en,delivered,2025-01-10 10:19:00
eb42ac74-7932-49f9-b320-92b948030134,1c4d8ee7-0501-4f33-b817-e35437372adb,6a22906d-f1c2-4103-9f6e-8c9da9b9852c,,missed_visit_sms_reminder,outbound,You missed your BP visit at Ijebu Ode Primary Health Centre. Please come this week. Reply 2 if you need another day.,en,failed,2025-01-14 09:31:00
d3a5ce80-34c8-4a11-9548-9a4ddde32bac,1c4d8ee7-0501-4f33-b817-e35437372adb,6a22906d-f1c2-4103-9f6e-8c9da9b9852c,,voip_call,outbound,,,completed,2025-01-17 12:39:00
a309d68f-f157-4b01-bc41-8408fd0ee3e4,9fd72fab-1466-40a5-995e-7dc88af79d5a,7ff4327b-a33b-4e8a-a2b3-05e89511332a,,appointment_reminder,outbound,Reminder: your BP check at Abeokuta South Comprehensive HC is tomorrow. Reply 1 to confirm or 2 to change the day.,en,delivered,2026-02-05 10:32:00
11719424-c6aa-4fe9-bc2b-ada0cbfc2224,9fd72fab-1466-40a5-995e-7dc88af79d5a,e7e8d6bf-d7a0-4dc8-b9e7-5c8183475205,,appointment_reminder,outbound,Reminder: your BP check at Abeokuta South Comprehensive HC is tomorrow. Reply 1 to confirm or 2 to change the day.,en,delivered,2026-03-04 09:59:00
1e460af6-31a4-4cf8-a143-d5f59b261b93,9fd72fab-1466-40a5-995e-7dc88af79d5a,e7e8d6bf-d7a0-4dc8-b9e7-5c8183475205,,sms,inbound,1,en,delivered,2026-03-04 19:40:00
604d554b-6085-44b6-96c6-a94c5e161cfb,9fd72fab-1466-40a5-995e-7dc88af79d5a,157a272f-a8dd-4ada-bf8a-fb492dda8e82,,appointment_reminder,outbound,Reminder: your BP check at Abeokuta South Comprehensive HC is tomorrow. Reply 1 to confirm or 2 to change the day.,en,delivered,2026-04-28 09:40:00
47c22d0a-2ccb-476d-9f1c-99b3a49e7b5a,9fd72fab-1466-40a5-995e-7dc88af79d5a,d2b05fea-6e1d-4699-9635-8ffbe1c14cad,,appointment_reminder,outbound,Reminder: your BP check at Abeokuta South Comprehensive HC is tomorrow. Reply 1 to confirm or 2 to change the day.,en,delivered,2026-06-25 09:04:00
7c6dd05f-aa24-44c2-8cee-05d878c602e8,9fd72fab-1466-40a5-995e-7dc88af79d5a,943518c3-0bb5-41bf-b5ad-29d68d39d498,,appointment_reminder,outbound,Reminder: your BP check at Abeokuta South Comprehensive HC is tomorrow. Reply 1 to confirm or 2 to change the day.,en,sent,2026-08-23 10:07:00
71d1698f-56df-419a-b4fa-e9cb4fab6fab,9fd72fab-1466-40a5-995e-7dc88af79d5a,943518c3-0bb5-41bf-b5ad-29d68d39d498,,sms,inbound,Who is this?,en,delivered,2026-08-23 18:46:00
a8059f08-9c93-4e4b-8f2f-9ddf8ebc268d,9fd72fab-1466-40a5-995e-7dc88af79d5a,beee3511-4073-4d26-b70d-c16bdc797933,,appointment_reminder,outbound,Reminder: your BP check at Abeokuta South Comprehensive HC is tomorrow. Reply 1 to confirm or 2 to change the day.,en,delivered,2026-09-17 10:32:00
9f142c34-2171-4760-a556-49a13cd1eb19,9fd72fab-1466-40a5-995e-7dc88af79d5a,beee3511-4073-4d26-b70d-c16bdc797933,,sms,inbound,"to, zan zo",ha,delivered,2026-09-17 15:28:00
1e4bef43-1861-448e-ae80-4f1192cc3f95,3405d2fe-ff55-4d4f-9728-08c2bddedb3e,0c037e68-22b9-408b-8e19-d99d52ffc91c,,appointment_reminder,outbound,Reminder: your BP check at Abeokuta South Comprehensive HC is tomorrow. Reply 1 to confirm or 2 to change the day.,en,delivered,2026-03-18 09:03:00
2e0b6b89-07da-4c59-809a-9c62527a4fae,3405d2fe-ff55-4d4f-9728-08c2bddedb3e,0c037e68-22b9-408b-8e19-d99d52ffc91c,,sms,inbound,which day should i come?,en,delivered,2026-03-18 15:54:00
eb69786a-d0b9-4430-b651-83ad46b1b466,3405d2fe-ff55-4d4f-9728-08c2bddedb3e,0c037e68-22b9-408b-8e19-d99d52ffc91c,,missed_visit_sms_reminder,outbound,You missed your BP visit at Abeokuta South Comprehensive HC. Please come this week. Reply 2 if you need another day.,en,delivered,2026-03-22 10:34:00
4d1e4d7a-fd40-4d82-86a7-383f29b553f4,3405d2fe-ff55-4d4f-9728-08c2bddedb3e,0c037e68-22b9-408b-8e19-d99d52ffc91c,,sms,inbound,"mi o le wa ni ola, ose to n bo",yo,delivered,2026-03-22 16:18:00
dae20bd4-f9c6-413e-bae0-f18b238f7d8c,3405d2fe-ff55-4d4f-9728-08c2bddedb3e,d8a7e1f3-ca05-408b-880c-af688228be8a,,appointment_reminder,outbound,Reminder: your BP check at Abeokuta South Comprehensive HC is tomorrow. Reply 1 to confirm or 2 to change the day.,en,delivered,2026-07-03 09:41:00
2f3f0049-bce3-4801-8bc6-a67f0b287b3d,3405d2fe-ff55-4d4f-9728-08c2bddedb3e,d8a7e1f3-ca05-408b-880c-af688228be8a,,sms,inbound,Amen,en,delivered,2026-07-03 19:28:00
d6c5fcd8-7c83-4977-906d-ec3e86ff5447,3405d2fe-ff55-4d4f-9728-08c2bddedb3e,dd3008ac-7fa8-42aa-b6fe-7431a959deb5,,appointment_reminder,outbound,Reminder: your BP check at Abeokuta South Comprehensive HC is tomorrow. Reply 1 to confirm or 2 to change the day.,en,delivered,2026-07-19 09:00:00
bec470fc-d196-4ea6-b8a9-3926da889d9e,3405d2fe-ff55-4d4f-9728-08c2bddedb3e,dd3008ac-7fa8-42aa-b6fe-7431a959deb5,,sms,inbound,"Na gode, zan zo gobe",ha,delivered,2026-07-19 16:07:00
132b65b1-3eb9-4c67-a972-b2649cfc380d,3405d2fe-ff55-4d4f-9728-08c2bddedb3e,dd3008ac-7fa8-42aa-b6fe-7431a959deb5,,missed_visit_sms_reminder,outbound,You missed your BP visit at Abeokuta South Comprehensive HC. Please come this week. Reply 2 if you need another day.,en,delivered,2026-07-23 09:18:00
3e0e46f3-996e-49ea-9e2d-b1456c86dd14,3405d2fe-ff55-4d4f-9728-08c2bddedb3e,dd3008ac-7fa8-42aa-b6fe-7431a959deb5,,voip_call,outbound,,,completed,2026-08-03 14:10:00
f73f3d4d-36a6-47eb-a89f-ce6586858673,3405d2fe-ff55-4d4f-9728-08c2bddedb3e,4b96df88-ddc7-43b5-b6dc-b49debf5dc9b,,appointment_reminder,outbound,Reminder: your BP check at Abeokuta South Comprehensive HC is tomorrow. Reply 1 to confirm or 2 to change the day.,en,delivered,2026-08-15 09:19:00
bfd0b6bd-2374-4af4-bd78-dae5cb1e0e12,3405d2fe-ff55-4d4f-9728-08c2bddedb3e,4b96df88-ddc7-43b5-b6dc-b49debf5dc9b,,sms,inbound,e ma fi ranṣẽ si mi mọ,yo,delivered,2026-08-15 17:21:00
5d4b81da-bead-4451-bc1f-bf0c6837a797,fc2e56b1-de8d-4ea3-989e-236f5b915bbb,f2454549-9170-4965-9e1b-00a0d0ac9a22,,voip_call,outbound,,,completed,2025-10-26 10:25:00
1d06a330-4e88-42fe-8299-9ca721e292b8,13031624-47e0-4519-95af-f0108a8a07eb,657fa66e-f8ec-4502-a971-65eb19593322,,appointment_reminder,outbound,Reminder: your BP check at Ijebu Ode Primary Health Centre is tomorrow. Reply 1 to confirm or 2 to change the day.,en,delivered,2025-12-27 09:39:00
4f671868-a5ad-437f-9435-5e2d0b3c7b30,13031624-47e0-4519-95af-f0108a8a07eb,b140cac3-1ce8-4506-8454-de999e7ee851,,appointment_reminder,outbound,Reminder: your BP check at Ijebu Ode Primary Health Centre is tomorrow. Reply 1 to confirm or 2 to change the day.,en,delivered,2026-01-07 10:21:00
219c0a1b-c85d-4d2b-8aab-f58b563b01ec,13031624-47e0-4519-95af-f0108a8a07eb,77707d3f-e0b0-4f82-9085-6aa5f7fa677e,,appointment_reminder,outbound,Reminder: your BP check at Ijebu Ode Primary Health Centre is tomorrow. Reply 1 to confirm or 2 to change the day.,en,delivered,2026-02-10 09:51:00
d230698b-9241-447a-bffb-f3ac94168da9,13031624-47e0-4519-95af-f0108a8a07eb,3d0baa48-8b61-4f89-b132-4a92e778d6b2,,appointment_reminder,outbound,Reminder: your BP check at Ijebu Ode Primary Health Centre is tomorrow. Reply 1 to confirm or 2 to change the day.,en,delivered,2026-03-11 10:36:00
00329ac2-c596-4e6d-9ad3-063e58b2f108,13031624-47e0-4519-95af-f0108a8a07eb,3d0baa48-8b61-4f89-b132-4a92e778d6b2,,sms,inbound,i go come,pcm,delivered,2026-03-11 15:02:00
47560fea-17a5-4c1b-8e8c-74ab43cc54d0,13031624-47e0-4519-95af-f0108a8a07eb,1bbc038a-e6c5-4c4d-8320-b1f5c29b5fb2,,appointment_reminder,outbound,Reminder: your BP check at Ijebu Ode Primary Health Centre is tomorrow. Reply 1 to confirm or 2 to change the day.,en,sent,2026-03-23 10:13:00
67343dca-beb0-4aed-92ce-ad79fe92125d,13031624-47e0-4519-95af-f0108a8a07eb,1bbc038a-e6c5-4c4d-8320-b1f5c29b5fb2,,sms,inbound,wace rana zan zo?,ha,delivered,2026-03-23 11:08:00
0b38161d-7c73-4f3d-9a2b-9c0282072410,13031624-47e0-4519-95af-f0108a8a07eb,7e541ec4-2e7b-4c1a-8c6c-bd3f619190b5,,appointment_reminder,outbound,Reminder: your BP check at Ijebu Ode Primary Health Centre is tomorrow. Reply 1 to confirm or 2 to change the day.,en,sent,2026-04-20 10:08:00
e83e2b86-c944-48ab-9a15-eea6f2e12b8e,13031624-47e0-4519-95af-f0108a8a07eb,7e541ec4-2e7b-4c1a-8c6c-bd3f619190b5,,sms,inbound,Make I cme nxt week instead,pcm,delivered,2026-04-20 10:16:00
623cbe37-a5eb-449d-a46b-0027cec2d6fa,13031624-47e0-4519-95af-f0108a8a07eb,3c4f6213-285f-47b4-a06d-848760381ee1,,appointment_reminder,outbound,Reminder: your BP check at Ijebu Ode Primary Health Centre is tomorrow. Reply 1 to confirm or 2 to change the day.,en,delivered,2026-05-19 10:27:00
254f9199-6ae3-418a-a50b-3a67aad4e2f8,13031624-47e0-4519-95af-f0108a8a07eb,3c4f6213-285f-47b4-a06d-848760381ee1,,sms,inbound,"Ba zan iya zuwa gobe ba, mako mai zuwa",ha,delivered,2026-05-19 19:33:00
3c4883a1-8780-48a3-ad90-5a4b3922c8f0,13031624-47e0-4519-95af-f0108a8a07eb,1820aa1d-3d13-475c-8c81-80fc51f87e13,,appointment_reminder,outbound,Reminder: your BP check at Ijebu Ode Primary Health Centre is tomorrow. Reply 1 to confirm or 2 to change the day.,en,delivered,2026-07-15 09:00:00
7ca97ccd-1b6c-4346-b26c-53253dc3c4a8,13031624-47e0-4519-95af-f0108a8a07eb,e27c6d9e-6d07-49dc-a850-9e7020c388b2,,appointment_reminder,outbound,Reminder: your BP check at Ijebu Ode Primary Health Centre is tomorrow. Reply 1 to confirm or 2 to change the day.,en,sent,2026-09-13 09:44:00
51784bfc-d890-47dc-ba55-53c41af32c6b,13031624-47e0-4519-95af-f0108a8a07eb,e27c6d9e-6d07-49dc-a850-9e7020c388b2,,missed_visit_sms_reminder,outbound,You missed your BP visit at Ijebu Ode Primary Health Centre. Please come this week. Reply 2 if you need another day.,en,delivered,2026-09-17 09:42:00
b73d8189-e7e3-4a6f-b04e-7a6164cf9986,13031624-47e0-4519-95af-f0108a8a07eb,e27c6d9e-6d07-49dc-a850-9e7020c388b2,,voip_call,outbound,,,completed,2026-09-20 12:21:00
818f80c3-bc4b-41bc-954d-eb74aa045d51,914a9964-5711-4318-bdf5-e9cdab76763f,0953513e-5848-4a53-bf52-35e638e2416f,,appointment_reminder,outbound,Reminder: your BP check at Ijebu Ode Primary Health Centre is tomorrow. Reply 1 to confirm or 2 to change the day.,en,delivered,2025-10-23 09:44:00
d6862801-b3ee-49ed-af0a-c9b70e9cf343,914a9964-5711-4318-bdf5-e9cdab76763f,d1c645f7-0da3-41c3-8944-e4d0555685f1,,appointment_reminder,outbound,Reminder: your BP check at Ijebu Ode Primary Health Centre is tomorrow. Reply 1 to confirm or 2 to change the day.,en,delivered,2025-12-21 09:35:00
d2822b04-5e1b-4432-a346-8720f25e25b7,914a9964-5711-4318-bdf5-e9cdab76763f,d1c645f7-0da3-41c3-8944-e4d0555685f1,,sms,inbound,Wannan lambar ba tawa ba,ha,delivered,2025-12-21 12:37:00
d9cc7e59-64e4-4bd6-8337-b42a3d01937a,914a9964-5711-4318-bdf5-e9cdab76763f,1266eb1e-782b-4dd4-a965-bd1e69b18de3,,appointment_reminder,outbound,Reminder: your BP check at Ijebu Ode Primary Health Centre is tomorrow. Reply 1 to confirm or 2 to change the day.,en,delivered,2026-01-22 10:27:00
e0baab71-50d2-4589-8c0b-b2bd5090f004,914a9964-5711-4318-bdf5-e9cdab76763f,1266eb1e-782b-4dd4-a965-bd1e69b18de3,,sms,inbound,No dey send me message again,pcm,delivered,2026-01-22 19:34:00
2834fc50-7a75-4812-81c2-ce4e1ecd6ab7,4e8533b0-8289-479a-ab0e-7e73d253122a,8811f76b-d603-43af-9592-07434f00f2fc,,appointment_reminder,outbound,Reminder: your BP check at Agege Primary Health Centre is tomorrow. Reply 1 to confirm or 2 to change the day.,en,sent,2025-09-03 09:37:00
8a9c3b99-0b96-441c-99ae-3989d93b220d,4e8533b0-8289-479a-ab0e-7e73d253122a,8811f76b-d603-43af-9592-07434f00f2fc,,missed_visit_sms_reminder,outbound,You missed your BP visit at Agege Primary Health Centre. Please come this week. Reply 2 if you need another day.,en,sent,2025-09-07 09:49:00
ec1ccdc8-f8ac-460c-8934-74313437e0b7,4e8533b0-8289-479a-ab0e-7e73d253122a,8811f76b-d603-43af-9592-07434f00f2fc,,voip_call,outbound,,,completed,2025-09-20 16:31:00
f16baf71-b54e-4819-96ef-da46215cf7b9,4e8533b0-8289-479a-ab0e-7e73d253122a,088445d1-9474-45ab-b13f-b1f5163b05bc,,appointment_reminder,outbound,Reminder: your BP check at Agege Primary Health Centre is tomorrow. Reply 1 to confirm or 2 to change the day.,en,delivered,2025-10-31 10:46:00
e411fb07-4769-46fd-92d1-c028cf9ac617,4e8533b0-8289-479a-ab0e-7e73d253122a,088445d1-9474-45ab-b13f-b1f5163b05bc,,sms,inbound,please change my apointment to friday,en,delivered,2025-10-31 14:32:00
d9fd8ec1-940c-41df-ad2c-92be835391dd,4e8533b0-8289-479a-ab0e-7e73d253122a,088445d1-9474-45ab-b13f-b1f5163b05bc,,missed_visit_sms_reminder,outbound,You missed your BP visit at Agege Primary Health Centre. Please come this week. Reply 2 if you need another day.,en,delivered,2025-11-04 10:37:00
5e070969-65eb-4b3b-afa6-8ab8e875ac9f,4e8533b0-8289-479a-ab0e-7e73d253122a,088445d1-9474-45ab-b13f-b1f5163b05bc,,sms,inbound,"na ok, i dey come",pcm,delivered,2025-11-04 13:52:00
70886284-154f-4de6-9593-416c11f52f78,4e8533b0-8289-479a-ab0e-7e73d253122a,088445d1-9474-45ab-b13f-b1f5163b05bc,,voip_call,outbound,,,completed,2025-11-14 14:33:00
9e762297-f4cf-459d-80bd-073f35a72554,4e8533b0-8289-479a-ab0e-7e73d253122a,008d6363-fecd-4699-b6ec-8f977826b69d,,appointment_reminder,outbound,Reminder: your BP check at Agege Primary Health Centre is tomorrow. Reply 1 to confirm or 2 to change the day.,en,delivered,2025-12-26 09:53:00
46a967b0-98bd-47b2-bbf0-244b63b04d8c,4e8533b0-8289-479a-ab0e-7e73d253122a,008d6363-fecd-4699-b6ec-8f977826b69d,,sms,inbound,Wace rana zan zo?,ha,delivered,2025-12-26 13:17:00
d61dfe74-03f4-499b-a1f2-5c4adbb8a02a,4e8533b0-8289-479a-ab0e-7e73d253122a,00b53a4c-453d-4372-bba0-f71da14db272,,appointment_reminder,outbound,Reminder: your BP check at Agege Primary Health Centre is tomorrow. Reply 1 to confirm or 2 to change the day.,en,delivered,2026-01-26 10:33:00
bb49d187-6331-4177-ae95-56b5f3bec80e,4e8533b0-8289-479a-ab0e-7e73d253122a,00b53a4c-453d-4372-bba0-f71da14db272,,missed_visit_sms_reminder,outbound,You missed your BP visit at Agege Primary Health Centre. Please come this week. Reply 2 if you need another day.,en,sent,2026-01-30 10:17:00
a1a4d199-d0d9-4a32-9019-e95bffd8628c,4e8533b0-8289-479a-ab0e-7e73d253122a,00b53a4c-453d-4372-bba0-f71da14db272,,sms,inbound,1,en,delivered,2026-01-30 16:32:00
5a17a40a-1117-49e3-a687-78805f7c835e,4e8533b0-8289-479a-ab0e-7e73d253122a,00b53a4c-453d-4372-bba0-f71da14db272,,voip_call,outbound,,,completed,2026-02-15 14:30:00
4f03c215-2665-471c-8acf-79d8bc3b7c81,4e8533b0-8289-479a-ab0e-7e73d253122a,4ebe3878-89e9-4415-9bd9-0d8ded012683,,appointment_reminder,outbound,Reminder: your BP check at Agege Primary Health Centre is tomorrow. Reply 1 to confirm or 2 to change the day.,en,delivered,2026-03-17 09:00:00
28a1d8fa-de6f-4ac1-9dff-2b8962e6e55e,4e8533b0-8289-479a-ab0e-7e73d253122a,4ebe3878-89e9-4415-9bd9-0d8ded012683,,missed_visit_sms_reminder,outbound,You missed your BP visit at Agege Primary Health Centre. Please come this week. Reply 2 if you need another day.,en,delivered,2026-03-21 09:34:00
073804b0-0769-4c6c-ace7-245261aa4a6d,4e8533b0-8289-479a-ab0e-7e73d253122a,4ebe3878-89e9-4415-9bd9-0d8ded012683,,sms,inbound,Stop sending me messages,en,delivered,2026-03-21 17:16:00
a6045953-e7fa-4636-8e4f-70fc8a04272f,4e8533b0-8289-479a-ab0e-7e73d253122a,27891144-6f1a-469d-abac-b6235caa3110,,voip_call,outbound,,,completed,2026-05-03 11:15:00
0a2d987f-1d80-467b-97ba-efb73d817b99,4e8533b0-8289-479a-ab0e-7e73d253122a,99834d19-365d-4765-9cf6-c5bc495b7e0c,,voip_call,outbound,,,completed,2026-09-03 13:05:00
1719c200-0dd6-496d-8653-a22a66f2f44c,304665d1-af8d-4b1f-87db-c020ace1d71a,823da82f-c9e9-4baa-91fa-1deff4ca197c,,appointment_reminder,outbound,Reminder: your BP check at Ikorodu General Hospital is tomorrow. Reply 1 to confirm or 2 to change the day.,en,delivered,2025-07-14 10:29:00
7da20f82-8f62-4338-87f2-475a0f644133,304665d1-af8d-4b1f-87db-c020ace1d71a,2e5f5beb-bf8f-4a9a-a6a8-874e9f738fe3,,appointment_reminder,outbound,Reminder: your BP check at Ikorodu General Hospital is tomorrow. Reply 1 to confirm or 2 to change the day.,en,delivered,2025-08-12 10:34:00
2d4921b0-4a00-4563-999a-b7b30c19bda0,304665d1-af8d-4b1f-87db-c020ace1d71a,2e5f5beb-bf8f-4a9a-a6a8-874e9f738fe3,,sms,inbound,Daina aiko min da sako,ha,delivered,2025-08-12 12:26:00
75cd9448-8ab8-42ba-bfef-f6912410b12a,304665d1-af8d-4b1f-87db-c020ace1d71a,7d208ecc-3522-485f-bd90-8ec41a7ac169,,voip_call,outbound,,,completed,2025-09-17 09:00:00
b2b93d07-73c3-4d1d-b5d0-953766c2e49c,304665d1-af8d-4b1f-87db-c020ace1d71a,f8bdc855-51b6-4fb9-a00f-c3daa7cd3cb6,,voip_call,outbound,,,completed,2025-10-31 11:50:00
45fed45c-73b0-4022-b379-133b445221b4,40f77a3c-00b1-451c-8e18-9a42b9d7638c,ec38aa79-addd-487d-8a41-42f93c64d011,,appointment_reminder,outbound,Reminder: your BP check at Sagamu Model PHC is tomorrow. Reply 1 to confirm or 2 to change the day.,en,delivered,2026-03-13 09:40:00
e2eee0bc-fec7-4502-a7ca-a56e3a23c1f1,40f77a3c-00b1-451c-8e18-9a42b9d7638c,ec38aa79-addd-487d-8a41-42f93c64d011,,sms,inbound,Wannan lambar ba tawa ba,ha,delivered,2026-03-13 14:48:00
21c6b14f-27cb-48ef-b4fc-f78e8d32ef4f,40f77a3c-00b1-451c-8e18-9a42b9d7638c,4c23967d-8e09-43b3-ba3a-f20572d62e10,,appointment_reminder,outbound,Reminder: your BP check at Sagamu Model PHC is tomorrow. Reply 1 to confirm or 2 to change the day.,en,delivered,2026-04-13 10:25:00
f4634cbd-2172-406f-b014-7626bf7a2baf,40f77a3c-00b1-451c-8e18-9a42b9d7638c,dee5500e-9f46-4413-b09d-981c08389cbb,,appointment_reminder,outbound,Reminder: your BP check at Sagamu Model PHC is tomorrow. Reply 1 to confirm or 2 to change the day.,en,delivered,2026-05-08 10:21:00
cb45dd04-67fa-4887-afbf-9f199df57b58,40f77a3c-00b1-451c-8e18-9a42b9d7638c,dee5500e-9f46-4413-b09d-981c08389cbb,,sms,inbound,"O da, ma wa lola",yo,delivered,2026-05-08 16:52:00
3dfaf6f1-6563-4311-ae6d-afbba0f8673c,40f77a3c-00b1-451c-8e18-9a42b9d7638c,16d4e634-a453-4c2b-a06d-0f4ca29795df,,appointment_reminder,outbound,Reminder: your BP check at Sagamu Model PHC is tomorrow. Reply 1 to confirm or 2 to change the day.,en,failed,2026-07-06 10:32:00
a19b8d88-d835-4338-99a4-ba3bfc1e086a,40f77a3c-00b1-451c-8e18-9a42b9d7638c,85243211-8d36-4894-8e30-4b0a534961f8,,appointment_reminder,outbound,Reminder: your BP check at Sagamu Model PHC is tomorrow. Reply 1 to confirm or 2 to change the day.,en,delivered,2026-08-02 10:23:00
6c5166dd-3bc4-4825-89d5-ca7f5b08fd6c,40f77a3c-00b1-451c-8e18-9a42b9d7638c,bc6777cd-9bb6-4775-b2b4-549cb2df86d8,,appointment_reminder,outbound,Reminder: your BP check at Sagamu Model PHC is tomorrow. Reply 1 to confirm or 2 to change the day.,en,delivered,2026-09-02 09:08:00
36c76310-eb6b-4d84-a92f-1d31f947cf67,40f77a3c-00b1-451c-8e18-9a42b9d7638c,bc6777cd-9bb6-4775-b2b4-549cb2df86d8,,sms,inbound,make i come next week instead,pcm,delivered,2026-09-02 16:33:00
c87ee4f8-4b59-4533-b43a-c6b3bae01b0e,40f77a3c-00b1-451c-8e18-9a42b9d7638c,bc6777cd-9bb6-4775-b2b4-549cb2df86d8,,missed_visit_sms_reminder,outbound,You missed your BP visit at Sagamu Model PHC. Please come this week. Reply 2 if you need another day.,en,delivered,2026-09-06 09:46:00
a3b56108-e6b7-4e53-b10a-9c6a29b54c50,51dd2d45-6020-4f0e-b7a6-a039925f3405,d91ec984-4403-480f-b7c7-c2d2be1e0d1b,,appointment_reminder,outbound,Reminder: your BP check at Agege Primary Health Centre is tomorrow. Reply 1 to confirm or 2 to change the day.,en,delivered,2025-01-18 09:06:00
4c9f660a-5dec-4a41-b43c-c231186e0e09,51dd2d45-6020-4f0e-b7a6-a039925f3405,f47cd7da-ebb8-4e15-b111-b42ca9bd2b7e,,appointment_reminder,outbound,Reminder: your BP check at Agege Primary Health Centre is tomorrow. Reply 1 to confirm or 2 to change the day.,en,delivered,2025-02-15 10:05:00
1fd41888-692c-4925-9619-8861d16d50dc,51dd2d45-6020-4f0e-b7a6-a039925f3405,e20eff56-b462-4ae1-b744-d8381d94ef97,,appointment_reminder,outbound,Reminder: your BP check at Agege Primary Health Centre is tomorrow. Reply 1 to confirm or 2 to change the day.,en,delivered,2025-03-14 09:17:00
8b5f8dd0-db52-4366-ba0b-0f03bf76d5d1,51dd2d45-6020-4f0e-b7a6-a039925f3405,7f337b33-152c-459e-a93e-cc6dd0cd5f47,,appointment_reminder,outbound,Reminder: your BP check at Agege Primary Health Centre is tomorrow. Reply 1 to confirm or 2 to change the day.,en,delivered,2025-03-30 09:30:00
4cca9ad5-72f2-45b6-a6a1-93c42eccea72,51dd2d45-6020-4f0e-b7a6-a039925f3405,7f337b33-152c-459e-a93e-cc6dd0cd5f47,,sms,inbound,which day i fit come?,pcm,delivered,2025-03-30 13:35:00
2bfe501d-03d9-4d6c-b231-b64d4cffffc7,51dd2d45-6020-4f0e-b7a6-a039925f3405,7f337b33-152c-459e-a93e-cc6dd0cd5f47,,missed_visit_sms_reminder,outbound,You missed your BP visit at Agege Primary Health Centre. Please come this week. Reply 2 if you need another day.,en,delivered,2025-04-03 09:19:00
705043d8-7feb-42ba-8e19-c9a00c092214,51dd2d45-6020-4f0e-b7a6-a039925f3405,7f337b33-152c-459e-a93e-cc6dd0cd5f47,,voip_call,outbound,,,completed,2025-04-20 11:31:00
1de35149-1c7a-4be2-8099-79feee2590d8,51dd2d45-6020-4f0e-b7a6-a039925f3405,97754297-bad3-4385-bd2f-49c82acb0034,,appointment_reminder,outbound,Reminder: your BP check at Agege Primary Health Centre is tomorrow. Reply 1 to confirm or 2 to change the day.,en,sent,2025-05-18 10:55:00
e7eb8a62-3a28-4c2e-8cbe-85030b3ecd8f,51dd2d45-6020-4f0e-b7a6-a039925f3405,f0d34cf3-f284-4981-9bcc-7b5631e93700,,appointment_reminder,outbound,Reminder: your BP check at Agege Primary Health Centre is tomorrow. Reply 1 to confirm or 2 to change the day.,en,delivered,2025-06-15 09:34:00
6f610b8d-6504-41f6-af26-2c6b27df8e5e,51dd2d45-6020-4f0e-b7a6-a039925f3405,d8b2721e-c0fa-41bd-b4b2-3d4d570dfca2,,appointment_reminder,outbound,Reminder: your BP check at Agege Primary Health Centre is tomorrow. Reply 1 to confirm or 2 to change the day.,en,delivered,2025-07-19 09:12:00
5bafa590-dc6e-4910-bdd6-0059e531bb95,51dd2d45-6020-4f0e-b7a6-a039925f3405,d8b2721e-c0fa-41bd-b4b2-3d4d570dfca2,,missed_visit_sms_reminder,outbound,You missed your BP visit at Agege Primary Health Centre. Please come this week. Reply 2 if you need another day.,en,delivered,2025-07-23 10:27:00
c599715c-a329-47ab-913e-f524c7c0d934,51dd2d45-6020-4f0e-b7a6-a039925f3405,d8b2721e-c0fa-41bd-b4b2-3d4d570dfca2,,voip_call,outbound,,,completed,2025-08-06 10:42:00
7335cd30-eb52-4033-8b04-fb3f9faa029a,764ffbc2-5171-4340-937d-4854eea8b0cf,06bfc3ca-617e-4b18-b458-592b48632b70,,appointment_reminder,outbound,Reminder: your BP check at Ikorodu General Hospital is tomorrow. Reply 1 to confirm or 2 to change the day.,en,delivered,2025-10-22 09:16:00
698eb70c-84d8-4a07-9f17-bdb943884015,764ffbc2-5171-4340-937d-4854eea8b0cf,3cf62a5c-b2c2-4a2a-9559-e7e11e0f0b0a,,appointment_reminder,outbound,Reminder: your BP check at Ikorodu General Hospital is tomorrow. Reply 1 to confirm or 2 to change the day.,en,delivered,2025-11-17 10:23:00
10ba98b3-e5a6-49b9-a51d-cefe9336aa31,764ffbc2-5171-4340-937d-4854eea8b0cf,3d4003a9-e462-44d0-9ace-aa4140f4a6cd,,appointment_reminder,outbound,Reminder: your BP check at Ikorodu General Hospital is tomorrow. Reply 1 to confirm or 2 to change the day.,en,delivered,2025-12-16 10:48:00
e852dd7d-ffbe-430a-b40c-4d671a63eea0,764ffbc2-5171-4340-937d-4854eea8b0cf,3d4003a9-e462-44d0-9ace-aa4140f4a6cd,,missed_visit_sms_reminder,outbound,You missed your BP visit at Ikorodu General Hospital. Please come this week. Reply 2 if you need another day.,en,delivered,2025-12-20 09:11:00
e1958212-9657-496c-9a46-981e48fa9042,764ffbc2-5171-4340-937d-4854eea8b0cf,753ab00e-6749-4397-b3a2-a1a6acde12eb,,appointment_reminder,outbound,Reminder: your BP check at Ikorodu General Hospital is tomorrow. Reply 1 to confirm or 2 to change the day.,en,delivered,2026-02-03 09:16:00
f0c3ec96-6279-4968-8658-6e9d2257ddfb,764ffbc2-5171-4340-937d-4854eea8b0cf,753ab00e-6749-4397-b3a2-a1a6acde12eb,,sms,inbound,"I can't come on that day, can I come next week",en,delivered,2026-02-03 12:47:00
260ba7f1-82d4-4098-88be-eb22693402b4,764ffbc2-5171-4340-937d-4854eea8b0cf,8bea6f92-e5a9-4b10-a7df-ae3cbc789154,,appointment_reminder,outbound,Reminder: your BP check at Ikorodu General Hospital is tomorrow. Reply 1 to confirm or 2 to change the day.,en,delivered,2026-03-02 09:13:00
57345e48-4109-43e5-a1ba-57f67714aa9d,764ffbc2-5171-4340-937d-4854eea8b0cf,ae17981c-a195-441b-8feb-66f0853ac5c8,,appointment_reminder,outbound,Reminder: your BP check at Ikorodu General Hospital is tomorrow. Reply 1 to confirm or 2 to change the day.,en,delivered,2026-03-31 10:39:00
0ce35749-496b-4c7a-920d-325cb14bb735,764ffbc2-5171-4340-937d-4854eea8b0cf,4ccfdf32-1296-49c5-9f2a-fc6d6b71be7a,,appointment_reminder,outbound,Reminder: your BP check at Ikorodu General Hospital is tomorrow. Reply 1 to confirm or 2 to change the day.,en,delivered,2026-05-01 10:37:00
09c56663-145a-4421-bdec-3480f053f329,764ffbc2-5171-4340-937d-4854eea8b0cf,4ccfdf32-1296-49c5-9f2a-fc6d6b71be7a,,sms,inbound,Ok I will come,en,delivered,2026-05-01 16:44:00
b0c07061-f774-4aa2-ab75-ee4c94c4846e,764ffbc2-5171-4340-937d-4854eea8b0cf,30da96e7-8445-437c-9713-1a991ca3e50f,,appointment_reminder,outbound,Reminder: your BP check at Ikorodu General Hospital is tomorrow. Reply 1 to confirm or 2 to change the day.,en,sent,2026-05-29 09:22:00
86ea5b5b-4432-4fa6-afd1-f51bc63b664f,764ffbc2-5171-4340-937d-4854eea8b0cf,ceacd2ee-d005-4a68-bb13-cc58955dd476,,appointment_reminder,outbound,Reminder: your BP check at Ikorodu General Hospital is tomorrow. Reply 1 to confirm or 2 to change the day.,en,delivered,2026-08-21 09:59:00
aabc4f14-115a-45a2-b272-bf34b5b66b5f,764ffbc2-5171-4340-937d-4854eea8b0cf,ceacd2ee-d005-4a68-bb13-cc58955dd476,,sms,inbound,Please change my appointment to Friday,en,delivered,2026-08-21 10:39:00
ec238b74-6448-4bda-af1f-ef8a44fbb3d3,764ffbc2-5171-4340-937d-4854eea8b0cf,ceacd2ee-d005-4a68-bb13-cc58955dd476,,missed_visit_sms_reminder,outbound,You missed your BP visit at Ikorodu General Hospital. Please come this week. Reply 2 if you need another day.,en,delivered,2026-08-25 09:41:00
38a3aac4-f56c-4ad0-984b-c34b66c0b3d3,4a994b08-a94e-47db-9e8b-1d9ad1fab2d0,fbed8004-1c77-4172-877f-dd9d78d3d0f5,,voip_call,outbound,,,completed,2026-03-27 12:30:00
4a59e604-ed2d-4230-857c-dcee08551294,4a994b08-a94e-47db-9e8b-1d9ad1fab2d0,3c75df1b-ab64-4feb-9ada-630ce7586df8,,voip_call,outbound,,,completed,2026-08-07 16:44:00
