id,name,rxnorm_code,dosage,frequency,is_protocol_drug,is_deleted,patient_id,facility_id,user_id,device_created_at,device_updated_at
cf5c5a68-c48a-4748-8fad-4d2d38146b50,Amlodipine,17767,5 mg,OD,True,True,f8e2b62d-d157-4b50-a89b-d3a16a6e8a15,5f213a58-b179-42d7-9c05-e29474526e82,b302ab11-03e4-4bae-be36-6ec2662f7fc9,2026-02-21 12:21:00,2026-03-23 14:57:00
462008f7-8e2d-4dba-a078-944b66a31ca3,Amlodipine,17767,10 mg,OD,True,True,f8e2b62d-d157-4b50-a89b-d3a16a6e8a15,5f213a58-b179-42d7-9c05-e29474526e82,b302ab11-03e4-4bae-be36-6ec2662f7fc9,2026-03-23 14:57:00,2026-04-11 08:59:00
3207bdb6-ea3a-4980-9d3c-520564f24704,Amlodipine,17767,10 mg,OD,True,True,f8e2b62d-d157-4b50-a89b-d3a16a6e8a15,5f213a58-b179-42d7-9c05-e29474526e82,406a76ac-2a9d-4982-b6f8-1efb7296c6c0,2026-04-11 08:59:00,2026-06-09 08:57:00
a0994d31-acb4-4a7e-bd22-919972acbaf8,Telmisartan,73494,40 mg,OD,True,True,f8e2b62d-d157-4b50-a89b-d3a16a6e8a15,5f213a58-b179-42d7-9c05-e29474526e82,406a76ac-2a9d-4982-b6f8-1efb7296c6c0,2026-04-11 08:59:00,2026-06-09 08:57:00
aea9376e-ac9a-4622-a627-de03ddd0c50b,Amlodipine,17767,10 mg,OD,True,True,f8e2b62d-d157-4b50-a89b-d3a16a6e8a15,5f213a58-b179-42d7-9c05-e29474526e82,406a76ac-2a9d-4982-b6f8-1efb7296c6c0,2026-06-09 08:57:00,2026-07-06 10:37:00
60a3e872-9505-422c-9e97-13be7fb81931,Telmisartan,73494,80 mg,OD,True,True,f8e2b62d-d157-4b50-a89b-d3a16a6e8a15,5f213a58-b179-42d7-9c05-e29474526e82,406a76ac-2a9d-4982-b6f8-1efb7296c6c0,2026-06-09 08:57:00,2026-07-06 10:37:00
1636b708-131e-4cb8-a180-69af6515d12c,Amlodipine,17767,10 mg,OD,True,False,f8e2b62d-d157-4b50-a89b-d3a16a6e8a15,5f213a58-b179-42d7-9c05-e29474526e82,8e0d0bd7-32bc-44e0-8bb3-7f4f4b13cf78,2026-07-06 10:37:00,2026-07-06 10:37:00
84550628-15ed-4140-b678-ba6282423223,Telmisartan,73494,80 mg,OD,True,False,f8e2b62d-d157-4b50-a89b-d3a16a6e8a15,5f213a58-b179-42d7-9c05-e29474526e82,8e0d0bd7-32bc-44e0-8bb3-7f4f4b13cf78,2026-07-06 10:37:00,2026-07-06 10:37:00
bed91305-46ad-415c-8ca5-f4142bd0b332,Chlorthalidone,2409,12.5 mg,OD,True,False,f8e2b62d-d157-4b50-a89b-d3a16a6e8a15,5f213a58-b179-42d7-9c05-e29474526e82,8e0d0bd7-32bc-44e0-8bb3-7f4f4b13cf78,2026-07-06 10:37:00,2026-07-06 10:37:00
a502ee76-5638-488a-adc7-e4e8d1f59136,Amlodipine,17767,5 mg,OD,True,True,40151ba6-8b25-4cab-8d09-d7fb89a5581c,ffe42279-f3bd-4683-a6a8-52c1bb9651f3,4519b91f-242d-4e4d-ae0c-da1f0c701874,2026-04-30 11:11:00,2026-05-31 13:57:00
7496168b-ce50-46f9-8ed7-5d1fda956a3b,Amlodipine,17767,10 mg,OD,True,True,40151ba6-8b25-4cab-8d09-d7fb89a5581c,ffe42279-f3bd-4683-a6a8-52c1bb9651f3,cd18ec08-f6a4-4724-926f-acd2aeb0daf2,2026-05-31 13:57:00,2026-07-01 14:59:00
2669fdb3-cc79-4749-8305-650543cd78f2,Amlodipine,17767,10 mg,OD,True,True,40151ba6-8b25-4cab-8d09-d7fb89a5581c,ffe42279-f3bd-4683-a6a8-52c1bb9651f3,246dee45-3351-44d3-8a3a-ca414c46c168,2026-07-01 14:59:00,2026-08-03 14:41:00
e31950b5-2861-44f6-826e-09d5fec76fa5,Telmisartan,73494,40 mg,OD,True,True,40151ba6-8b25-4cab-8d09-d7fb89a5581c,ffe42279-f3bd-4683-a6a8-52c1bb9651f3,246dee45-3351-44d3-8a3a-ca414c46c168,2026-07-01 14:59:00,2026-08-03 14:41:00
aa2f50b5-44ee-427f-94a0-72838ddbd67d,Amlodipine,17767,10 mg,OD,True,False,40151ba6-8b25-4cab-8d09-d7fb89a5581c,ffe42279-f3bd-4683-a6a8-52c1bb9651f3,246dee45-3351-44d3-8a3a-ca414c46c168,2026-08-03 14:41:00,2026-08-03 14:41:00
f9dabe42-0628-46b7-a20e-33641ae1ec9a,Telmisartan,73494,80 mg,OD,True,False,40151ba6-8b25-4cab-8d09-d7fb89a5581c,ffe42279-f3bd-4683-a6a8-52c1bb9651f3,246dee45-3351-44d3-8a3a-ca414c46c168,2026-08-03 14:41:00,2026-08-03 14:41:00
8735ed79-a287-4351-917c-18d890cb90b1,Amlodipine,17767,5 mg,OD,True,True,8734546b-8938-4c93-840a-3d2ac330f09f,da845e7d-fedd-47ac-b12d-fb734b6449eb,447e99c5-592b-43d3-805b-eb75f1251d2a,2026-04-05 13:44:00,2026-06-04 10:10:00
b2d2134e-7b53-4189-a96e-09f56a7542e3,Metformin,6809,500 mg,BD,False,False,8734546b-8938-4c93-840a-3d2ac330f09f,da845e7d-fedd-47ac-b12d-fb734b6449eb,447e99c5-592b-43d3-805b-eb75f1251d2a,2026-04-05 13:44:00,2026-04-05 13:44:00
a749235a-cae1-4a20-8ee8-d3869f0c6686,Amlodipine,17767,10 mg,OD,True,True,8734546b-8938-4c93-840a-3d2ac330f09f,da845e7d-fedd-47ac-b12d-fb734b6449eb,e18956f3-25d3-4ad3-9e29-e476c974b1e2,2026-06-04 10:10:00,2026-07-09 14:12:00
a9e078b0-5eed-431b-b6ed-f2595928df40,Amlodipine,17767,10 mg,OD,True,False,8734546b-8938-4c93-840a-3d2ac330f09f,da845e7d-fedd-47ac-b12d-fb734b6449eb,5e76f2ad-b087-4dc4-9d25-73e3e0503036,2026-07-09 14:12:00,2026-07-09 14:12:00
bed85d62-fe31-4d67-9b63-933c594decf8,Telmisartan,73494,40 mg,OD,True,False,8734546b-8938-4c93-840a-3d2ac330f09f,da845e7d-fedd-47ac-b12d-fb734b6449eb,5e76f2ad-b087-4dc4-9d25-73e3e0503036,2026-07-09 14:12:00,2026-07-09 14:12:00
62cb47d4-f4af-494b-8274-170c8a7503f5,Amlodipine,17767,5 mg,OD,True,True,c0bc4a7f-959e-45ef-9928-94cc3c943cd7,ffe42279-f3bd-4683-a6a8-52c1bb9651f3,353297dd-2e3c-46c0-a49c-7fd69ac2c389,2025-08-15 15:55:00,2026-03-01 15:32:00
255eeb7f-6c8f-45e9-b047-f0317a5ccff8,Amlodipine,17767,10 mg,OD,True,True,c0bc4a7f-959e-45ef-9928-94cc3c943cd7,ffe42279-f3bd-4683-a6a8-52c1bb9651f3,cd18ec08-f6a4-4724-926f-acd2aeb0daf2,2026-03-01 15:32:00,2026-09-01 09:48:00
cf1f2226-97ad-4282-887d-1ebbe2ceefb9,Amlodipine,17767,10 mg,OD,True,False,c0bc4a7f-959e-45ef-9928-94cc3c943cd7,ffe42279-f3bd-4683-a6a8-52c1bb9651f3,cd18ec08-f6a4-4724-926f-acd2aeb0daf2,2026-09-01 09:48:00,2026-09-01 09:48:00
36c50f98-6444-4fc2-b8c1-a67e3d4da9b4,Telmisartan,73494,40 mg,OD,True,False,c0bc4a7f-959e-45ef-9928-94cc3c943cd7,ffe42279-f3bd-4683-a6a8-52c1bb9651f3,cd18ec08-f6a4-4724-926f-acd2aeb0daf2,2026-09-01 09:48:00,2026-09-01 09:48:00
3e0476fb-9e1f-4177-aa0d-47befd9ea0a0,Amlodipine,17767,5 mg,OD,True,True,7e19ac49-86e7-48e2-b27c-573379b12bf3,ffe42279-f3bd-4683-a6a8-52c1bb9651f3,4519b91f-242d-4e4d-ae0c-da1f0c701874,2026-06-30 12:14:00,2026-08-11 15:49:00
4e5986e1-3778-41f4-a28b-8c76589f9451,Amlodipine,17767,10 mg,OD,True,True,7e19ac49-86e7-48e2-b27c-573379b12bf3,ffe42279-f3bd-4683-a6a8-52c1bb9651f3,353297dd-2e3c-46c0-a49c-7fd69ac2c389,2026-08-11 15:49:00,2026-09-15 09:59:00
e3383358-8b97-4ecf-ac68-cc0b7e1f2623,Amlodipine,17767,10 mg,OD,True,False,7e19ac49-86e7-48e2-b27c-573379b12bf3,ffe42279-f3bd-4683-a6a8-52c1bb9651f3,4519b91f-242d-4e4d-ae0c-da1f0c701874,2026-09-15 09:59:00,2026-09-15 09:59:00
10b7cc2c-bf6f-4976-acda-c061ee183dd7,Telmisartan,73494,40 mg,OD,True,False,7e19ac49-86e7-48e2-b27c-573379b12bf3,ffe42279-f3bd-4683-a6a8-52c1bb9651f3,4519b91f-242d-4e4d-ae0c-da1f0c701874,2026-09-15 09:59:00,2026-09-15 09:59:00
29be99aa-a04a-4c40-b1b7-ce45d046938e,Amlodipine,17767,5 mg,OD,True,False,42a76c5d-df8f-4d62-a78e-86c094370f18,5f213a58-b179-42d7-9c05-e29474526e82,406a76ac-2a9d-4982-b6f8-1efb7296c6c0,2026-01-23 11:03:00,2026-01-23 11:03:00
e4379622-6d6d-4caa-8c7c-8cfde282b126,Amlodipine,17767,5 mg,OD,True,False,acb8809a-aa43-402f-ae77-2ec42e893228,552564e7-84a4-4534-acfd-938092f72643,c762646d-3ec2-420a-956d-f1b73ea05187,2025-07-17 09:36:00,2025-07-17 09:36:00
755954bd-fde3-4192-99db-a2f137f64c00,Amlodipine,17767,5 mg,OD,True,True,2e84608e-e4f9-4ab3-abed-c1abf90db40e,da845e7d-fedd-47ac-b12d-fb734b6449eb,e18956f3-25d3-4ad3-9e29-e476c974b1e2,2026-07-18 08:57:00,2026-08-13 14:56:00
99f92673-0477-4295-adba-0a80fe30c588,Amlodipine,17767,10 mg,OD,True,True,2e84608e-e4f9-4ab3-abed-c1abf90db40e,da845e7d-fedd-47ac-b12d-fb734b6449eb,5e76f2ad-b087-4dc4-9d25-73e3e0503036,2026-08-13 14:56:00,2026-08-26 14:37:00
832b25de-9fe5-4b39-bd6d-4878dd1b4615,Amlodipine,17767,10 mg,OD,True,True,2e84608e-e4f9-4ab3-abed-c1abf90db40e,da845e7d-fedd-47ac-b12d-fb734b6449eb,e18956f3-25d3-4ad3-9e29-e476c974b1e2,2026-08-26 14:37:00,2026-09-22 08:27:00
aeca8616-8e82-4467-a837-958e3ff25006,Telmisartan,73494,40 mg,OD,True,True,2e84608e-e4f9-4ab3-abed-c1abf90db40e,da845e7d-fedd-47ac-b12d-fb734b6449eb,e18956f3-25d3-4ad3-9e29-e476c974b1e2,2026-08-26 14:37:00,2026-09-22 08:27:00
cef0de91-41e4-435b-81e8-260f1cacd1bf,Amlodipine,17767,10 mg,OD,True,False,2e84608e-e4f9-4ab3-abed-c1abf90db40e,da845e7d-fedd-47ac-b12d-fb734b6449eb,e18956f3-25d3-4ad3-9e29-e476c974b1e2,2026-09-22 08:27:00,2026-09-22 08:27:00
280a888b-b9d4-41ba-b0af-19dc91eee5e1,Telmisartan,73494,80 mg,OD,True,False,2e84608e-e4f9-4ab3-abed-c1abf90db40e,da845e7d-fedd-47ac-b12d-fb734b6449eb,e18956f3-25d3-4ad3-9e29-e476c974b1e2,2026-09-22 08:27:00,2026-09-22 08:27:00
4cab3624-312f-4da8-8a76-137bb7525439,Amlodipine,17767,5 mg,OD,True,True,e2ff2609-ca76-4592-825a-371a551da2ef,552564e7-84a4-4534-acfd-938092f72643,448fb26c-4d06-4d9f-a11d-a2745fb4d4c6,2025-07-16 08:00:00,2025-08-12 13:55:00
39ca09a9-0c3f-45d1-9fef-a728a8fca93d,Amlodipine,17767,10 mg,OD,True,True,e2ff2609-ca76-4592-825a-371a551da2ef,552564e7-84a4-4534-acfd-938092f72643,19f2d2b9-737d-4029-8250-945229084df8,2025-08-12 13:55:00,2026-03-15 08:30:00
abb82fd1-5e04-4494-be92-6deaaa738d15,Amlodipine,17767,10 mg,OD,True,False,e2ff2609-ca76-4592-825a-371a551da2ef,552564e7-84a4-4534-acfd-938092f72643,19f2d2b9-737d-4029-8250-945229084df8,2026-03-15 08:30:00,2026-03-15 08:30:00
45c66d45-f32e-4575-8d6d-a4f0f74b298e,Telmisartan,73494,40 mg,OD,True,False,e2ff2609-ca76-4592-825a-371a551da2ef,552564e7-84a4-4534-acfd-938092f72643,19f2d2b9-737d-4029-8250-945229084df8,2026-03-15 08:30:00,2026-03-15 08:30:00
b0a72f80-f2f4-4484-aaf7-b80179be30ff,Amlodipine,17767,5 mg,OD,True,False,01657312-8bf4-4cc7-8f53-c6792975e758,906096d6-f0f6-4da5-9c19-dc403afb4bb8,8cc3bb69-3add-47d5-9cd2-8cff31252948,2026-02-03 11:57:00,2026-02-03 11:57:00
e1026266-893a-4141-9eb6-30a3e6032f8d,Metformin,6809,500 mg,BD,False,False,01657312-8bf4-4cc7-8f53-c6792975e758,906096d6-f0f6-4da5-9c19-dc403afb4bb8,8cc3bb69-3add-47d5-9cd2-8cff31252948,2026-02-03 11:57:00,2026-02-03 11:57:00
f0e182fd-3e08-4bde-bbb2-80201738ae67,Amlodipine,17767,5 mg,OD,True,True,c03a1c33-8887-4ace-ae15-f38502732f65,da845e7d-fedd-47ac-b12d-fb734b6449eb,e18956f3-25d3-4ad3-9e29-e476c974b1e2,2025-10-25 14:03:00,2026-05-20 13:32:00
711b8ef8-af3c-4c15-870b-6bf3960bac03,Amlodipine,17767,10 mg,OD,True,True,c03a1c33-8887-4ace-ae15-f38502732f65,da845e7d-fedd-47ac-b12d-fb734b6449eb,e18956f3-25d3-4ad3-9e29-e476c974b1e2,2026-05-20 13:32:00,2026-06-18 09:51:00
a40a5dcf-1151-4183-94cf-5c7f7d0b86e0,Amlodipine,17767,10 mg,OD,True,True,c03a1c33-8887-4ace-ae15-f38502732f65,da845e7d-fedd-47ac-b12d-fb734b6449eb,5e76f2ad-b087-4dc4-9d25-73e3e0503036,2026-06-18 09:51:00,2026-07-21 13:49:00
fa7d4987-c83e-45e4-a87a-65027336a0b3,Telmisartan,73494,40 mg,OD,True,True,c03a1c33-8887-4ace-ae15-f38502732f65,da845e7d-fedd-47ac-b12d-fb734b6449eb,5e76f2ad-b087-4dc4-9d25-73e3e0503036,2026-06-18 09:51:00,2026-07-21 13:49:00
2738925a-b9f3-4fc8-ac40-ade517606b2d,Amlodipine,17767,10 mg,OD,True,False,c03a1c33-8887-4ace-ae15-f38502732f65,da845e7d-fedd-47ac-b12d-fb734b6449eb,5e76f2ad-b087-4dc4-9d25-73e3e0503036,2026-07-21 13:49:00,2026-07-21 13:49:00
c5852bca-7dbb-467d-9665-640c07ddbb60,Telmisartan,73494,80 mg,OD,True,False,c03a1c33-8887-4ace-ae15-f38502732f65,da845e7d-fedd-47ac-b12d-fb734b6449eb,5e76f2ad-b087-4dc4-9d25-73e3e0503036,2026-07-21 13:49:00,2026-07-21 13:49:00
35e04752-4ffc-4fdf-8c17-9b8f1356a47b,Amlodipine,17767,5 mg,OD,True,True,1a8ad177-d8dc-4f83-a934-a46291fb0613,552564e7-84a4-4534-acfd-938092f72643,213c0975-3815-4ea4-ba67-23c54c2546da,2025-09-03 09:23:00,2025-12-28 11:52:00
3e916ce4-fdc5-4958-a4c4-78c9cde1a8a4,Amlodipine,17767,10 mg,OD,True,True,1a8ad177-d8dc-4f83-a934-a46291fb0613,552564e7-84a4-4534-acfd-938092f72643,448fb26c-4d06-4d9f-a11d-a2745fb4d4c6,2025-12-28 11:52:00,2026-01-24 12:46:00
3a4d3956-c366-46ab-9754-359a86e1c94b,Amlodipine,17767,10 mg,OD,True,True,1a8ad177-d8dc-4f83-a934-a46291fb0613,552564e7-84a4-4534-acfd-938092f72643,f3161305-31e6-47c0-8597-e00f4ddec847,2026-01-24 12:46:00,2026-02-08 13:58:00
e55a7e16-98fb-4d19-bb51-dfac559c9d05,Telmisartan,73494,40 mg,OD,True,True,1a8ad177-d8dc-4f83-a934-a46291fb0613,552564e7-84a4-4534-acfd-938092f72643,f3161305-31e6-47c0-8597-e00f4ddec847,2026-01-24 12:46:00,2026-02-08 13:58:00
1cf1db34-03f4-4352-b461-6eabfce7cfc2,Amlodipine,17767,10 mg,OD,True,True,1a8ad177-d8dc-4f83-a934-a46291fb0613,552564e7-84a4-4534-acfd-938092f72643,f3161305-31e6-47c0-8597-e00f4ddec847,2026-02-08 13:58:00,2026-06-22 14:46:00
14ba4e9a-3db4-43c1-ac9b-5f5eb494b4b7,Telmisartan,73494,80 mg,OD,True,True,1a8ad177-d8dc-4f83-a934-a46291fb0613,552564e7-84a4-4534-acfd-938092f72643,f3161305-31e6-47c0-8597-e00f4ddec847,2026-02-08 13:58:00,2026-06-22 14:46:00
ffc7a242-c688-4f48-a566-8d425e598202,Amlodipine,17767,10 mg,OD,True,False,1a8ad177-d8dc-4f83-a934-a46291fb0613,552564e7-84a4-4534-acfd-938092f72643,19f2d2b9-737d-4029-8250-945229084df8,2026-06-22 14:46:00,2026-06-22 14:46:00
a3920c76-4ae8-411c-97f5-6742e0aa9921,Telmisartan,73494,80 mg,OD,True,False,1a8ad177-d8dc-4f83-a934-a46291fb0613,552564e7-84a4-4534-acfd-938092f72643,19f2d2b9-737d-4029-8250-945229084df8,2026-06-22 14:46:00,2026-06-22 14:46:00
633f2dff-0801-456e-82e6-be1c28179dc6,Chlorthalidone,2409,12.5 mg,OD,True,False,1a8ad177-d8dc-4f83-a934-a46291fb0613,552564e7-84a4-4534-acfd-938092f72643,19f2d2b9-737d-4029-8250-945229084df8,2026-06-22 14:46:00,2026-06-22 14:46:00
ca02acd9-2998-4521-a405-8cc1ef097347,Amlodipine,17767,5 mg,OD,True,True,84cd67b3-29f4-448d-b1d1-35b5514cd7b9,552564e7-84a4-4534-acfd-938092f72643,213c0975-3815-4ea4-ba67-23c54c2546da,2025-11-23 09:43:00,2025-12-09 13:56:00
a725bc32-1672-4712-9333-ddefa9ae0f65,Amlodipine,17767,10 mg,OD,True,True,84cd67b3-29f4-448d-b1d1-35b5514cd7b9,552564e7-84a4-4534-acfd-938092f72643,c762646d-3ec2-420a-956d-f1b73ea05187,2025-12-09 13:56:00,2026-01-26 14:52:00
69469e22-e314-4681-ba9f-0a194cb08886,Amlodipine,17767,10 mg,OD,True,False,84cd67b3-29f4-448d-b1d1-35b5514cd7b9,552564e7-84a4-4534-acfd-938092f72643,0035c5bf-742a-4ff6-9e23-941764d58bb9,2026-01-26 14:52:00,2026-01-26 14:52:00
9204057b-f12c-48d2-afa0-500e4a3c6157,Telmisartan,73494,40 mg,OD,True,False,84cd67b3-29f4-448d-b1d1-35b5514cd7b9,552564e7-84a4-4534-acfd-938092f72643,0035c5bf-742a-4ff6-9e23-941764d58bb9,2026-01-26 14:52:00,2026-01-26 14:52:00
ffddf50c-6ef6-48cd-afa0-10ecb51f6d86,Amlodipine,17767,5 mg,OD,True,True,bf635f97-5584-4f94-a13a-d6431a9c7cca,906096d6-f0f6-4da5-9c19-dc403afb4bb8,9bae34d8-d312-48ce-9bbf-17fa6222b3f6,2025-09-28 09:02:00,2026-05-07 09:04:00
d0eb8c49-043b-4720-9d84-54e080a8e726,Amlodipine,17767,10 mg,OD,True,True,bf635f97-5584-4f94-a13a-d6431a9c7cca,906096d6-f0f6-4da5-9c19-dc403afb4bb8,8cc3bb69-3add-47d5-9cd2-8cff31252948,2026-05-07 09:04:00,2026-08-01 08:44:00
361f8228-16eb-4dae-9d56-ff6e57aec4d8,Amlodipine,17767,10 mg,OD,True,True,bf635f97-5584-4f94-a13a-d6431a9c7cca,906096d6-f0f6-4da5-9c19-dc403afb4bb8,9bae34d8-d312-48ce-9bbf-17fa6222b3f6,2026-08-01 08:44:00,2026-08-10 08:27:00
0058f805-cfe2-44ca-a54b-513eff51cd95,Telmisartan,73494,40 mg,OD,True,True,bf635f97-5584-4f94-a13a-d6431a9c7cca,906096d6-f0f6-4da5-9c19-dc403afb4bb8,9bae34d8-d312-48ce-9bbf-17fa6222b3f6,2026-08-01 08:44:00,2026-08-10 08:27:00
4db3fb02-550f-4be3-91e5-2978bc9c4478,Amlodipine,17767,10 mg,OD,True,False,bf635f97-5584-4f94-a13a-d6431a9c7cca,906096d6-f0f6-4da5-9c19-dc403afb4bb8,b0715258-4719-4ce5-8a85-03ccda2c376c,2026-08-10 08:27:00,2026-08-10 08:27:00
51dbaeda-741a-460c-9643-fad0c490291f,Telmisartan,73494,80 mg,OD,True,False,bf635f97-5584-4f94-a13a-d6431a9c7cca,906096d6-f0f6-4da5-9c19-dc403afb4bb8,b0715258-4719-4ce5-8a85-03ccda2c376c,2026-08-10 08:27:00,2026-08-10 08:27:00
cbc90d7b-2d2b-4cfc-a693-a21265ee8a87,Amlodipine,17767,5 mg,OD,True,True,bc1e8227-bc39-4162-8c20-ea8c82a2a2d1,552564e7-84a4-4534-acfd-938092f72643,0035c5bf-742a-4ff6-9e23-941764d58bb9,2026-04-29 14:03:00,2026-05-12 12:43:00
b211f2de-cb64-4070-89df-6e7cb5e303ca,Amlodipine,17767,10 mg,OD,True,True,bc1e8227-bc39-4162-8c20-ea8c82a2a2d1,552564e7-84a4-4534-acfd-938092f72643,448fb26c-4d06-4d9f-a11d-a2745fb4d4c6,2026-05-12 12:43:00,2026-05-31 15:06:00
b02f0ab2-0350-43d3-a4ba-a857f7fddcad,Amlodipine,17767,10 mg,OD,True,False,bc1e8227-bc39-4162-8c20-ea8c82a2a2d1,552564e7-84a4-4534-acfd-938092f72643,0035c5bf-742a-4ff6-9e23-941764d58bb9,2026-05-31 15:06:00,2026-05-31 15:06:00
daa55aa8-e418-43f1-9cb8-daef292096dd,Telmisartan,73494,40 mg,OD,True,False,bc1e8227-bc39-4162-8c20-ea8c82a2a2d1,552564e7-84a4-4534-acfd-938092f72643,0035c5bf-742a-4ff6-9e23-941764d58bb9,2026-05-31 15:06:00,2026-05-31 15:06:00
2d4698a4-ba1a-49ac-8dff-382c8e3db621,Amlodipine,17767,5 mg,OD,True,True,a03070c4-77ad-4e97-8727-3abbd30ca42f,552564e7-84a4-4534-acfd-938092f72643,0035c5bf-742a-4ff6-9e23-941764d58bb9,2026-07-06 15:47:00,2026-08-19 14:02:00
6df8ba30-c446-43a0-abf5-7806f718ac8e,Amlodipine,17767,10 mg,OD,True,False,a03070c4-77ad-4e97-8727-3abbd30ca42f,552564e7-84a4-4534-acfd-938092f72643,0035c5bf-742a-4ff6-9e23-941764d58bb9,2026-08-19 14:02:00,2026-08-19 14:02:00
d26b65a7-afc9-464f-9166-75cebc7d63a7,Amlodipine,17767,5 mg,OD,True,True,b6b17bb1-5d9c-460f-80de-7bfcd2ce922c,552564e7-84a4-4534-acfd-938092f72643,c762646d-3ec2-420a-956d-f1b73ea05187,2025-11-14 13:53:00,2026-07-29 12:42:00
3571f886-9245-46f0-8039-ae1b828859fc,Metformin,6809,500 mg,BD,False,False,b6b17bb1-5d9c-460f-80de-7bfcd2ce922c,552564e7-84a4-4534-acfd-938092f72643,c762646d-3ec2-420a-956d-f1b73ea05187,2025-11-14 13:53:00,2025-11-14 13:53:00
82cab9ac-a66c-40aa-8847-b2806ecc27fa,Amlodipine,17767,10 mg,OD,True,False,b6b17bb1-5d9c-460f-80de-7bfcd2ce922c,552564e7-84a4-4534-acfd-938092f72643,c762646d-3ec2-420a-956d-f1b73ea05187,2026-07-29 12:42:00,2026-07-29 12:42:00
99bfbc84-c487-44a1-85aa-12974dd9dfe0,Amlodipine,17767,5 mg,OD,True,True,197031ba-dfca-4f61-af32-cb30dc877e7b,552564e7-84a4-4534-acfd-938092f72643,0035c5bf-742a-4ff6-9e23-941764d58bb9,2024-11-18 14:15:00,2024-11-29 11:07:00
c120aafb-7b62-45c3-b4ef-dee82554a9f5,Amlodipine,17767,10 mg,OD,True,True,197031ba-dfca-4f61-af32-cb30dc877e7b,552564e7-84a4-4534-acfd-938092f72643,0035c5bf-742a-4ff6-9e23-941764d58bb9,2024-11-29 11:07:00,2024-12-23 08:40:00
79ebcb1a-b1c9-4818-b358-4b5762cba568,Amlodipine,17767,10 mg,OD,True,False,197031ba-dfca-4f61-af32-cb30dc877e7b,552564e7-84a4-4534-acfd-938092f72643,213c0975-3815-4ea4-ba67-23c54c2546da,2024-12-23 08:40:00,2024-12-23 08:40:00
88a00431-0eb5-4549-8d9d-2baebc984fa7,Telmisartan,73494,40 mg,OD,True,False,197031ba-dfca-4f61-af32-cb30dc877e7b,552564e7-84a4-4534-acfd-938092f72643,213c0975-3815-4ea4-ba67-23c54c2546da,2024-12-23 08:40:00,2024-12-23 08:40:00
2546fcc6-508c-4ce5-9030-01b7faa142e4,Amlodipine,17767,5 mg,OD,True,True,d55278ed-fb1e-4a1b-9116-b5f628014a34,ffe42279-f3bd-4683-a6a8-52c1bb9651f3,4519b91f-242d-4e4d-ae0c-da1f0c701874,2025-11-17 15:58:00,2025-12-02 08:07:00
fc272689-7b9a-420f-bddc-485a17a0bcf6,Amlodipine,17767,10 mg,OD,True,True,d55278ed-fb1e-4a1b-9116-b5f628014a34,ffe42279-f3bd-4683-a6a8-52c1bb9651f3,4519b91f-242d-4e4d-ae0c-da1f0c701874,2025-12-02 08:07:00,2026-03-03 13:17:00
a0ea2a5f-a5e7-4a24-8f7f-9cb094904e52,Amlodipine,17767,10 mg,OD,True,True,d55278ed-fb1e-4a1b-9116-b5f628014a34,ffe42279-f3bd-4683-a6a8-52c1bb9651f3,cd18ec08-f6a4-4724-926f-acd2aeb0daf2,2026-03-03 13:17:00,2026-05-22 14:00:00
909fd427-ccff-4b9a-977f-77c31b80a139,Telmisartan,73494,40 mg,OD,True,True,d55278ed-fb1e-4a1b-9116-b5f628014a34,ffe42279-f3bd-4683-a6a8-52c1bb9651f3,cd18ec08-f6a4-4724-926f-acd2aeb0daf2,2026-03-03 13:17:00,2026-05-22 14:00:00
db98c7d1-a70f-44ef-b217-753faf5ffa5d,Amlodipine,17767,10 mg,OD,True,False,d55278ed-fb1e-4a1b-9116-b5f628014a34,ffe42279-f3bd-4683-a6a8-52c1bb9651f3,cd18ec08-f6a4-4724-926f-acd2aeb0daf2,2026-05-22 14:00:00,2026-05-22 14:00:00
c568b732-fef9-4e8e-9749-1aa24a861302,Telmisartan,73494,80 mg,OD,True,False,d55278ed-fb1e-4a1b-9116-b5f628014a34,ffe42279-f3bd-4683-a6a8-52c1bb9651f3,cd18ec08-f6a4-4724-926f-acd2aeb0daf2,2026-05-22 14:00:00,2026-05-22 14:00:00
1fcabe9c-715f-4172-af99-b892b16c23a6,Amlodipine,17767,5 mg,OD,True,True,89a55214-8cd2-48b2-a53a-dd6085378efd,552564e7-84a4-4534-acfd-938092f72643,f3161305-31e6-47c0-8597-e00f4ddec847,2026-03-30 14:49:00,2026-04-29 10:22:00
20693be4-9f93-43a3-8d10-ff2092b188dd,Amlodipine,17767,10 mg,OD,True,False,89a55214-8cd2-48b2-a53a-dd6085378efd,552564e7-84a4-4534-acfd-938092f72643,f3161305-31e6-47c0-8597-e00f4ddec847,2026-04-29 10:22:00,2026-04-29 10:22:00
52df1340-ef55-41ce-a2bd-60734eebfd1d,Amlodipine,17767,5 mg,OD,True,False,8c463ec7-74d0-401b-ab96-ea372d06410b,5f213a58-b179-42d7-9c05-e29474526e82,b302ab11-03e4-4bae-be36-6ec2662f7fc9,2025-10-08 09:32:00,2025-10-08 09:32:00
f6d929b5-8865-43f0-8d31-374f86a0fd0f,Amlodipine,17767,5 mg,OD,True,True,37aa0e55-28bf-4af7-9ace-d684de6b5f72,552564e7-84a4-4534-acfd-938092f72643,448fb26c-4d06-4d9f-a11d-a2745fb4d4c6,2026-03-26 15:59:00,2026-04-19 08:44:00
cd4daed7-7ea7-482b-8c9a-f9f623af0357,Amlodipine,17767,10 mg,OD,True,True,37aa0e55-28bf-4af7-9ace-d684de6b5f72,552564e7-84a4-4534-acfd-938092f72643,f3161305-31e6-47c0-8597-e00f4ddec847,2026-04-19 08:44:00,2026-05-19 15:32:00
8431fab7-f41e-4c39-9a0b-fbecfe4e50f4,Amlodipine,17767,10 mg,OD,True,False,37aa0e55-28bf-4af7-9ace-d684de6b5f72,552564e7-84a4-4534-acfd-938092f72643,0035c5bf-742a-4ff6-9e23-941764d58bb9,2026-05-19 15:32:00,2026-05-19 15:32:00
d0e27c9d-b687-46fb-93fb-8f431c4dffa3,Telmisartan,73494,40 mg,OD,True,False,37aa0e55-28bf-4af7-9ace-d684de6b5f72,552564e7-84a4-4534-acfd-938092f72643,0035c5bf-742a-4ff6-9e23-941764d58bb9,2026-05-19 15:32:00,2026-05-19 15:32:00
069e6378-dad0-4607-880b-8161032f31fd,Amlodipine,17767,5 mg,OD,True,True,9c943843-aed1-4463-a2f7-ddeba6563799,906096d6-f0f6-4da5-9c19-dc403afb4bb8,b0715258-4719-4ce5-8a85-03ccda2c376c,2025-06-18 11:15:00,2026-01-02 12:29:00
c9f3da7d-e2cb-45be-ad60-d7557500acd2,Amlodipine,17767,10 mg,OD,True,True,9c943843-aed1-4463-a2f7-ddeba6563799,906096d6-f0f6-4da5-9c19-dc403afb4bb8,9bae34d8-d312-48ce-9bbf-17fa6222b3f6,2026-01-02 12:29:00,2026-01-29 12:44:00
017d2a00-9c2e-40f5-82bf-8aaac6a78874,Amlodipine,17767,10 mg,OD,True,True,9c943843-aed1-4463-a2f7-ddeba6563799,906096d6-f0f6-4da5-9c19-dc403afb4bb8,8cc3bb69-3add-47d5-9cd2-8cff31252948,2026-01-29 12:44:00,2026-02-22 15:25:00
21ee95ee-fdef-4c4b-83ab-568f07b8af8e,Telmisartan,73494,40 mg,OD,True,True,9c943843-aed1-4463-a2f7-ddeba6563799,906096d6-f0f6-4da5-9c19-dc403afb4bb8,8cc3bb69-3add-47d5-9cd2-8cff31252948,2026-01-29 12:44:00,2026-02-22 15:25:00
8164d396-d526-40ed-b9de-97144c8a29c1,Amlodipine,17767,10 mg,OD,True,False,9c943843-aed1-4463-a2f7-ddeba6563799,906096d6-f0f6-4da5-9c19-dc403afb4bb8,9bae34d8-d312-48ce-9bbf-17fa6222b3f6,2026-02-22 15:25:00,2026-02-22 15:25:00
1db75e10-e80e-4fa1-b1e3-d5e91cd38662,Telmisartan,73494,80 mg,OD,True,False,9c943843-aed1-4463-a2f7-ddeba6563799,906096d6-f0f6-4da5-9c19-dc403afb4bb8,9bae34d8-d312-48ce-9bbf-17fa6222b3f6,2026-02-22 15:25:00,2026-02-22 15:25:00
3ec817e7-4f5b-449c-b33d-44cc05215eb0,Amlodipine,17767,5 mg,OD,True,True,7d05720a-d007-493d-9454-a82b980b73ce,552564e7-84a4-4534-acfd-938092f72643,f3161305-31e6-47c0-8597-e00f4ddec847,2025-05-17 11:16:00,2025-06-16 13:58:00
1d506d3d-21df-4659-9132-70c4ac8a5835,Amlodipine,17767,10 mg,OD,True,True,7d05720a-d007-493d-9454-a82b980b73ce,552564e7-84a4-4534-acfd-938092f72643,448fb26c-4d06-4d9f-a11d-a2745fb4d4c6,2025-06-16 13:58:00,2025-07-29 12:12:00
25f81927-e7e6-4d01-996f-8c7a1207b643,Amlodipine,17767,10 mg,OD,True,True,7d05720a-d007-493d-9454-a82b980b73ce,552564e7-84a4-4534-acfd-938092f72643,f3161305-31e6-47c0-8597-e00f4ddec847,2025-07-29 12:12:00,2025-08-27 08:26:00
1f1b284a-62b8-4c68-af55-716c2cd7bad8,Telmisartan,73494,40 mg,OD,True,True,7d05720a-d007-493d-9454-a82b980b73ce,552564e7-84a4-4534-acfd-938092f72643,f3161305-31e6-47c0-8597-e00f4ddec847,2025-07-29 12:12:00,2025-08-27 08:26:00
01571b39-bd46-41d8-852b-6830c7eb52ed,Amlodipine,17767,10 mg,OD,True,True,7d05720a-d007-493d-9454-a82b980b73ce,552564e7-84a4-4534-acfd-938092f72643,19f2d2b9-737d-4029-8250-945229084df8,2025-08-27 08:26:00,2025-10-25 09:12:00
cde8b181-e661-48db-9625-40c3412b7cfd,Telmisartan,73494,80 mg,OD,True,True,7d05720a-d007-493d-9454-a82b980b73ce,552564e7-84a4-4534-acfd-938092f72643,19f2d2b9-737d-4029-8250-945229084df8,2025-08-27 08:26:00,2025-10-25 09:12:00
a44c25fc-8b2d-480f-b1fe-220b93525bf9,Amlodipine,17767,10 mg,OD,True,False,7d05720a-d007-493d-9454-a82b980b73ce,552564e7-84a4-4534-acfd-938092f72643,448fb26c-4d06-4d9f-a11d-a2745fb4d4c6,2025-10-25 09:12:00,2025-10-25 09:12:00
5900d7c2-e58b-490b-ae10-69e13be16347,Telmisartan,73494,80 mg,OD,True,False,7d05720a-d007-493d-9454-a82b980b73ce,552564e7-84a4-4534-acfd-938092f72643,448fb26c-4d06-4d9f-a11d-a2745fb4d4c6,2025-10-25 09:12:00,2025-10-25 09:12:00
dd618991-a0a1-42a6-b742-6308b93276d0,Chlorthalidone,2409,12.5 mg,OD,True,False,7d05720a-d007-493d-9454-a82b980b73ce,552564e7-84a4-4534-acfd-938092f72643,448fb26c-4d06-4d9f-a11d-a2745fb4d4c6,2025-10-25 09:12:00,2025-10-25 09:12:00
02fa240c-e93c-4949-8d8a-0d1fbbe0e616,Amlodipine,17767,5 mg,OD,True,True,54b6facf-ec4f-4b56-b199-1f4c49327b13,da845e7d-fedd-47ac-b12d-fb734b6449eb,447e99c5-592b-43d3-805b-eb75f1251d2a,2026-02-17 14:38:00,2026-04-03 10:31:00
c645d26b-fc32-45de-8148-dbd435ceab81,Amlodipine,17767,10 mg,OD,True,False,54b6facf-ec4f-4b56-b199-1f4c49327b13,da845e7d-fedd-47ac-b12d-fb734b6449eb,5e76f2ad-b087-4dc4-9d25-73e3e0503036,2026-04-03 10:31:00,2026-04-03 10:31:00
a208b761-7a14-4429-ba88-3c83d19ad344,Amlodipine,17767,5 mg,OD,True,True,a9955436-0e7b-49fa-abe3-d8f91805d028,ffe42279-f3bd-4683-a6a8-52c1bb9651f3,353297dd-2e3c-46c0-a49c-7fd69ac2c389,2025-09-10 08:35:00,2025-10-08 09:48:00
14d11467-5027-4fbc-8112-b4f07e5fa027,Amlodipine,17767,10 mg,OD,True,True,a9955436-0e7b-49fa-abe3-d8f91805d028,ffe42279-f3bd-4683-a6a8-52c1bb9651f3,353297dd-2e3c-46c0-a49c-7fd69ac2c389,2025-10-08 09:48:00,2025-11-15 12:43:00
8249d534-c554-44c0-a96d-984aeeb665a8,Amlodipine,17767,10 mg,OD,True,False,a9955436-0e7b-49fa-abe3-d8f91805d028,ffe42279-f3bd-4683-a6a8-52c1bb9651f3,246dee45-3351-44d3-8a3a-ca414c46c168,2025-11-15 12:43:00,2025-11-15 12:43:00
14586029-b067-4f03-9a56-61e8b62f1382,Telmisartan,73494,40 mg,OD,True,False,a9955436-0e7b-49fa-abe3-d8f91805d028,ffe42279-f3bd-4683-a6a8-52c1bb9651f3,246dee45-3351-44d3-8a3a-ca414c46c168,2025-11-15 12:43:00,2025-11-15 12:43:00
8469627f-6e64-42fb-b60d-b1dfd3a0943b,Amlodipine,17767,5 mg,OD,True,True,c41ca486-dbe2-41ee-a981-b4037d879f4a,552564e7-84a4-4534-acfd-938092f72643,0035c5bf-742a-4ff6-9e23-941764d58bb9,2024-11-15 12:25:00,2025-06-12 10:31:00
33f2341b-49ac-4bcc-82c3-6fcb93bbad5e,Metformin,6809,500 mg,BD,False,False,c41ca486-dbe2-41ee-a981-b4037d879f4a,552564e7-84a4-4534-acfd-938092f72643,0035c5bf-742a-4ff6-9e23-941764d58bb9,2024-11-15 12:25:00,2024-11-15 12:25:00
29b59352-c8ea-4652-ab77-b41ac67780ff,Amlodipine,17767,10 mg,OD,True,False,c41ca486-dbe2-41ee-a981-b4037d879f4a,552564e7-84a4-4534-acfd-938092f72643,0035c5bf-742a-4ff6-9e23-941764d58bb9,2025-06-12 10:31:00,2025-06-12 10:31:00
c64844c1-1679-4b78-bfe3-588a46b5ea3a,Amlodipine,17767,5 mg,OD,True,False,6d63ab74-5d08-4680-a74c-bdc1b37dca76,5f213a58-b179-42d7-9c05-e29474526e82,8e0d0bd7-32bc-44e0-8bb3-7f4f4b13cf78,2026-05-01 14:20:00,2026-05-01 14:20:00
68910004-617a-4f41-b865-3549b69cf066,Amlodipine,17767,5 mg,OD,True,True,1ff53102-f524-4e53-93fb-49e584cb164b,906096d6-f0f6-4da5-9c19-dc403afb4bb8,9bae34d8-d312-48ce-9bbf-17fa6222b3f6,2025-10-09 09:54:00,2025-11-02 09:36:00
f6ec5a3c-716a-4c43-9d41-a063179ea5f4,Amlodipine,17767,10 mg,OD,True,True,1ff53102-f524-4e53-93fb-49e584cb164b,906096d6-f0f6-4da5-9c19-dc403afb4bb8,b0715258-4719-4ce5-8a85-03ccda2c376c,2025-11-02 09:36:00,2026-01-08 11:44:00
1666f14a-4305-41b2-a30a-fa0817522165,Amlodipine,17767,10 mg,OD,True,True,1ff53102-f524-4e53-93fb-49e584cb164b,906096d6-f0f6-4da5-9c19-dc403afb4bb8,b0715258-4719-4ce5-8a85-03ccda2c376c,2026-01-08 11:44:00,2026-02-21 13:12:00
9e746825-f5da-4de0-9afc-63bcd7b0157d,Telmisartan,73494,40 mg,OD,True,True,1ff53102-f524-4e53-93fb-49e584cb164b,906096d6-f0f6-4da5-9c19-dc403afb4bb8,b0715258-4719-4ce5-8a85-03ccda2c376c,2026-01-08 11:44:00,2026-02-21 13:12:00
b08cf297-8890-401f-9c4b-005a2da4aca1,Amlodipine,17767,10 mg,OD,True,False,1ff53102-f524-4e53-93fb-49e584cb164b,906096d6-f0f6-4da5-9c19-dc403afb4bb8,b0715258-4719-4ce5-8a85-03ccda2c376c,2026-02-21 13:12:00,2026-02-21 13:12:00
a268a9c4-4ccc-4842-984d-c013cc2da624,Telmisartan,73494,80 mg,OD,True,False,1ff53102-f524-4e53-93fb-49e584cb164b,906096d6-f0f6-4da5-9c19-dc403afb4bb8,b0715258-4719-4ce5-8a85-03ccda2c376c,2026-02-21 13:12:00,2026-02-21 13:12:00
e371c772-f30d-4522-8a5d-e41edd904254,Amlodipine,17767,5 mg,OD,True,True,00b17037-d400-4dff-9015-8b25f6f490f9,906096d6-f0f6-4da5-9c19-dc403afb4bb8,9bae34d8-d312-48ce-9bbf-17fa6222b3f6,2026-07-12 14:28:00,2026-08-12 10:44:00
b6f9befd-9703-4c1c-924e-6924ea7ed132,Amlodipine,17767,10 mg,OD,True,False,00b17037-d400-4dff-9015-8b25f6f490f9,906096d6-f0f6-4da5-9c19-dc403afb4bb8,9bae34d8-d312-48ce-9bbf-17fa6222b3f6,2026-08-12 10:44:00,2026-08-12 10:44:00
5647c0dc-991a-411e-9e72-ba11c7e0d76c,Amlodipine,17767,5 mg,OD,True,False,f042c1c1-3dde-4647-bddc-aab05986d7b3,552564e7-84a4-4534-acfd-938092f72643,c762646d-3ec2-420a-956d-f1b73ea05187,2024-09-10 14:51:00,2024-09-10 14:51:00
11c595a4-f663-4294-b6bf-726ad05af214,Amlodipine,17767,5 mg,OD,True,True,fe05bf35-3b97-44c6-a7dd-757350f4d983,ffe42279-f3bd-4683-a6a8-52c1bb9651f3,246dee45-3351-44d3-8a3a-ca414c46c168,2025-06-01 13:11:00,2025-07-02 14:22:00
ad8cc9cc-ad05-4cc1-82c8-60db55bbacd7,Amlodipine,17767,10 mg,OD,True,True,fe05bf35-3b97-44c6-a7dd-757350f4d983,ffe42279-f3bd-4683-a6a8-52c1bb9651f3,353297dd-2e3c-46c0-a49c-7fd69ac2c389,2025-07-02 14:22:00,2025-08-03 10:55:00
b75ad29c-2925-4082-a696-3c547f2b10ee,Amlodipine,17767,10 mg,OD,True,False,fe05bf35-3b97-44c6-a7dd-757350f4d983,ffe42279-f3bd-4683-a6a8-52c1bb9651f3,4519b91f-242d-4e4d-ae0c-da1f0c701874,2025-08-03 10:55:00,2025-08-03 10:55:00
d26c5e18-af37-4360-8f35-7148798689ad,Telmisartan,73494,40 mg,OD,True,False,fe05bf35-3b97-44c6-a7dd-757350f4d983,ffe42279-f3bd-4683-a6a8-52c1bb9651f3,4519b91f-242d-4e4d-ae0c-da1f0c701874,2025-08-03 10:55:00,2025-08-03 10:55:00
266f6274-5549-4681-a849-944a699cd046,Amlodipine,17767,5 mg,OD,True,True,75bfba9d-4dc2-414d-bf30-01153edd908a,906096d6-f0f6-4da5-9c19-dc403afb4bb8,8cc3bb69-3add-47d5-9cd2-8cff31252948,2026-05-04 14:36:00,2026-05-14 10:35:00
785efa83-c5a7-49a7-9c26-03652c6e0dfa,Amlodipine,17767,10 mg,OD,True,True,75bfba9d-4dc2-414d-bf30-01153edd908a,906096d6-f0f6-4da5-9c19-dc403afb4bb8,8cc3bb69-3add-47d5-9cd2-8cff31252948,2026-05-14 10:35:00,2026-08-13 10:46:00
4f7fd20d-e24d-4c22-aff9-f6e3deb45334,Amlodipine,17767,10 mg,OD,True,False,75bfba9d-4dc2-414d-bf30-01153edd908a,906096d6-f0f6-4da5-9c19-dc403afb4bb8,9bae34d8-d312-48ce-9bbf-17fa6222b3f6,2026-08-13 10:46:00,2026-08-13 10:46:00
747bc185-a5ac-4a1a-9429-765c3d7d9200,Telmisartan,73494,40 mg,OD,True,False,75bfba9d-4dc2-414d-bf30-01153edd908a,906096d6-f0f6-4da5-9c19-dc403afb4bb8,9bae34d8-d312-48ce-9bbf-17fa6222b3f6,2026-08-13 10:46:00,2026-08-13 10:46:00
3940bfea-3cc0-4bdc-92df-3c804aa7ca0f,Amlodipine,17767,5 mg,OD,True,False,d5aa1d60-d9c3-4956-b1b1-b8d9e7d7b5f5,906096d6-f0f6-4da5-9c19-dc403afb4bb8,9bae34d8-d312-48ce-9bbf-17fa6222b3f6,2026-05-10 11:39:00,2026-05-10 11:39:00
f19a5897-56af-4666-858e-627d679d7de4,Amlodipine,17767,5 mg,OD,True,True,b30d62fc-d861-41ab-b81c-8f5f8d624691,ffe42279-f3bd-4683-a6a8-52c1bb9651f3,cd18ec08-f6a4-4724-926f-acd2aeb0daf2,2025-09-06 08:26:00,2025-10-04 08:49:00
d44175ed-ac8b-4f18-9fd7-d5ee145d46a4,Amlodipine,17767,10 mg,OD,True,True,b30d62fc-d861-41ab-b81c-8f5f8d624691,ffe42279-f3bd-4683-a6a8-52c1bb9651f3,4519b91f-242d-4e4d-ae0c-da1f0c701874,2025-10-04 08:49:00,2025-11-02 10:46:00
04b70c15-e280-4cd5-94a6-06fef6a8ac3e,Amlodipine,17767,10 mg,OD,True,False,b30d62fc-d861-41ab-b81c-8f5f8d624691,ffe42279-f3bd-4683-a6a8-52c1bb9651f3,cd18ec08-f6a4-4724-926f-acd2aeb0daf2,2025-11-02 10:46:00,2025-11-02 10:46:00
b7f917c5-1703-467b-84c7-73eb179cc3f5,Telmisartan,73494,40 mg,OD,True,False,b30d62fc-d861-41ab-b81c-8f5f8d624691,ffe42279-f3bd-4683-a6a8-52c1bb9651f3,cd18ec08-f6a4-4724-926f-acd2aeb0daf2,2025-11-02 10:46:00,2025-11-02 10:46:00
4395d59e-0d7a-447d-87f6-847b21a23a59,Amlodipine,17767,5 mg,OD,True,True,d09d09b0-c9ec-4723-9a60-c9ab8b291ea6,ffe42279-f3bd-4683-a6a8-52c1bb9651f3,246dee45-3351-44d3-8a3a-ca414c46c168,2025-05-23 08:35:00,2025-07-04 08:52:00
c1f30429-4128-4229-a50a-4d6de8348c7b,Amlodipine,17767,10 mg,OD,True,True,d09d09b0-c9ec-4723-9a60-c9ab8b291ea6,ffe42279-f3bd-4683-a6a8-52c1bb9651f3,4519b91f-242d-4e4d-ae0c-da1f0c701874,2025-07-04 08:52:00,2025-08-04 12:31:00
2a8695f4-751f-4b90-b2e6-3d463ed498d2,Amlodipine,17767,10 mg,OD,True,True,d09d09b0-c9ec-4723-9a60-c9ab8b291ea6,ffe42279-f3bd-4683-a6a8-52c1bb9651f3,353297dd-2e3c-46c0-a49c-7fd69ac2c389,2025-08-04 12:31:00,2025-10-24 15:30:00
8d1e41c7-b3c9-4eca-b924-2e7a39ef52c8,Telmisartan,73494,40 mg,OD,True,True,d09d09b0-c9ec-4723-9a60-c9ab8b291ea6,ffe42279-f3bd-4683-a6a8-52c1bb9651f3,353297dd-2e3c-46c0-a49c-7fd69ac2c389,2025-08-04 12:31:00,2025-10-24 15:30:00
a4f69b3e-26fe-4945-bcb9-3a5b3da0cccc,Amlodipine,17767,10 mg,OD,True,True,d09d09b0-c9ec-4723-9a60-c9ab8b291ea6,ffe42279-f3bd-4683-a6a8-52c1bb9651f3,353297dd-2e3c-46c0-a49c-7fd69ac2c389,2025-10-24 15:30:00,2025-12-31 13:31:00
6bffc13f-1c99-42f9-9b51-f0473946a95c,Telmisartan,73494,80 mg,OD,True,True,d09d09b0-c9ec-4723-9a60-c9ab8b291ea6,ffe42279-f3bd-4683-a6a8-52c1bb9651f3,353297dd-2e3c-46c0-a49c-7fd69ac2c389,2025-10-24 15:30:00,2025-12-31 13:31:00
27ae5d9c-8173-4f4a-b2db-548c79755c74,Amlodipine,17767,10 mg,OD,True,False,d09d09b0-c9ec-4723-9a60-c9ab8b291ea6,ffe42279-f3bd-4683-a6a8-52c1bb9651f3,4519b91f-242d-4e4d-ae0c-da1f0c701874,2025-12-31 13:31:00,2025-12-31 13:31:00
f412a626-a708-47ec-972e-f0d01f28d87f,Telmisartan,73494,80 mg,OD,True,False,d09d09b0-c9ec-4723-9a60-c9ab8b291ea6,ffe42279-f3bd-4683-a6a8-52c1bb9651f3,4519b91f-242d-4e4d-ae0c-da1f0c701874,2025-12-31 13:31:00,2025-12-31 13:31:00
14a951a9-de58-4da0-a73b-bcb2d80b9b96,Chlorthalidone,2409,12.5 mg,OD,True,False,d09d09b0-c9ec-4723-9a60-c9ab8b291ea6,ffe42279-f3bd-4683-a6a8-52c1bb9651f3,4519b91f-242d-4e4d-ae0c-da1f0c701874,2025-12-31 13:31:00,2025-12-31 13:31:00
1fcaa792-40bb-455e-adf8-0a6dd7d39af3,Amlodipine,17767,5 mg,OD,True,True,6911cfaa-23dd-4278-b8f6-8a557e268f32,5f213a58-b179-42d7-9c05-e29474526e82,2db9a55b-d59a-4a30-a4c8-bf7ae0a1e014,2025-07-11 11:41:00,2025-12-20 08:19:00
9312f70c-9c89-4bf1-928e-460fed2c3a1c,Metformin,6809,500 mg,BD,False,False,6911cfaa-23dd-4278-b8f6-8a557e268f32,5f213a58-b179-42d7-9c05-e29474526e82,2db9a55b-d59a-4a30-a4c8-bf7ae0a1e014,2025-07-11 11:41:00,2025-07-11 11:41:00
837ca110-d3fc-4426-93bd-b545adf074f7,Amlodipine,17767,10 mg,OD,True,True,6911cfaa-23dd-4278-b8f6-8a557e268f32,5f213a58-b179-42d7-9c05-e29474526e82,2db9a55b-d59a-4a30-a4c8-bf7ae0a1e014,2025-12-20 08:19:00,2026-04-19 09:46:00
a2d115cb-e835-43e8-8b68-fba0de9e5cf3,Amlodipine,17767,10 mg,OD,True,True,6911cfaa-23dd-4278-b8f6-8a557e268f32,5f213a58-b179-42d7-9c05-e29474526e82,8e0d0bd7-32bc-44e0-8bb3-7f4f4b13cf78,2026-04-19 09:46:00,2026-07-12 14:28:00
8e85ac22-b047-4edb-979d-96a3a4623ece,Telmisartan,73494,40 mg,OD,True,True,6911cfaa-23dd-4278-b8f6-8a557e268f32,5f213a58-b179-42d7-9c05-e29474526e82,8e0d0bd7-32bc-44e0-8bb3-7f4f4b13cf78,2026-04-19 09:46:00,2026-07-12 14:28:00
7a280816-9635-4341-bf50-64099648a951,Amlodipine,17767,10 mg,OD,True,False,6911cfaa-23dd-4278-b8f6-8a557e268f32,5f213a58-b179-42d7-9c05-e29474526e82,406a76ac-2a9d-4982-b6f8-1efb7296c6c0,2026-07-12 14:28:00,2026-07-12 14:28:00
b81c7e1c-8686-44ac-a230-4f31cf3ab760,Telmisartan,73494,80 mg,OD,True,False,6911cfaa-23dd-4278-b8f6-8a557e268f32,5f213a58-b179-42d7-9c05-e29474526e82,406a76ac-2a9d-4982-b6f8-1efb7296c6c0,2026-07-12 14:28:00,2026-07-12 14:28:00
394da0b5-62fa-45b5-83ed-4af219019544,Amlodipine,17767,5 mg,OD,True,False,d2543b90-a9c9-4cd4-8244-3ab6223536b5,552564e7-84a4-4534-acfd-938092f72643,0035c5bf-742a-4ff6-9e23-941764d58bb9,2024-10-03 14:49:00,2024-10-03 14:49:00
d3494bdc-e117-4771-ac52-48719ca7f1e8,Amlodipine,17767,5 mg,OD,True,False,0b23d63c-cf0d-4a35-a0cc-c1877d57eafd,552564e7-84a4-4534-acfd-938092f72643,f3161305-31e6-47c0-8597-e00f4ddec847,2025-10-18 11:14:00,2025-10-18 11:14:00
a2b7163b-cd8d-4d50-b80e-6da3412be5a4,Metformin,6809,500 mg,BD,False,False,0b23d63c-cf0d-4a35-a0cc-c1877d57eafd,552564e7-84a4-4534-acfd-938092f72643,f3161305-31e6-47c0-8597-e00f4ddec847,2025-10-18 11:14:00,2025-10-18 11:14:00
5a0ee55e-00ec-4fc3-afe0-b3ced33a8bef,Amlodipine,17767,5 mg,OD,True,False,53c94caa-6c76-405d-b011-fdf88d4425ec,da845e7d-fedd-47ac-b12d-fb734b6449eb,5e76f2ad-b087-4dc4-9d25-73e3e0503036,2026-06-02 14:24:00,2026-06-02 14:24:00
fb7416d7-a245-45cc-b0a2-b7fb067315a4,Amlodipine,17767,5 mg,OD,True,True,1735900a-9b6b-4fce-a7f3-ad4fa5671acf,906096d6-f0f6-4da5-9c19-dc403afb4bb8,8cc3bb69-3add-47d5-9cd2-8cff31252948,2025-01-02 13:49:00,2025-03-26 10:01:00
467b8a99-9ab3-4395-ac06-9a3cf12735c9,Amlodipine,17767,10 mg,OD,True,True,1735900a-9b6b-4fce-a7f3-ad4fa5671acf,906096d6-f0f6-4da5-9c19-dc403afb4bb8,8cc3bb69-3add-47d5-9cd2-8cff31252948,2025-03-26 10:01:00,2025-05-23 13:11:00
9e46fbdc-61ad-4e90-910d-f52c311af7c3,Amlodipine,17767,10 mg,OD,True,False,1735900a-9b6b-4fce-a7f3-ad4fa5671acf,906096d6-f0f6-4da5-9c19-dc403afb4bb8,9bae34d8-d312-48ce-9bbf-17fa6222b3f6,2025-05-23 13:11:00,2025-05-23 13:11:00
5a04d444-82e7-4807-9656-aaa49910fd8c,Telmisartan,73494,40 mg,OD,True,False,1735900a-9b6b-4fce-a7f3-ad4fa5671acf,906096d6-f0f6-4da5-9c19-dc403afb4bb8,9bae34d8-d312-48ce-9bbf-17fa6222b3f6,2025-05-23 13:11:00,2025-05-23 13:11:00
cbf39136-45fb-4337-9ed6-1e73964a6257,Amlodipine,17767,5 mg,OD,True,True,169cd9ca-d881-45bc-a78e-c5c031b47fe6,906096d6-f0f6-4da5-9c19-dc403afb4bb8,9bae34d8-d312-48ce-9bbf-17fa6222b3f6,2024-10-12 10:18:00,2024-11-18 10:47:00
a4bbb431-3e45-4f17-9e6f-a3328810a538,Metformin,6809,500 mg,BD,False,False,169cd9ca-d881-45bc-a78e-c5c031b47fe6,906096d6-f0f6-4da5-9c19-dc403afb4bb8,9bae34d8-d312-48ce-9bbf-17fa6222b3f6,2024-10-12 10:18:00,2024-10-12 10:18:00
f8c70dc9-b46f-4ee9-b3d1-50938a6a20b5,Amlodipine,17767,10 mg,OD,True,True,169cd9ca-d881-45bc-a78e-c5c031b47fe6,906096d6-f0f6-4da5-9c19-dc403afb4bb8,9bae34d8-d312-48ce-9bbf-17fa6222b3f6,2024-11-18 10:47:00,2025-03-22 09:01:00
ddc2180e-0dfc-4445-b041-3c8158fbe89f,Amlodipine,17767,10 mg,OD,True,True,169cd9ca-d881-45bc-a78e-c5c031b47fe6,906096d6-f0f6-4da5-9c19-dc403afb4bb8,8cc3bb69-3add-47d5-9cd2-8cff31252948,2025-03-22 09:01:00,2025-05-09 11:52:00
83d7a6f8-1f60-45cd-b040-f65d06c90537,Telmisartan,73494,40 mg,OD,True,True,169cd9ca-d881-45bc-a78e-c5c031b47fe6,906096d6-f0f6-4da5-9c19-dc403afb4bb8,8cc3bb69-3add-47d5-9cd2-8cff31252948,2025-03-22 09:01:00,2025-05-09 11:52:00
8ca5a523-6042-41ef-879d-5a4dd9ffed8c,Amlodipine,17767,10 mg,OD,True,False,169cd9ca-d881-45bc-a78e-c5c031b47fe6,906096d6-f0f6-4da5-9c19-dc403afb4bb8,9bae34d8-d312-48ce-9bbf-17fa6222b3f6,2025-05-09 11:52:00,2025-05-09 11:52:00
39ca0a38-1597-4787-a58d-869b301ccb0d,Telmisartan,73494,80 mg,OD,True,False,169cd9ca-d881-45bc-a78e-c5c031b47fe6,906096d6-f0f6-4da5-9c19-dc403afb4bb8,9bae34d8-d312-48ce-9bbf-17fa6222b3f6,2025-05-09 11:52:00,2025-05-09 11:52:00
99959d86-2440-419c-b707-d74ab4a14467,Amlodipine,17767,5 mg,OD,True,True,d94b9bdf-7e65-4d84-9b13-235e8e86a0d7,ffe42279-f3bd-4683-a6a8-52c1bb9651f3,246dee45-3351-44d3-8a3a-ca414c46c168,2024-12-01 15:36:00,2025-01-22 13:49:00
a1039f8e-e0d2-4004-a313-3bcd1c3b5975,Metformin,6809,500 mg,BD,False,False,d94b9bdf-7e65-4d84-9b13-235e8e86a0d7,ffe42279-f3bd-4683-a6a8-52c1bb9651f3,246dee45-3351-44d3-8a3a-ca414c46c168,2024-12-01 15:36:00,2024-12-01 15:36:00
b6f73181-c915-468f-9279-27ab92446809,Amlodipine,17767,10 mg,OD,True,True,d94b9bdf-7e65-4d84-9b13-235e8e86a0d7,ffe42279-f3bd-4683-a6a8-52c1bb9651f3,cd18ec08-f6a4-4724-926f-acd2aeb0daf2,2025-01-22 13:49:00,2025-02-20 09:07:00
71f819f0-6da7-4192-abf1-10bb71199497,Amlodipine,17767,10 mg,OD,True,True,d94b9bdf-7e65-4d84-9b13-235e8e86a0d7,ffe42279-f3bd-4683-a6a8-52c1bb9651f3,4519b91f-242d-4e4d-ae0c-da1f0c701874,2025-02-20 09:07:00,2025-08-14 13:44:00
46d1c6e9-2632-4f45-bfa5-8382dfe2514f,Telmisartan,73494,40 mg,OD,True,True,d94b9bdf-7e65-4d84-9b13-235e8e86a0d7,ffe42279-f3bd-4683-a6a8-52c1bb9651f3,4519b91f-242d-4e4d-ae0c-da1f0c701874,2025-02-20 09:07:00,2025-08-14 13:44:00
cf81d044-d0dd-44c8-adf9-990b5bbce5ca,Amlodipine,17767,10 mg,OD,True,True,d94b9bdf-7e65-4d84-9b13-235e8e86a0d7,ffe42279-f3bd-4683-a6a8-52c1bb9651f3,246dee45-3351-44d3-8a3a-ca414c46c168,2025-08-14 13:44:00,2025-09-10 13:41:00
dbddcd6c-6a16-4bac-a619-fa702174669f,Telmisartan,73494,80 mg,OD,True,True,d94b9bdf-7e65-4d84-9b13-235e8e86a0d7,ffe42279-f3bd-4683-a6a8-52c1bb9651f3,246dee45-3351-44d3-8a3a-ca414c46c168,2025-08-14 13:44:00,2025-09-10 13:41:00
6cfcb515-681c-4246-820d-8a7cb22a8bdd,Amlodipine,17767,10 mg,OD,True,False,d94b9bdf-7e65-4d84-9b13-235e8e86a0d7,ffe42279-f3bd-4683-a6a8-52c1bb9651f3,246dee45-3351-44d3-8a3a-ca414c46c168,2025-09-10 13:41:00,2025-09-10 13:41:00
5e3d6b93-1cc6-4ea3-afc1-e8b855458ce6,Telmisartan,73494,80 mg,OD,True,False,d94b9bdf-7e65-4d84-9b13-235e8e86a0d7,ffe42279-f3bd-4683-a6a8-52c1bb9651f3,246dee45-3351-44d3-8a3a-ca414c46c168,2025-09-10 13:41:00,2025-09-10 13:41:00
82f34ec8-52bb-4dae-94cf-d8eee0c10f01,Chlorthalidone,2409,12.5 mg,OD,True,False,d94b9bdf-7e65-4d84-9b13-235e8e86a0d7,ffe42279-f3bd-4683-a6a8-52c1bb9651f3,246dee45-3351-44d3-8a3a-ca414c46c168,2025-09-10 13:41:00,2025-09-10 13:41:00
eff141f2-ee00-43b8-bad6-1bf1c698cfb2,Amlodipine,17767,5 mg,OD,True,True,d2acf484-385b-444c-9ff1-9bd6235e876c,5f213a58-b179-42d7-9c05-e29474526e82,2db9a55b-d59a-4a30-a4c8-bf7ae0a1e014,2025-08-17 10:26:00,2025-09-14 12:37:00
3a26a529-aac4-4deb-a10b-f16ceed06ee6,Amlodipine,17767,10 mg,OD,True,True,d2acf484-385b-444c-9ff1-9bd6235e876c,5f213a58-b179-42d7-9c05-e29474526e82,b302ab11-03e4-4bae-be36-6ec2662f7fc9,2025-09-14 12:37:00,2025-10-12 11:56:00
7257825a-4a3b-40a5-85dc-d3b3c43f79c6,Amlodipine,17767,10 mg,OD,True,True,d2acf484-385b-444c-9ff1-9bd6235e876c,5f213a58-b179-42d7-9c05-e29474526e82,406a76ac-2a9d-4982-b6f8-1efb7296c6c0,2025-10-12 11:56:00,2026-03-31 14:35:00
ed81b42a-79a7-4a5d-83bc-5e28a0164069,Telmisartan,73494,40 mg,OD,True,True,d2acf484-385b-444c-9ff1-9bd6235e876c,5f213a58-b179-42d7-9c05-e29474526e82,406a76ac-2a9d-4982-b6f8-1efb7296c6c0,2025-10-12 11:56:00,2026-03-31 14:35:00
d2709be5-76d8-4a66-9021-136c6779d097,Amlodipine,17767,10 mg,OD,True,True,d2acf484-385b-444c-9ff1-9bd6235e876c,5f213a58-b179-42d7-9c05-e29474526e82,2db9a55b-d59a-4a30-a4c8-bf7ae0a1e014,2026-03-31 14:35:00,2026-05-19 14:21:00
a575c8e2-1fa8-44e4-be34-79cc48972bc2,Telmisartan,73494,80 mg,OD,True,True,d2acf484-385b-444c-9ff1-9bd6235e876c,5f213a58-b179-42d7-9c05-e29474526e82,2db9a55b-d59a-4a30-a4c8-bf7ae0a1e014,2026-03-31 14:35:00,2026-05-19 14:21:00
3ae2f473-6301-4f15-b9fd-3cc795dd8697,Amlodipine,17767,10 mg,OD,True,False,d2acf484-385b-444c-9ff1-9bd6235e876c,5f213a58-b179-42d7-9c05-e29474526e82,406a76ac-2a9d-4982-b6f8-1efb7296c6c0,2026-05-19 14:21:00,2026-05-19 14:21:00
cca97106-ff6e-4598-be80-5569bc0aaa13,Telmisartan,73494,80 mg,OD,True,False,d2acf484-385b-444c-9ff1-9bd6235e876c,5f213a58-b179-42d7-9c05-e29474526e82,406a76ac-2a9d-4982-b6f8-1efb7296c6c0,2026-05-19 14:21:00,2026-05-19 14:21:00
80e20e3f-355c-40bc-9dab-3acae5d9ff65,Chlorthalidone,2409,12.5 mg,OD,True,False,d2acf484-385b-444c-9ff1-9bd6235e876c,5f213a58-b179-42d7-9c05-e29474526e82,406a76ac-2a9d-4982-b6f8-1efb7296c6c0,2026-05-19 14:21:00,2026-05-19 14:21:00
c3286d65-a64e-4bd9-8148-02d2be959a0d,Amlodipine,17767,5 mg,OD,True,True,10bfb3f5-36f7-444f-b7ab-a6c25971282b,5f213a58-b179-42d7-9c05-e29474526e82,2db9a55b-d59a-4a30-a4c8-bf7ae0a1e014,2025-09-14 11:04:00,2025-11-14 14:38:00
ce41a66b-d47d-44aa-adc5-d7b6d9ef595e,Amlodipine,17767,10 mg,OD,True,True,10bfb3f5-36f7-444f-b7ab-a6c25971282b,5f213a58-b179-42d7-9c05-e29474526e82,406a76ac-2a9d-4982-b6f8-1efb7296c6c0,2025-11-14 14:38:00,2025-12-15 10:42:00
91fad168-0a25-41aa-999c-5123d0f842c8,Amlodipine,17767,10 mg,OD,True,True,10bfb3f5-36f7-444f-b7ab-a6c25971282b,5f213a58-b179-42d7-9c05-e29474526e82,8e0d0bd7-32bc-44e0-8bb3-7f4f4b13cf78,2025-12-15 10:42:00,2026-01-09 15:05:00
937e7f64-d80d-4b41-a9b5-64435f8c323c,Telmisartan,73494,40 mg,OD,True,True,10bfb3f5-36f7-444f-b7ab-a6c25971282b,5f213a58-b179-42d7-9c05-e29474526e82,8e0d0bd7-32bc-44e0-8bb3-7f4f4b13cf78,2025-12-15 10:42:00,2026-01-09 15:05:00
85c86c6e-87f8-428a-9f80-dd349e530c29,Amlodipine,17767,10 mg,OD,True,True,10bfb3f5-36f7-444f-b7ab-a6c25971282b,5f213a58-b179-42d7-9c05-e29474526e82,b302ab11-03e4-4bae-be36-6ec2662f7fc9,2026-01-09 15:05:00,2026-01-23 12:04:00
ce8ccc3c-6ae2-4508-bb07-a608ed99c937,Telmisartan,73494,80 mg,OD,True,True,10bfb3f5-36f7-444f-b7ab-a6c25971282b,5f213a58-b179-42d7-9c05-e29474526e82,b302ab11-03e4-4bae-be36-6ec2662f7fc9,2026-01-09 15:05:00,2026-01-23 12:04:00
063f9d37-c841-4934-9a3f-f934fc1956fa,Amlodipine,17767,10 mg,OD,True,False,10bfb3f5-36f7-444f-b7ab-a6c25971282b,5f213a58-b179-42d7-9c05-e29474526e82,b302ab11-03e4-4bae-be36-6ec2662f7fc9,2026-01-23 12:04:00,2026-01-23 12:04:00
eb3f178c-30f5-4e69-a60f-1e53185ba567,Telmisartan,73494,80 mg,OD,True,False,10bfb3f5-36f7-444f-b7ab-a6c25971282b,5f213a58-b179-42d7-9c05-e29474526e82,b302ab11-03e4-4bae-be36-6ec2662f7fc9,2026-01-23 12:04:00,2026-01-23 12:04:00
eb216b69-5c49-4d47-a960-38430eb77617,Chlorthalidone,2409,12.5 mg,OD,True,False,10bfb3f5-36f7-444f-b7ab-a6c25971282b,5f213a58-b179-42d7-9c05-e29474526e82,b302ab11-03e4-4bae-be36-6ec2662f7fc9,2026-01-23 12:04:00,2026-01-23 12:04:00
555ad7bf-dd9a-48a9-9f67-d0fc19f3beb1,Amlodipine,17767,5 mg,OD,True,True,29ea352a-4a1e-4376-afb8-972e8fdecc76,5f213a58-b179-42d7-9c05-e29474526e82,406a76ac-2a9d-4982-b6f8-1efb7296c6c0,2025-05-16 13:04:00,2025-09-01 10:21:00
45791475-134a-4802-b5d7-95b251425c29,Amlodipine,17767,10 mg,OD,True,False,29ea352a-4a1e-4376-afb8-972e8fdecc76,5f213a58-b179-42d7-9c05-e29474526e82,2db9a55b-d59a-4a30-a4c8-bf7ae0a1e014,2025-09-01 10:21:00,2025-09-01 10:21:00
c1734466-0d85-4f80-8486-067e6f9ded8d,Amlodipine,17767,5 mg,OD,True,True,84205bf5-8a7d-4ac6-ab4e-963cd366dabc,5f213a58-b179-42d7-9c05-e29474526e82,2db9a55b-d59a-4a30-a4c8-bf7ae0a1e014,2026-06-29 09:56:00,2026-07-29 08:25:00
0929d43f-9fb6-4ea7-a9b3-18f56c2c4978,Amlodipine,17767,10 mg,OD,True,False,84205bf5-8a7d-4ac6-ab4e-963cd366dabc,5f213a58-b179-42d7-9c05-e29474526e82,b302ab11-03e4-4bae-be36-6ec2662f7fc9,2026-07-29 08:25:00,2026-07-29 08:25:00
9f2a88c8-1fc8-40d0-a9e9-f67ba89130ad,Amlodipine,17767,5 mg,OD,True,False,2a3950cf-9c04-4c94-a5e8-ee8e4a41769b,5f213a58-b179-42d7-9c05-e29474526e82,406a76ac-2a9d-4982-b6f8-1efb7296c6c0,2026-06-28 13:18:00,2026-06-28 13:18:00
2588bb36-9b82-47e1-b80c-654e5f00f675,Amlodipine,17767,5 mg,OD,True,False,097e2669-1214-47f4-a4b7-367068ebcb9f,5f213a58-b179-42d7-9c05-e29474526e82,8e0d0bd7-32bc-44e0-8bb3-7f4f4b13cf78,2026-02-19 09:34:00,2026-02-19 09:34:00
1918a54d-5ac6-420f-8a70-561480afb018,Amlodipine,17767,5 mg,OD,True,True,07888b0c-585a-49bb-82e3-e4a98a3465c0,552564e7-84a4-4534-acfd-938092f72643,c762646d-3ec2-420a-956d-f1b73ea05187,2024-09-07 08:03:00,2024-11-11 08:40:00
291199ef-4c3d-4057-a95c-155333e5b18c,Amlodipine,17767,10 mg,OD,True,True,07888b0c-585a-49bb-82e3-e4a98a3465c0,552564e7-84a4-4534-acfd-938092f72643,213c0975-3815-4ea4-ba67-23c54c2546da,2024-11-11 08:40:00,2025-02-20 13:05:00
aa94f2f0-77f0-4e46-81a6-c4b6cc6a46a1,Amlodipine,17767,10 mg,OD,True,True,07888b0c-585a-49bb-82e3-e4a98a3465c0,552564e7-84a4-4534-acfd-938092f72643,448fb26c-4d06-4d9f-a11d-a2745fb4d4c6,2025-02-20 13:05:00,2025-03-23 09:00:00
7e92b3c6-b6ab-4d79-a6eb-3b0df043ae49,Telmisartan,73494,40 mg,OD,True,True,07888b0c-585a-49bb-82e3-e4a98a3465c0,552564e7-84a4-4534-acfd-938092f72643,448fb26c-4d06-4d9f-a11d-a2745fb4d4c6,2025-02-20 13:05:00,2025-03-23 09:00:00
335844af-dd59-4c6d-9e18-63a60981bb5a,Amlodipine,17767,10 mg,OD,True,True,07888b0c-585a-49bb-82e3-e4a98a3465c0,552564e7-84a4-4534-acfd-938092f72643,c762646d-3ec2-420a-956d-f1b73ea05187,2025-03-23 09:00:00,2025-05-10 13:28:00
2c413109-1be8-415f-b5bb-c6a1df5a9096,Telmisartan,73494,80 mg,OD,True,True,07888b0c-585a-49bb-82e3-e4a98a3465c0,552564e7-84a4-4534-acfd-938092f72643,c762646d-3ec2-420a-956d-f1b73ea05187,2025-03-23 09:00:00,2025-05-10 13:28:00
7461aa75-e7b3-4465-a574-f8f9c9db3fb1,Amlodipine,17767,10 mg,OD,True,False,07888b0c-585a-49bb-82e3-e4a98a3465c0,552564e7-84a4-4534-acfd-938092f72643,f3161305-31e6-47c0-8597-e00f4ddec847,2025-05-10 13:28:00,2025-05-10 13:28:00
07173119-bf75-438a-b66a-f77db653f3c8,Telmisartan,73494,80 mg,OD,True,False,07888b0c-585a-49bb-82e3-e4a98a3465c0,552564e7-84a4-4534-acfd-938092f72643,f3161305-31e6-47c0-8597-e00f4ddec847,2025-05-10 13:28:00,2025-05-10 13:28:00
ba51abed-c548-4b45-9841-a975d52ea603,Chlorthalidone,2409,12.5 mg,OD,True,False,07888b0c-585a-49bb-82e3-e4a98a3465c0,552564e7-84a4-4534-acfd-938092f72643,f3161305-31e6-47c0-8597-e00f4ddec847,2025-05-10 13:28:00,2025-05-10 13:28:00
ff23472d-57b1-4435-8330-371c4c2d6259,Amlodipine,17767,5 mg,OD,True,False,1f3d92df-bd4c-455b-ae16-1c2bbf143724,5f213a58-b179-42d7-9c05-e29474526e82,8e0d0bd7-32bc-44e0-8bb3-7f4f4b13cf78,2025-06-18 15:54:00,2025-06-18 15:54:00
25f51e40-5268-428e-a89d-c39d4a6553d2,Amlodipine,17767,5 mg,OD,True,False,eedd09c9-d902-4a33-a350-94fd6ed36f43,ffe42279-f3bd-4683-a6a8-52c1bb9651f3,cd18ec08-f6a4-4724-926f-acd2aeb0daf2,2025-01-26 15:38:00,2025-01-26 15:38:00
ad06ec95-0b70-453a-a9e5-f3785f66379d,Amlodipine,17767,5 mg,OD,True,True,32c5aeac-6fcc-4edc-95ce-1a140b1a29d0,da845e7d-fedd-47ac-b12d-fb734b6449eb,5e76f2ad-b087-4dc4-9d25-73e3e0503036,2024-09-09 08:03:00,2024-10-10 13:07:00
6a93f1be-36cc-4734-b886-c54c269c8678,Amlodipine,17767,10 mg,OD,True,True,32c5aeac-6fcc-4edc-95ce-1a140b1a29d0,da845e7d-fedd-47ac-b12d-fb734b6449eb,447e99c5-592b-43d3-805b-eb75f1251d2a,2024-10-10 13:07:00,2024-10-26 09:26:00
c4d081c4-c0e1-4d57-96ec-4dc8584a7578,Amlodipine,17767,10 mg,OD,True,True,32c5aeac-6fcc-4edc-95ce-1a140b1a29d0,da845e7d-fedd-47ac-b12d-fb734b6449eb,447e99c5-592b-43d3-805b-eb75f1251d2a,2024-10-26 09:26:00,2024-11-24 09:17:00
2cdf1690-1060-4e9f-a195-ab822d381cd3,Telmisartan,73494,40 mg,OD,True,True,32c5aeac-6fcc-4edc-95ce-1a140b1a29d0,da845e7d-fedd-47ac-b12d-fb734b6449eb,447e99c5-592b-43d3-805b-eb75f1251d2a,2024-10-26 09:26:00,2024-11-24 09:17:00
edeaa2b0-35d0-47a5-96db-58dd7a5d0417,Amlodipine,17767,10 mg,OD,True,True,32c5aeac-6fcc-4edc-95ce-1a140b1a29d0,da845e7d-fedd-47ac-b12d-fb734b6449eb,e18956f3-25d3-4ad3-9e29-e476c974b1e2,2024-11-24 09:17:00,2024-12-22 11:23:00
e62bf864-94df-4b19-80aa-be3997a1d606,Telmisartan,73494,80 mg,OD,True,True,32c5aeac-6fcc-4edc-95ce-1a140b1a29d0,da845e7d-fedd-47ac-b12d-fb734b6449eb,e18956f3-25d3-4ad3-9e29-e476c974b1e2,2024-11-24 09:17:00,2024-12-22 11:23:00
b817c3c3-ab78-4ae1-9c38-e16f8bc1ee84,Amlodipine,17767,10 mg,OD,True,False,32c5aeac-6fcc-4edc-95ce-1a140b1a29d0,da845e7d-fedd-47ac-b12d-fb734b6449eb,447e99c5-592b-43d3-805b-eb75f1251d2a,2024-12-22 11:23:00,2024-12-22 11:23:00
d5cdbcf6-5737-4f37-b13f-87cd8e967b59,Telmisartan,73494,80 mg,OD,True,False,32c5aeac-6fcc-4edc-95ce-1a140b1a29d0,da845e7d-fedd-47ac-b12d-fb734b6449eb,447e99c5-592b-43d3-805b-eb75f1251d2a,2024-12-22 11:23:00,2024-12-22 11:23:00
159c6905-27cb-4062-905f-3fb81132eb95,Chlorthalidone,2409,12.5 mg,OD,True,False,32c5aeac-6fcc-4edc-95ce-1a140b1a29d0,da845e7d-fedd-47ac-b12d-fb734b6449eb,447e99c5-592b-43d3-805b-eb75f1251d2a,2024-12-22 11:23:00,2024-12-22 11:23:00
5fd460fa-cfb8-40bf-8922-30963fccf622,Amlodipine,17767,5 mg,OD,True,True,c045e5f5-45c9-4de2-bb3e-e849493b1aac,906096d6-f0f6-4da5-9c19-dc403afb4bb8,9bae34d8-d312-48ce-9bbf-17fa6222b3f6,2024-11-17 09:10:00,2024-12-04 13:32:00
4a30be3f-8073-4f33-96f3-30a11436ead2,Metformin,6809,500 mg,BD,False,False,c045e5f5-45c9-4de2-bb3e-e849493b1aac,906096d6-f0f6-4da5-9c19-dc403afb4bb8,9bae34d8-d312-48ce-9bbf-17fa6222b3f6,2024-11-17 09:10:00,2024-11-17 09:10:00
d9d017f5-838a-48e3-935e-060b3e2eeaa3,Amlodipine,17767,10 mg,OD,True,True,c045e5f5-45c9-4de2-bb3e-e849493b1aac,906096d6-f0f6-4da5-9c19-dc403afb4bb8,8cc3bb69-3add-47d5-9cd2-8cff31252948,2024-12-04 13:32:00,2024-12-30 10:33:00
3994301e-80df-4061-8486-77777e62fc81,Amlodipine,17767,10 mg,OD,True,True,c045e5f5-45c9-4de2-bb3e-e849493b1aac,906096d6-f0f6-4da5-9c19-dc403afb4bb8,8cc3bb69-3add-47d5-9cd2-8cff31252948,2024-12-30 10:33:00,2025-01-29 09:29:00
b214de0a-7e69-4902-9bd5-65345d4a8c0a,Telmisartan,73494,40 mg,OD,True,True,c045e5f5-45c9-4de2-bb3e-e849493b1aac,906096d6-f0f6-4da5-9c19-dc403afb4bb8,8cc3bb69-3add-47d5-9cd2-8cff31252948,2024-12-30 10:33:00,2025-01-29 09:29:00
760e43e4-d0b5-4a30-b218-bdb33ab75a05,Amlodipine,17767,10 mg,OD,True,True,c045e5f5-45c9-4de2-bb3e-e849493b1aac,906096d6-f0f6-4da5-9c19-dc403afb4bb8,8cc3bb69-3add-47d5-9cd2-8cff31252948,2025-01-29 09:29:00,2025-04-06 14:05:00
2952d145-ba13-4b31-b0ec-426d1e2c467b,Telmisartan,73494,80 mg,OD,True,True,c045e5f5-45c9-4de2-bb3e-e849493b1aac,906096d6-f0f6-4da5-9c19-dc403afb4bb8,8cc3bb69-3add-47d5-9cd2-8cff31252948,2025-01-29 09:29:00,2025-04-06 14:05:00
3a5014f8-e2b1-4a36-9672-bc581804f6a8,Amlodipine,17767,10 mg,OD,True,False,c045e5f5-45c9-4de2-bb3e-e849493b1aac,906096d6-f0f6-4da5-9c19-dc403afb4bb8,9bae34d8-d312-48ce-9bbf-17fa6222b3f6,2025-04-06 14:05:00,2025-04-06 14:05:00
585dc4f0-22c2-473c-b1f7-b1ce99c2c706,Telmisartan,73494,80 mg,OD,True,False,c045e5f5-45c9-4de2-bb3e-e849493b1aac,906096d6-f0f6-4da5-9c19-dc403afb4bb8,9bae34d8-d312-48ce-9bbf-17fa6222b3f6,2025-04-06 14:05:00,2025-04-06 14:05:00
20ebf3d0-638a-4d13-a2c8-e6d47f1d921b,Chlorthalidone,2409,12.5 mg,OD,True,False,c045e5f5-45c9-4de2-bb3e-e849493b1aac,906096d6-f0f6-4da5-9c19-dc403afb4bb8,9bae34d8-d312-48ce-9bbf-17fa6222b3f6,2025-04-06 14:05:00,2025-04-06 14:05:00
dc029e11-3fd8-4842-8666-69bf99a552d9,Amlodipine,17767,5 mg,OD,True,False,5f72d095-3e4c-4e84-8a86-76dc02cbed12,5f213a58-b179-42d7-9c05-e29474526e82,8e0d0bd7-32bc-44e0-8bb3-7f4f4b13cf78,2025-03-25 11:56:00,2025-03-25 11:56:00
ae0ad223-8c98-4723-9d83-357161aa1425,Amlodipine,17767,5 mg,OD,True,False,962776f3-0dee-457a-bfcc-5b416669541a,906096d6-f0f6-4da5-9c19-dc403afb4bb8,b0715258-4719-4ce5-8a85-03ccda2c376c,2026-06-29 08:58:00,2026-06-29 08:58:00
cb649822-e92a-4b38-bcea-d318eed72cb2,Metformin,6809,500 mg,BD,False,False,962776f3-0dee-457a-bfcc-5b416669541a,906096d6-f0f6-4da5-9c19-dc403afb4bb8,b0715258-4719-4ce5-8a85-03ccda2c376c,2026-06-29 08:58:00,2026-06-29 08:58:00
56c64ef4-2450-4827-8859-ab68a470f38c,Amlodipine,17767,5 mg,OD,True,True,984bfce1-442f-4ebf-8b83-f13ee16dcc72,ffe42279-f3bd-4683-a6a8-52c1bb9651f3,246dee45-3351-44d3-8a3a-ca414c46c168,2024-12-14 11:46:00,2025-02-24 09:48:00
22446a7a-90af-463e-b349-ac0e22ee3955,Amlodipine,17767,10 mg,OD,True,False,984bfce1-442f-4ebf-8b83-f13ee16dcc72,ffe42279-f3bd-4683-a6a8-52c1bb9651f3,246dee45-3351-44d3-8a3a-ca414c46c168,2025-02-24 09:48:00,2025-02-24 09:48:00
c2e7fdbd-84cd-45c7-97f7-2cc0a9ebaa84,Amlodipine,17767,5 mg,OD,True,False,0f658961-6275-4a34-bd90-7e758f369210,5f213a58-b179-42d7-9c05-e29474526e82,b302ab11-03e4-4bae-be36-6ec2662f7fc9,2026-03-31 15:42:00,2026-03-31 15:42:00
f89edf4a-6908-48f3-9545-977af35b9a2f,Amlodipine,17767,5 mg,OD,True,True,61a96335-da59-40a5-aee8-a643dc5fbf24,552564e7-84a4-4534-acfd-938092f72643,19f2d2b9-737d-4029-8250-945229084df8,2025-05-17 08:57:00,2025-06-15 09:41:00
1c700d7e-1d74-473b-b418-ea66423aa7b0,Amlodipine,17767,10 mg,OD,True,True,61a96335-da59-40a5-aee8-a643dc5fbf24,552564e7-84a4-4534-acfd-938092f72643,0035c5bf-742a-4ff6-9e23-941764d58bb9,2025-06-15 09:41:00,2025-07-14 08:03:00
7ed0fb0a-a590-4ac2-acf9-7fefc8094386,Amlodipine,17767,10 mg,OD,True,False,61a96335-da59-40a5-aee8-a643dc5fbf24,552564e7-84a4-4534-acfd-938092f72643,0035c5bf-742a-4ff6-9e23-941764d58bb9,2025-07-14 08:03:00,2025-07-14 08:03:00
cf39dcc6-9811-45ac-b4cd-eeb14fc6d024,Telmisartan,73494,40 mg,OD,True,False,61a96335-da59-40a5-aee8-a643dc5fbf24,552564e7-84a4-4534-acfd-938092f72643,0035c5bf-742a-4ff6-9e23-941764d58bb9,2025-07-14 08:03:00,2025-07-14 08:03:00
c51433a4-6bae-4895-8fa3-22d5d71e5360,Amlodipine,17767,5 mg,OD,True,True,8b793d39-ae70-418d-89a5-2f02decae029,906096d6-f0f6-4da5-9c19-dc403afb4bb8,8cc3bb69-3add-47d5-9cd2-8cff31252948,2026-01-30 10:02:00,2026-04-29 09:42:00
e13d6039-0246-4e00-88cf-4a0c197b39d1,Amlodipine,17767,10 mg,OD,True,False,8b793d39-ae70-418d-89a5-2f02decae029,906096d6-f0f6-4da5-9c19-dc403afb4bb8,b0715258-4719-4ce5-8a85-03ccda2c376c,2026-04-29 09:42:00,2026-04-29 09:42:00
3fbec1c0-210f-47d4-ab95-7c2ab9f80cd5,Amlodipine,17767,5 mg,OD,True,True,38e426f9-49e6-43aa-b097-5128012ba62d,552564e7-84a4-4534-acfd-938092f72643,213c0975-3815-4ea4-ba67-23c54c2546da,2025-01-19 15:32:00,2025-02-12 08:26:00
770250a2-0d31-45fb-8079-9913712dbc1e,Amlodipine,17767,10 mg,OD,True,True,38e426f9-49e6-43aa-b097-5128012ba62d,552564e7-84a4-4534-acfd-938092f72643,0035c5bf-742a-4ff6-9e23-941764d58bb9,2025-02-12 08:26:00,2025-04-10 14:04:00
dadc5d40-1f92-4501-9bbf-0b144a7c7215,Amlodipine,17767,10 mg,OD,True,True,38e426f9-49e6-43aa-b097-5128012ba62d,552564e7-84a4-4534-acfd-938092f72643,c762646d-3ec2-420a-956d-f1b73ea05187,2025-04-10 14:04:00,2025-04-19 10:58:00
5f86393e-9243-415d-9ef4-dcab77897c7f,Telmisartan,73494,40 mg,OD,True,True,38e426f9-49e6-43aa-b097-5128012ba62d,552564e7-84a4-4534-acfd-938092f72643,c762646d-3ec2-420a-956d-f1b73ea05187,2025-04-10 14:04:00,2025-04-19 10:58:00
0752a81d-765d-4c1f-a258-58784927c978,Amlodipine,17767,10 mg,OD,True,True,38e426f9-49e6-43aa-b097-5128012ba62d,552564e7-84a4-4534-acfd-938092f72643,213c0975-3815-4ea4-ba67-23c54c2546da,2025-04-19 10:58:00,2025-05-27 09:47:00
18c74b36-c253-491d-b479-647d213847eb,Telmisartan,73494,80 mg,OD,True,True,38e426f9-49e6-43aa-b097-5128012ba62d,552564e7-84a4-4534-acfd-938092f72643,213c0975-3815-4ea4-ba67-23c54c2546da,2025-04-19 10:58:00,2025-05-27 09:47:00
eb3384a5-9066-4aa3-bd9f-23d91bc9f0ae,Amlodipine,17767,10 mg,OD,True,False,38e426f9-49e6-43aa-b097-5128012ba62d,552564e7-84a4-4534-acfd-938092f72643,448fb26c-4d06-4d9f-a11d-a2745fb4d4c6,2025-05-27 09:47:00,2025-05-27 09:47:00
083f3d43-0a66-47e0-b886-21f5264a8d7d,Telmisartan,73494,80 mg,OD,True,False,38e426f9-49e6-43aa-b097-5128012ba62d,552564e7-84a4-4534-acfd-938092f72643,448fb26c-4d06-4d9f-a11d-a2745fb4d4c6,2025-05-27 09:47:00,2025-05-27 09:47:00
cb7cadde-9245-4cbd-bef4-46fd032c4e83,Chlorthalidone,2409,12.5 mg,OD,True,False,38e426f9-49e6-43aa-b097-5128012ba62d,552564e7-84a4-4534-acfd-938092f72643,448fb26c-4d06-4d9f-a11d-a2745fb4d4c6,2025-05-27 09:47:00,2025-05-27 09:47:00
20b0df5a-d713-4f4b-9bcc-55fad735664b,Amlodipine,17767,5 mg,OD,True,True,3d2cfb51-a2ab-4517-8a0c-2b24ce043e86,552564e7-84a4-4534-acfd-938092f72643,0035c5bf-742a-4ff6-9e23-941764d58bb9,2026-07-18 13:53:00,2026-07-31 10:24:00
cf47eda2-02d2-4424-b6fa-c8d15c0ef7b2,Amlodipine,17767,10 mg,OD,True,False,3d2cfb51-a2ab-4517-8a0c-2b24ce043e86,552564e7-84a4-4534-acfd-938092f72643,19f2d2b9-737d-4029-8250-945229084df8,2026-07-31 10:24:00,2026-07-31 10:24:00
4b366925-b46e-417b-95fd-54155c910e15,Amlodipine,17767,5 mg,OD,True,True,aa284adf-058c-433d-8709-fceb3d3a59df,552564e7-84a4-4534-acfd-938092f72643,448fb26c-4d06-4d9f-a11d-a2745fb4d4c6,2025-12-11 13:25:00,2026-05-28 12:12:00
7911b8d5-8d8d-4112-acfa-6c0931f04669,Amlodipine,17767,10 mg,OD,True,True,aa284adf-058c-433d-8709-fceb3d3a59df,552564e7-84a4-4534-acfd-938092f72643,213c0975-3815-4ea4-ba67-23c54c2546da,2026-05-28 12:12:00,2026-06-27 15:56:00
fe8e0280-2b15-4300-b4f9-582d79d1ef8b,Amlodipine,17767,10 mg,OD,True,False,aa284adf-058c-433d-8709-fceb3d3a59df,552564e7-84a4-4534-acfd-938092f72643,0035c5bf-742a-4ff6-9e23-941764d58bb9,2026-06-27 15:56:00,2026-06-27 15:56:00
818fb2bf-825d-4147-902e-cf6df2630c63,Telmisartan,73494,40 mg,OD,True,False,aa284adf-058c-433d-8709-fceb3d3a59df,552564e7-84a4-4534-acfd-938092f72643,0035c5bf-742a-4ff6-9e23-941764d58bb9,2026-06-27 15:56:00,2026-06-27 15:56:00
e41e2a5b-4891-43d7-8e2b-ef2927e2c987,Amlodipine,17767,5 mg,OD,True,False,c57c566a-8d6c-4e24-8164-e7cee334a183,906096d6-f0f6-4da5-9c19-dc403afb4bb8,9bae34d8-d312-48ce-9bbf-17fa6222b3f6,2025-07-13 14:18:00,2025-07-13 14:18:00
fa2ec140-cdd2-4f43-8c8e-3cc31914235e,Amlodipine,17767,5 mg,OD,True,True,df258bc8-0fb4-4ba1-b4fd-0598b3cba6d1,5f213a58-b179-42d7-9c05-e29474526e82,406a76ac-2a9d-4982-b6f8-1efb7296c6c0,2026-05-27 11:44:00,2026-06-07 09:16:00
eea75ebc-08a8-4915-b29b-7b6dfc3a538a,Amlodipine,17767,10 mg,OD,True,False,df258bc8-0fb4-4ba1-b4fd-0598b3cba6d1,5f213a58-b179-42d7-9c05-e29474526e82,b302ab11-03e4-4bae-be36-6ec2662f7fc9,2026-06-07 09:16:00,2026-06-07 09:16:00
01feb17a-0f6c-4e37-bed3-235ebf0be304,Amlodipine,17767,5 mg,OD,True,False,eb2cd807-9074-43f9-889d-1890d1ccf593,ffe42279-f3bd-4683-a6a8-52c1bb9651f3,cd18ec08-f6a4-4724-926f-acd2aeb0daf2,2026-04-09 08:51:00,2026-04-09 08:51:00
158dd664-691e-48c1-ba2c-0680fc497e59,Metformin,6809,500 mg,BD,False,False,eb2cd807-9074-43f9-889d-1890d1ccf593,ffe42279-f3bd-4683-a6a8-52c1bb9651f3,cd18ec08-f6a4-4724-926f-acd2aeb0daf2,2026-04-09 08:51:00,2026-04-09 08:51:00
526b66cf-3ab4-48ec-affe-55355479cd21,Amlodipine,17767,5 mg,OD,True,True,d4683117-005b-49dc-956f-ea4435a0574c,552564e7-84a4-4534-acfd-938092f72643,f3161305-31e6-47c0-8597-e00f4ddec847,2025-11-07 10:43:00,2025-12-07 13:55:00
2a606e79-b859-4c3a-af09-cb1b2dd308f2,Amlodipine,17767,10 mg,OD,True,True,d4683117-005b-49dc-956f-ea4435a0574c,552564e7-84a4-4534-acfd-938092f72643,19f2d2b9-737d-4029-8250-945229084df8,2025-12-07 13:55:00,2026-05-07 08:51:00
e156f206-cb50-4b79-9c5a-5212b25e2d83,Amlodipine,17767,10 mg,OD,True,True,d4683117-005b-49dc-956f-ea4435a0574c,552564e7-84a4-4534-acfd-938092f72643,448fb26c-4d06-4d9f-a11d-a2745fb4d4c6,2026-05-07 08:51:00,2026-06-06 09:52:00
41c13933-8eaa-42a1-a20f-4340686b425b,Telmisartan,73494,40 mg,OD,True,True,d4683117-005b-49dc-956f-ea4435a0574c,552564e7-84a4-4534-acfd-938092f72643,448fb26c-4d06-4d9f-a11d-a2745fb4d4c6,2026-05-07 08:51:00,2026-06-06 09:52:00
06f252bc-f925-4849-ba0d-10a4559dc81a,Amlodipine,17767,10 mg,OD,True,False,d4683117-005b-49dc-956f-ea4435a0574c,552564e7-84a4-4534-acfd-938092f72643,f3161305-31e6-47c0-8597-e00f4ddec847,2026-06-06 09:52:00,2026-06-06 09:52:00
a0a6ee09-a8b5-4a95-bb19-268cd48a2045,Telmisartan,73494,80 mg,OD,True,False,d4683117-005b-49dc-956f-ea4435a0574c,552564e7-84a4-4534-acfd-938092f72643,f3161305-31e6-47c0-8597-e00f4ddec847,2026-06-06 09:52:00,2026-06-06 09:52:00
d66ed7d3-98d1-47bc-81be-81cbf33f608c,Amlodipine,17767,5 mg,OD,True,True,8354aad5-e1c3-413c-98c6-85a6d7a9b4cc,ffe42279-f3bd-4683-a6a8-52c1bb9651f3,353297dd-2e3c-46c0-a49c-7fd69ac2c389,2026-03-19 11:34:00,2026-04-08 14:28:00
f0648377-d460-43bb-8b67-1a906ec77e91,Amlodipine,17767,10 mg,OD,True,True,8354aad5-e1c3-413c-98c6-85a6d7a9b4cc,ffe42279-f3bd-4683-a6a8-52c1bb9651f3,4519b91f-242d-4e4d-ae0c-da1f0c701874,2026-04-08 14:28:00,2026-06-25 12:32:00
7944b60c-db80-42ba-abe8-6b4dffde28a4,Amlodipine,17767,10 mg,OD,True,True,8354aad5-e1c3-413c-98c6-85a6d7a9b4cc,ffe42279-f3bd-4683-a6a8-52c1bb9651f3,4519b91f-242d-4e4d-ae0c-da1f0c701874,2026-06-25 12:32:00,2026-09-05 11:10:00
53f05344-1596-4d8e-a1f7-09918d97e03e,Telmisartan,73494,40 mg,OD,True,True,8354aad5-e1c3-413c-98c6-85a6d7a9b4cc,ffe42279-f3bd-4683-a6a8-52c1bb9651f3,4519b91f-242d-4e4d-ae0c-da1f0c701874,2026-06-25 12:32:00,2026-09-05 11:10:00
62cf1978-d10c-4e43-b5ad-468f64817241,Amlodipine,17767,10 mg,OD,True,False,8354aad5-e1c3-413c-98c6-85a6d7a9b4cc,ffe42279-f3bd-4683-a6a8-52c1bb9651f3,246dee45-3351-44d3-8a3a-ca414c46c168,2026-09-05 11:10:00,2026-09-05 11:10:00
f8901d35-4499-4996-811e-c07f7a759fc6,Telmisartan,73494,80 mg,OD,True,False,8354aad5-e1c3-413c-98c6-85a6d7a9b4cc,ffe42279-f3bd-4683-a6a8-52c1bb9651f3,246dee45-3351-44d3-8a3a-ca414c46c168,2026-09-05 11:10:00,2026-09-05 11:10:00
0ec46b8a-555a-4ab2-8d2f-b83d55230d19,Amlodipine,17767,5 mg,OD,True,True,d97c0704-4a90-44b9-a01a-63d9776d5830,5f213a58-b179-42d7-9c05-e29474526e82,2db9a55b-d59a-4a30-a4c8-bf7ae0a1e014,2025-01-28 11:27:00,2025-02-10 10:35:00
b0e05c0b-7dc1-493f-a3e3-da4eca11e462,Amlodipine,17767,10 mg,OD,True,True,d97c0704-4a90-44b9-a01a-63d9776d5830,5f213a58-b179-42d7-9c05-e29474526e82,406a76ac-2a9d-4982-b6f8-1efb7296c6c0,2025-02-10 10:35:00,2025-03-08 11:02:00
f9fb491d-5dca-433a-afb1-170f5870cc3a,Amlodipine,17767,10 mg,OD,True,True,d97c0704-4a90-44b9-a01a-63d9776d5830,5f213a58-b179-42d7-9c05-e29474526e82,406a76ac-2a9d-4982-b6f8-1efb7296c6c0,2025-03-08 11:02:00,2025-05-14 10:55:00
1253e08f-f2ab-4313-b730-4602eb289bdf,Telmisartan,73494,40 mg,OD,True,True,d97c0704-4a90-44b9-a01a-63d9776d5830,5f213a58-b179-42d7-9c05-e29474526e82,406a76ac-2a9d-4982-b6f8-1efb7296c6c0,2025-03-08 11:02:00,2025-05-14 10:55:00
cd65481a-f265-4b41-a4f2-5aeb0a55818e,Amlodipine,17767,10 mg,OD,True,True,d97c0704-4a90-44b9-a01a-63d9776d5830,5f213a58-b179-42d7-9c05-e29474526e82,b302ab11-03e4-4bae-be36-6ec2662f7fc9,2025-05-14 10:55:00,2025-06-10 12:05:00
820e5f8d-bfc5-4df2-b09d-34853dde63f1,Telmisartan,73494,80 mg,OD,True,True,d97c0704-4a90-44b9-a01a-63d9776d5830,5f213a58-b179-42d7-9c05-e29474526e82,b302ab11-03e4-4bae-be36-6ec2662f7fc9,2025-05-14 10:55:00,2025-06-10 12:05:00
ae76ca1d-ee6e-4491-bece-33b1911ac976,Amlodipine,17767,10 mg,OD,True,False,d97c0704-4a90-44b9-a01a-63d9776d5830,5f213a58-b179-42d7-9c05-e29474526e82,b302ab11-03e4-4bae-be36-6ec2662f7fc9,2025-06-10 12:05:00,2025-06-10 12:05:00
26e00380-7654-4079-9cc5-82b59e16c118,Telmisartan,73494,80 mg,OD,True,False,d97c0704-4a90-44b9-a01a-63d9776d5830,5f213a58-b179-42d7-9c05-e29474526e82,b302ab11-03e4-4bae-be36-6ec2662f7fc9,2025-06-10 12:05:00,2025-06-10 12:05:00
c0ce709a-f135-4c68-b9b7-e15b3d424051,Chlorthalidone,2409,12.5 mg,OD,True,False,d97c0704-4a90-44b9-a01a-63d9776d5830,5f213a58-b179-42d7-9c05-e29474526e82,b302ab11-03e4-4bae-be36-6ec2662f7fc9,2025-06-10 12:05:00,2025-06-10 12:05:00
66f91834-ac0d-4e5a-be50-0d511466e796,Amlodipine,17767,5 mg,OD,True,True,d3ee20fb-16ed-4484-9a14-3b2b96393502,552564e7-84a4-4534-acfd-938092f72643,c762646d-3ec2-420a-956d-f1b73ea05187,2026-01-31 09:00:00,2026-03-02 12:09:00
1d49a8ef-7e6c-42c0-b2ab-0996787f52ad,Amlodipine,17767,10 mg,OD,True,True,d3ee20fb-16ed-4484-9a14-3b2b96393502,552564e7-84a4-4534-acfd-938092f72643,0035c5bf-742a-4ff6-9e23-941764d58bb9,2026-03-02 12:09:00,2026-04-02 12:39:00
5c173b46-537b-4ab1-a42b-0f3496ca74c6,Amlodipine,17767,10 mg,OD,True,True,d3ee20fb-16ed-4484-9a14-3b2b96393502,552564e7-84a4-4534-acfd-938092f72643,448fb26c-4d06-4d9f-a11d-a2745fb4d4c6,2026-04-02 12:39:00,2026-06-15 15:08:00
deab3b03-8221-475c-97a0-b64c57345582,Telmisartan,73494,40 mg,OD,True,True,d3ee20fb-16ed-4484-9a14-3b2b96393502,552564e7-84a4-4534-acfd-938092f72643,448fb26c-4d06-4d9f-a11d-a2745fb4d4c6,2026-04-02 12:39:00,2026-06-15 15:08:00
987ed681-0ef6-4ce8-9d3b-424d0529302f,Amlodipine,17767,10 mg,OD,True,False,d3ee20fb-16ed-4484-9a14-3b2b96393502,552564e7-84a4-4534-acfd-938092f72643,448fb26c-4d06-4d9f-a11d-a2745fb4d4c6,2026-06-15 15:08:00,2026-06-15 15:08:00
1d791bc2-70d6-4012-b41d-cc36f8a09ec7,Telmisartan,73494,80 mg,OD,True,False,d3ee20fb-16ed-4484-9a14-3b2b96393502,552564e7-84a4-4534-acfd-938092f72643,448fb26c-4d06-4d9f-a11d-a2745fb4d4c6,2026-06-15 15:08:00,2026-06-15 15:08:00
44042ca7-03fb-4983-842f-c2983952c3ab,Amlodipine,17767,5 mg,OD,True,True,33b5ba30-7ed9-4242-8a3b-803dbe13a98d,5f213a58-b179-42d7-9c05-e29474526e82,2db9a55b-d59a-4a30-a4c8-bf7ae0a1e014,2025-08-18 14:07:00,2025-09-12 14:01:00
c4327537-fd89-405a-9ea4-3fe03a794960,Metformin,6809,500 mg,BD,False,False,33b5ba30-7ed9-4242-8a3b-803dbe13a98d,5f213a58-b179-42d7-9c05-e29474526e82,2db9a55b-d59a-4a30-a4c8-bf7ae0a1e014,2025-08-18 14:07:00,2025-08-18 14:07:00
46f59e98-cbad-4f05-b8b3-358eb92015c2,Amlodipine,17767,10 mg,OD,True,False,33b5ba30-7ed9-4242-8a3b-803dbe13a98d,5f213a58-b179-42d7-9c05-e29474526e82,406a76ac-2a9d-4982-b6f8-1efb7296c6c0,2025-09-12 14:01:00,2025-09-12 14:01:00
4a10f0b4-b63e-4bb2-ba9b-6e5fb6d3ee2f,Amlodipine,17767,5 mg,OD,True,True,6eab271d-0b68-4d89-aa74-3ef5f1fc6099,5f213a58-b179-42d7-9c05-e29474526e82,406a76ac-2a9d-4982-b6f8-1efb7296c6c0,2025-04-02 11:46:00,2026-02-21 10:46:00
612e76c9-5d6f-479b-8ff0-b0d0009a7907,Amlodipine,17767,10 mg,OD,True,True,6eab271d-0b68-4d89-aa74-3ef5f1fc6099,5f213a58-b179-42d7-9c05-e29474526e82,b302ab11-03e4-4bae-be36-6ec2662f7fc9,2026-02-21 10:46:00,2026-04-04 12:58:00
f9ba5f4b-608b-4488-a804-43b67ade6611,Amlodipine,17767,10 mg,OD,True,False,6eab271d-0b68-4d89-aa74-3ef5f1fc6099,5f213a58-b179-42d7-9c05-e29474526e82,8e0d0bd7-32bc-44e0-8bb3-7f4f4b13cf78,2026-04-04 12:58:00,2026-04-04 12:58:00
e982c920-f40e-4b40-a7d0-a57101a963be,Telmisartan,73494,40 mg,OD,True,False,6eab271d-0b68-4d89-aa74-3ef5f1fc6099,5f213a58-b179-42d7-9c05-e29474526e82,8e0d0bd7-32bc-44e0-8bb3-7f4f4b13cf78,2026-04-04 12:58:00,2026-04-04 12:58:00
c9066e55-a17f-44d2-9590-03a62edce8ad,Amlodipine,17767,5 mg,OD,True,False,ee292f2c-af5c-475b-b92d-814a586e8b7c,ffe42279-f3bd-4683-a6a8-52c1bb9651f3,4519b91f-242d-4e4d-ae0c-da1f0c701874,2026-07-20 09:39:00,2026-07-20 09:39:00
5d259149-ddda-455f-977c-629a18c4dde1,Amlodipine,17767,5 mg,OD,True,True,31b8cac3-12f2-4a7a-add1-49070d2a5a3a,da845e7d-fedd-47ac-b12d-fb734b6449eb,e18956f3-25d3-4ad3-9e29-e476c974b1e2,2025-04-11 14:28:00,2025-05-20 15:27:00
6aaee206-365e-40ec-a85e-f207f8568edc,Amlodipine,17767,10 mg,OD,True,True,31b8cac3-12f2-4a7a-add1-49070d2a5a3a,da845e7d-fedd-47ac-b12d-fb734b6449eb,5e76f2ad-b087-4dc4-9d25-73e3e0503036,2025-05-20 15:27:00,2025-05-31 12:17:00
55a7dac4-72d2-411c-bdac-a730d226a458,Amlodipine,17767,10 mg,OD,True,True,31b8cac3-12f2-4a7a-add1-49070d2a5a3a,da845e7d-fedd-47ac-b12d-fb734b6449eb,447e99c5-592b-43d3-805b-eb75f1251d2a,2025-05-31 12:17:00,2025-06-16 15:05:00
fd966619-9add-44fe-8826-a84cdde1fc25,Telmisartan,73494,40 mg,OD,True,True,31b8cac3-12f2-4a7a-add1-49070d2a5a3a,da845e7d-fedd-47ac-b12d-fb734b6449eb,447e99c5-592b-43d3-805b-eb75f1251d2a,2025-05-31 12:17:00,2025-06-16 15:05:00
c5852e37-42b2-4ede-9539-8e8e27ed2c9f,Amlodipine,17767,10 mg,OD,True,True,31b8cac3-12f2-4a7a-add1-49070d2a5a3a,da845e7d-fedd-47ac-b12d-fb734b6449eb,e18956f3-25d3-4ad3-9e29-e476c974b1e2,2025-06-16 15:05:00,2025-07-10 10:58:00
2294642b-aa6f-461f-976b-fac6186d8de9,Telmisartan,73494,80 mg,OD,True,True,31b8cac3-12f2-4a7a-add1-49070d2a5a3a,da845e7d-fedd-47ac-b12d-fb734b6449eb,e18956f3-25d3-4ad3-9e29-e476c974b1e2,2025-06-16 15:05:00,2025-07-10 10:58:00
165e5ab6-87c7-4a90-82fb-a0fb9d45a62b,Amlodipine,17767,10 mg,OD,True,False,31b8cac3-12f2-4a7a-add1-49070d2a5a3a,da845e7d-fedd-47ac-b12d-fb734b6449eb,5e76f2ad-b087-4dc4-9d25-73e3e0503036,2025-07-10 10:58:00,2025-07-10 10:58:00
00bfd6cd-51ab-4b13-9916-c3e715ba5810,Telmisartan,73494,80 mg,OD,True,False,31b8cac3-12f2-4a7a-add1-49070d2a5a3a,da845e7d-fedd-47ac-b12d-fb734b6449eb,5e76f2ad-b087-4dc4-9d25-73e3e0503036,2025-07-10 10:58:00,2025-07-10 10:58:00
98230b30-5b89-48ab-9df7-a7892dc62319,Chlorthalidone,2409,12.5 mg,OD,True,False,31b8cac3-12f2-4a7a-add1-49070d2a5a3a,da845e7d-fedd-47ac-b12d-fb734b6449eb,5e76f2ad-b087-4dc4-9d25-73e3e0503036,2025-07-10 10:58:00,2025-07-10 10:58:00
c73defec-186a-47b9-8a13-d803ef5ee711,Amlodipine,17767,5 mg,OD,True,True,fa2f1bd2-3366-4667-a05f-7ced48c4c588,ffe42279-f3bd-4683-a6a8-52c1bb9651f3,353297dd-2e3c-46c0-a49c-7fd69ac2c389,2025-05-18 12:44:00,2025-06-15 13:33:00
cb195202-7025-44d5-996c-00c1caad40c0,Amlodipine,17767,10 mg,OD,True,True,fa2f1bd2-3366-4667-a05f-7ced48c4c588,ffe42279-f3bd-4683-a6a8-52c1bb9651f3,4519b91f-242d-4e4d-ae0c-da1f0c701874,2025-06-15 13:33:00,2025-07-15 15:25:00
b0d02500-996c-478a-86e6-e8f48c00e3fb,Amlodipine,17767,10 mg,OD,True,False,fa2f1bd2-3366-4667-a05f-7ced48c4c588,ffe42279-f3bd-4683-a6a8-52c1bb9651f3,353297dd-2e3c-46c0-a49c-7fd69ac2c389,2025-07-15 15:25:00,2025-07-15 15:25:00
a590ea96-486c-4952-a224-0310d2c32020,Telmisartan,73494,40 mg,OD,True,False,fa2f1bd2-3366-4667-a05f-7ced48c4c588,ffe42279-f3bd-4683-a6a8-52c1bb9651f3,353297dd-2e3c-46c0-a49c-7fd69ac2c389,2025-07-15 15:25:00,2025-07-15 15:25:00
61477155-0093-4041-bd30-ba78e35eb233,Amlodipine,17767,5 mg,OD,True,True,14b03848-e362-4931-be7f-5c99ad1acf51,906096d6-f0f6-4da5-9c19-dc403afb4bb8,9bae34d8-d312-48ce-9bbf-17fa6222b3f6,2025-06-08 09:29:00,2025-06-24 10:03:00
df16c964-c549-4a1e-902a-e63f8ed83cce,Amlodipine,17767,10 mg,OD,True,True,14b03848-e362-4931-be7f-5c99ad1acf51,906096d6-f0f6-4da5-9c19-dc403afb4bb8,9bae34d8-d312-48ce-9bbf-17fa6222b3f6,2025-06-24 10:03:00,2025-10-18 11:29:00
478fbaca-2503-4d52-8169-ae42381df312,Amlodipine,17767,10 mg,OD,True,False,14b03848-e362-4931-be7f-5c99ad1acf51,906096d6-f0f6-4da5-9c19-dc403afb4bb8,8cc3bb69-3add-47d5-9cd2-8cff31252948,2025-10-18 11:29:00,2025-10-18 11:29:00
464cc60c-fc59-421e-9247-82a904cd9657,Telmisartan,73494,40 mg,OD,True,False,14b03848-e362-4931-be7f-5c99ad1acf51,906096d6-f0f6-4da5-9c19-dc403afb4bb8,8cc3bb69-3add-47d5-9cd2-8cff31252948,2025-10-18 11:29:00,2025-10-18 11:29:00
8db4c894-e186-4b38-aae9-1a4138dfbb89,Amlodipine,17767,5 mg,OD,True,True,ff3db565-8190-4ee3-b865-0cddf9ba8c8e,ffe42279-f3bd-4683-a6a8-52c1bb9651f3,cd18ec08-f6a4-4724-926f-acd2aeb0daf2,2025-10-10 10:42:00,2025-11-04 10:00:00
db5418f8-2db9-4702-bb0c-55d063df1f59,Amlodipine,17767,10 mg,OD,True,True,ff3db565-8190-4ee3-b865-0cddf9ba8c8e,ffe42279-f3bd-4683-a6a8-52c1bb9651f3,4519b91f-242d-4e4d-ae0c-da1f0c701874,2025-11-04 10:00:00,2025-12-28 13:07:00
e1353522-3b1b-431f-9001-db7329d4027b,Amlodipine,17767,10 mg,OD,True,True,ff3db565-8190-4ee3-b865-0cddf9ba8c8e,ffe42279-f3bd-4683-a6a8-52c1bb9651f3,4519b91f-242d-4e4d-ae0c-da1f0c701874,2025-12-28 13:07:00,2026-01-27 11:29:00
143ceee8-a4ff-4a08-b90d-87d5bf29b2dc,Telmisartan,73494,40 mg,OD,True,True,ff3db565-8190-4ee3-b865-0cddf9ba8c8e,ffe42279-f3bd-4683-a6a8-52c1bb9651f3,4519b91f-242d-4e4d-ae0c-da1f0c701874,2025-12-28 13:07:00,2026-01-27 11:29:00
f4899efc-1d7d-440a-8f46-ac6f60dabccb,Amlodipine,17767,10 mg,OD,True,True,ff3db565-8190-4ee3-b865-0cddf9ba8c8e,ffe42279-f3bd-4683-a6a8-52c1bb9651f3,cd18ec08-f6a4-4724-926f-acd2aeb0daf2,2026-01-27 11:29:00,2026-05-10 09:57:00
61732e60-2f3d-42e7-a41e-6f4b063b2396,Telmisartan,73494,80 mg,OD,True,True,ff3db565-8190-4ee3-b865-0cddf9ba8c8e,ffe42279-f3bd-4683-a6a8-52c1bb9651f3,cd18ec08-f6a4-4724-926f-acd2aeb0daf2,2026-01-27 11:29:00,2026-05-10 09:57:00
a99bcfc7-f36b-4099-a1b0-f19d9bd60c85,Amlodipine,17767,10 mg,OD,True,False,ff3db565-8190-4ee3-b865-0cddf9ba8c8e,ffe42279-f3bd-4683-a6a8-52c1bb9651f3,353297dd-2e3c-46c0-a49c-7fd69ac2c389,2026-05-10 09:57:00,2026-05-10 09:57:00
e88e5455-d21b-41ac-a619-2fcda6756917,Telmisartan,73494,80 mg,OD,True,False,ff3db565-8190-4ee3-b865-0cddf9ba8c8e,ffe42279-f3bd-4683-a6a8-52c1bb9651f3,353297dd-2e3c-46c0-a49c-7fd69ac2c389,2026-05-10 09:57:00,2026-05-10 09:57:00
773fee6a-0287-4b88-bc53-1e0b83c9cc4b,Chlorthalidone,2409,12.5 mg,OD,True,False,ff3db565-8190-4ee3-b865-0cddf9ba8c8e,ffe42279-f3bd-4683-a6a8-52c1bb9651f3,353297dd-2e3c-46c0-a49c-7fd69ac2c389,2026-05-10 09:57:00,2026-05-10 09:57:00
a7e8128f-0570-4385-aa55-779c660f4932,Amlodipine,17767,5 mg,OD,True,True,718fe957-85f7-479f-a27d-32447ddaa748,906096d6-f0f6-4da5-9c19-dc403afb4bb8,8cc3bb69-3add-47d5-9cd2-8cff31252948,2025-03-31 11:50:00,2025-04-27 10:05:00
ca9f4246-019c-4cc3-a3f4-31841457c9a8,Amlodipine,17767,10 mg,OD,True,True,718fe957-85f7-479f-a27d-32447ddaa748,906096d6-f0f6-4da5-9c19-dc403afb4bb8,9bae34d8-d312-48ce-9bbf-17fa6222b3f6,2025-04-27 10:05:00,2025-05-28 08:45:00
c0b1fe55-f775-4230-ad4c-1c0c4aad5e83,Amlodipine,17767,10 mg,OD,True,False,718fe957-85f7-479f-a27d-32447ddaa748,906096d6-f0f6-4da5-9c19-dc403afb4bb8,9bae34d8-d312-48ce-9bbf-17fa6222b3f6,2025-05-28 08:45:00,2025-05-28 08:45:00
03fd6d0d-8713-4789-bfd7-dcb38f71ee3e,Telmisartan,73494,40 mg,OD,True,False,718fe957-85f7-479f-a27d-32447ddaa748,906096d6-f0f6-4da5-9c19-dc403afb4bb8,9bae34d8-d312-48ce-9bbf-17fa6222b3f6,2025-05-28 08:45:00,2025-05-28 08:45:00
f7741ff0-8602-4a62-9dfd-19282ae123dd,Amlodipine,17767,5 mg,OD,True,True,a7344a0e-5832-441d-991c-6f3377ac69bd,ffe42279-f3bd-4683-a6a8-52c1bb9651f3,246dee45-3351-44d3-8a3a-ca414c46c168,2024-09-12 09:24:00,2024-10-09 11:04:00
ce24117c-6b2b-45b7-bec7-56c59bbac12c,Amlodipine,17767,10 mg,OD,True,True,a7344a0e-5832-441d-991c-6f3377ac69bd,ffe42279-f3bd-4683-a6a8-52c1bb9651f3,246dee45-3351-44d3-8a3a-ca414c46c168,2024-10-09 11:04:00,2024-12-01 13:30:00
9c81ab36-adfa-4d35-b9b4-9d2b71ef7c24,Amlodipine,17767,10 mg,OD,True,True,a7344a0e-5832-441d-991c-6f3377ac69bd,ffe42279-f3bd-4683-a6a8-52c1bb9651f3,353297dd-2e3c-46c0-a49c-7fd69ac2c389,2024-12-01 13:30:00,2024-12-27 14:58:00
9014e0c4-ddf0-44af-b55a-347243869a23,Telmisartan,73494,40 mg,OD,True,True,a7344a0e-5832-441d-991c-6f3377ac69bd,ffe42279-f3bd-4683-a6a8-52c1bb9651f3,353297dd-2e3c-46c0-a49c-7fd69ac2c389,2024-12-01 13:30:00,2024-12-27 14:58:00
f1a17a17-8395-431e-803a-92a04f9181f2,Amlodipine,17767,10 mg,OD,True,True,a7344a0e-5832-441d-991c-6f3377ac69bd,ffe42279-f3bd-4683-a6a8-52c1bb9651f3,cd18ec08-f6a4-4724-926f-acd2aeb0daf2,2024-12-27 14:58:00,2026-01-04 13:08:00
09a098b6-f140-4479-80e7-a91656df4c98,Telmisartan,73494,80 mg,OD,True,True,a7344a0e-5832-441d-991c-6f3377ac69bd,ffe42279-f3bd-4683-a6a8-52c1bb9651f3,cd18ec08-f6a4-4724-926f-acd2aeb0daf2,2024-12-27 14:58:00,2026-01-04 13:08:00
8e0f805f-81f6-4e6d-9ec2-72e366d80e1f,Amlodipine,17767,10 mg,OD,True,False,a7344a0e-5832-441d-991c-6f3377ac69bd,ffe42279-f3bd-4683-a6a8-52c1bb9651f3,cd18ec08-f6a4-4724-926f-acd2aeb0daf2,2026-01-04 13:08:00,2026-01-04 13:08:00
0e4eeb52-e250-411e-9087-edd943f8595b,Telmisartan,73494,80 mg,OD,True,False,a7344a0e-5832-441d-991c-6f3377ac69bd,ffe42279-f3bd-4683-a6a8-52c1bb9651f3,cd18ec08-f6a4-4724-926f-acd2aeb0daf2,2026-01-04 13:08:00,2026-01-04 13:08:00
60f1b6a7-cfed-4ca1-9075-a92ecd0a2b28,Chlorthalidone,2409,12.5 mg,OD,True,False,a7344a0e-5832-441d-991c-6f3377ac69bd,ffe42279-f3bd-4683-a6a8-52c1bb9651f3,cd18ec08-f6a4-4724-926f-acd2aeb0daf2,2026-01-04 13:08:00,2026-01-04 13:08:00
44591e98-d37c-47e8-a7c8-da33b0d0ad16,Amlodipine,17767,5 mg,OD,True,True,bcb1dfb3-952a-4c04-9830-b380e7c401fb,906096d6-f0f6-4da5-9c19-dc403afb4bb8,8cc3bb69-3add-47d5-9cd2-8cff31252948,2025-05-27 08:00:00,2025-06-24 08:00:00
ee0b23e2-4627-4599-8913-76990bf061bd,Amlodipine,17767,10 mg,OD,True,True,bcb1dfb3-952a-4c04-9830-b380e7c401fb,906096d6-f0f6-4da5-9c19-dc403afb4bb8,9bae34d8-d312-48ce-9bbf-17fa6222b3f6,2025-06-24 08:00:00,2025-08-19 15:16:00
ed107d24-8d21-4d04-9531-0b6721c32107,Amlodipine,17767,10 mg,OD,True,True,bcb1dfb3-952a-4c04-9830-b380e7c401fb,906096d6-f0f6-4da5-9c19-dc403afb4bb8,b0715258-4719-4ce5-8a85-03ccda2c376c,2025-08-19 15:16:00,2025-10-15 11:04:00
a6c52123-f2a6-4ad1-9d1a-ec3bb0dbc733,Telmisartan,73494,40 mg,OD,True,True,bcb1dfb3-952a-4c04-9830-b380e7c401fb,906096d6-f0f6-4da5-9c19-dc403afb4bb8,b0715258-4719-4ce5-8a85-03ccda2c376c,2025-08-19 15:16:00,2025-10-15 11:04:00
e34b0778-32c8-4433-b066-6087b8cc25f9,Amlodipine,17767,10 mg,OD,True,False,bcb1dfb3-952a-4c04-9830-b380e7c401fb,906096d6-f0f6-4da5-9c19-dc403afb4bb8,8cc3bb69-3add-47d5-9cd2-8cff31252948,2025-10-15 11:04:00,2025-10-15 11:04:00
32014282-df6f-49dc-a5af-240c2abb4ff4,Telmisartan,73494,80 mg,OD,True,False,bcb1dfb3-952a-4c04-9830-b380e7c401fb,906096d6-f0f6-4da5-9c19-dc403afb4bb8,8cc3bb69-3add-47d5-9cd2-8cff31252948,2025-10-15 11:04:00,2025-10-15 11:04:00
5abaff85-e4c9-49bd-b50f-c5b3d92716a2,Amlodipine,17767,5 mg,OD,True,True,e7ca10e7-94f7-48c0-b661-63eb1b4c232d,ffe42279-f3bd-4683-a6a8-52c1bb9651f3,246dee45-3351-44d3-8a3a-ca414c46c168,2025-12-27 10:36:00,2026-03-19 08:33:00
e2059bf0-a168-4472-8fd3-0492f8e04180,Amlodipine,17767,10 mg,OD,True,True,e7ca10e7-94f7-48c0-b661-63eb1b4c232d,ffe42279-f3bd-4683-a6a8-52c1bb9651f3,246dee45-3351-44d3-8a3a-ca414c46c168,2026-03-19 08:33:00,2026-06-10 11:43:00
061ca2dd-8bc2-4dd1-a9fc-22c32045f343,Amlodipine,17767,10 mg,OD,True,True,e7ca10e7-94f7-48c0-b661-63eb1b4c232d,ffe42279-f3bd-4683-a6a8-52c1bb9651f3,246dee45-3351-44d3-8a3a-ca414c46c168,2026-06-10 11:43:00,2026-06-24 11:18:00
caa68ce0-a4bd-4b4c-82cb-277c31e6daf4,Telmisartan,73494,40 mg,OD,True,True,e7ca10e7-94f7-48c0-b661-63eb1b4c232d,ffe42279-f3bd-4683-a6a8-52c1bb9651f3,246dee45-3351-44d3-8a3a-ca414c46c168,2026-06-10 11:43:00,2026-06-24 11:18:00
43a3ecc3-3c2b-4904-ba56-ff600ec7b3c3,Amlodipine,17767,10 mg,OD,True,False,e7ca10e7-94f7-48c0-b661-63eb1b4c232d,ffe42279-f3bd-4683-a6a8-52c1bb9651f3,4519b91f-242d-4e4d-ae0c-da1f0c701874,2026-06-24 11:18:00,2026-06-24 11:18:00
c4d553ca-16c5-405f-89c3-60c57d46b3bf,Telmisartan,73494,80 mg,OD,True,False,e7ca10e7-94f7-48c0-b661-63eb1b4c232d,ffe42279-f3bd-4683-a6a8-52c1bb9651f3,4519b91f-242d-4e4d-ae0c-da1f0c701874,2026-06-24 11:18:00,2026-06-24 11:18:00
5b104fa4-5445-4058-8a60-b7720735502e,Amlodipine,17767,5 mg,OD,True,False,dc18f7f9-8d88-4e04-8bce-c9c70c0b4a06,906096d6-f0f6-4da5-9c19-dc403afb4bb8,9bae34d8-d312-48ce-9bbf-17fa6222b3f6,2026-05-16 13:16:00,2026-05-16 13:16:00
4d21f129-5e8c-4aa1-a612-94a7c6ba4c40,Amlodipine,17767,5 mg,OD,True,False,b456e4e4-5085-452e-8ec4-03e8c5d16f29,da845e7d-fedd-47ac-b12d-fb734b6449eb,447e99c5-592b-43d3-805b-eb75f1251d2a,2025-04-26 09:03:00,2025-04-26 09:03:00
ddb3061f-3693-469f-aff9-b17050178c26,Metformin,6809,500 mg,BD,False,False,b456e4e4-5085-452e-8ec4-03e8c5d16f29,da845e7d-fedd-47ac-b12d-fb734b6449eb,447e99c5-592b-43d3-805b-eb75f1251d2a,2025-04-26 09:03:00,2025-04-26 09:03:00
0fe4e054-3758-40da-9592-276e56d458e3,Amlodipine,17767,5 mg,OD,True,False,d946cd20-bb4e-4a2a-b5e3-d24231a2b760,552564e7-84a4-4534-acfd-938092f72643,c762646d-3ec2-420a-956d-f1b73ea05187,2024-09-05 08:06:00,2024-09-05 08:06:00
c53c6357-13eb-4709-a279-ec9abd477e34,Metformin,6809,500 mg,BD,False,False,d946cd20-bb4e-4a2a-b5e3-d24231a2b760,552564e7-84a4-4534-acfd-938092f72643,c762646d-3ec2-420a-956d-f1b73ea05187,2024-09-05 08:06:00,2024-09-05 08:06:00
76ae2218-2fa5-435b-be3a-72a9acc5b034,Amlodipine,17767,5 mg,OD,True,True,ae31e651-a450-432c-9d20-3aaea8a21ead,906096d6-f0f6-4da5-9c19-dc403afb4bb8,9bae34d8-d312-48ce-9bbf-17fa6222b3f6,2025-11-28 14:29:00,2026-01-16 08:13:00
4436c4e0-d481-4527-b4bf-d8809fb35b5d,Amlodipine,17767,10 mg,OD,True,False,ae31e651-a450-432c-9d20-3aaea8a21ead,906096d6-f0f6-4da5-9c19-dc403afb4bb8,9bae34d8-d312-48ce-9bbf-17fa6222b3f6,2026-01-16 08:13:00,2026-01-16 08:13:00
672efa65-66f3-4038-af0e-8f65b3d86c38,Amlodipine,17767,5 mg,OD,True,True,3e8eb9cb-a10a-4144-814e-69b1c101ae99,552564e7-84a4-4534-acfd-938092f72643,213c0975-3815-4ea4-ba67-23c54c2546da,2025-06-26 12:20:00,2025-07-28 12:53:00
ce62940a-30cc-482c-a8a7-d0aba6b7fba1,Amlodipine,17767,10 mg,OD,True,True,3e8eb9cb-a10a-4144-814e-69b1c101ae99,552564e7-84a4-4534-acfd-938092f72643,0035c5bf-742a-4ff6-9e23-941764d58bb9,2025-07-28 12:53:00,2025-10-03 13:25:00
3c718ae3-46e1-49d2-9cf6-aec19127912f,Amlodipine,17767,10 mg,OD,True,True,3e8eb9cb-a10a-4144-814e-69b1c101ae99,552564e7-84a4-4534-acfd-938092f72643,448fb26c-4d06-4d9f-a11d-a2745fb4d4c6,2025-10-03 13:25:00,2025-10-31 15:58:00
5f6e5e5d-3e94-4829-af56-53d15c90f384,Telmisartan,73494,40 mg,OD,True,True,3e8eb9cb-a10a-4144-814e-69b1c101ae99,552564e7-84a4-4534-acfd-938092f72643,448fb26c-4d06-4d9f-a11d-a2745fb4d4c6,2025-10-03 13:25:00,2025-10-31 15:58:00
fc68bdb1-5ad9-493c-be4c-c5cb8c733c55,Amlodipine,17767,10 mg,OD,True,True,3e8eb9cb-a10a-4144-814e-69b1c101ae99,552564e7-84a4-4534-acfd-938092f72643,c762646d-3ec2-420a-956d-f1b73ea05187,2025-10-31 15:58:00,2025-11-29 14:35:00
c93ea775-d72a-453d-854e-bc050b6c51a3,Telmisartan,73494,80 mg,OD,True,True,3e8eb9cb-a10a-4144-814e-69b1c101ae99,552564e7-84a4-4534-acfd-938092f72643,c762646d-3ec2-420a-956d-f1b73ea05187,2025-10-31 15:58:00,2025-11-29 14:35:00
9c546268-bf4c-4553-92da-fca08235bced,Amlodipine,17767,10 mg,OD,True,False,3e8eb9cb-a10a-4144-814e-69b1c101ae99,552564e7-84a4-4534-acfd-938092f72643,0035c5bf-742a-4ff6-9e23-941764d58bb9,2025-11-29 14:35:00,2025-11-29 14:35:00
e85ba84b-85ae-4e95-b213-721c002983cc,Telmisartan,73494,80 mg,OD,True,False,3e8eb9cb-a10a-4144-814e-69b1c101ae99,552564e7-84a4-4534-acfd-938092f72643,0035c5bf-742a-4ff6-9e23-941764d58bb9,2025-11-29 14:35:00,2025-11-29 14:35:00
41ad58d4-2183-49d1-add9-6eaabd01237a,Chlorthalidone,2409,12.5 mg,OD,True,False,3e8eb9cb-a10a-4144-814e-69b1c101ae99,552564e7-84a4-4534-acfd-938092f72643,0035c5bf-742a-4ff6-9e23-941764d58bb9,2025-11-29 14:35:00,2025-11-29 14:35:00
82932cad-5cdb-496f-b0d7-b944d2cef8f3,Amlodipine,17767,5 mg,OD,True,True,7ec85339-0e33-4d5a-a098-df1c83ac7a00,da845e7d-fedd-47ac-b12d-fb734b6449eb,447e99c5-592b-43d3-805b-eb75f1251d2a,2024-10-23 15:13:00,2025-01-09 13:13:00
34c7c787-25f9-41f5-a285-9b48d090eccd,Amlodipine,17767,10 mg,OD,True,True,7ec85339-0e33-4d5a-a098-df1c83ac7a00,da845e7d-fedd-47ac-b12d-fb734b6449eb,e18956f3-25d3-4ad3-9e29-e476c974b1e2,2025-01-09 13:13:00,2025-02-15 08:49:00
d1a54bf6-57ad-4466-9161-3f5f43773503,Amlodipine,17767,10 mg,OD,True,True,7ec85339-0e33-4d5a-a098-df1c83ac7a00,da845e7d-fedd-47ac-b12d-fb734b6449eb,e18956f3-25d3-4ad3-9e29-e476c974b1e2,2025-02-15 08:49:00,2025-03-06 10:02:00
d0bc9fe6-b496-4865-a371-419494767ebd,Telmisartan,73494,40 mg,OD,True,True,7ec85339-0e33-4d5a-a098-df1c83ac7a00,da845e7d-fedd-47ac-b12d-fb734b6449eb,e18956f3-25d3-4ad3-9e29-e476c974b1e2,2025-02-15 08:49:00,2025-03-06 10:02:00
757a3f26-19b6-46f1-a1e7-b5d9aaacdd17,Amlodipine,17767,10 mg,OD,True,True,7ec85339-0e33-4d5a-a098-df1c83ac7a00,da845e7d-fedd-47ac-b12d-fb734b6449eb,447e99c5-592b-43d3-805b-eb75f1251d2a,2025-03-06 10:02:00,2025-10-18 11:27:00
0b188bf1-3317-4607-a810-667be5454f7d,Telmisartan,73494,80 mg,OD,True,True,7ec85339-0e33-4d5a-a098-df1c83ac7a00,da845e7d-fedd-47ac-b12d-fb734b6449eb,447e99c5-592b-43d3-805b-eb75f1251d2a,2025-03-06 10:02:00,2025-10-18 11:27:00
c4373c90-4ddb-408d-b927-93085c448232,Amlodipine,17767,10 mg,OD,True,False,7ec85339-0e33-4d5a-a098-df1c83ac7a00,da845e7d-fedd-47ac-b12d-fb734b6449eb,e18956f3-25d3-4ad3-9e29-e476c974b1e2,2025-10-18 11:27:00,2025-10-18 11:27:00
4f361b15-daa3-4e9c-a74c-ee0805aac7cb,Telmisartan,73494,80 mg,OD,True,False,7ec85339-0e33-4d5a-a098-df1c83ac7a00,da845e7d-fedd-47ac-b12d-fb734b6449eb,e18956f3-25d3-4ad3-9e29-e476c974b1e2,2025-10-18 11:27:00,2025-10-18 11:27:00
f830bb7a-a610-4453-941a-91835f4db060,Chlorthalidone,2409,12.5 mg,OD,True,False,7ec85339-0e33-4d5a-a098-df1c83ac7a00,da845e7d-fedd-47ac-b12d-fb734b6449eb,e18956f3-25d3-4ad3-9e29-e476c974b1e2,2025-10-18 11:27:00,2025-10-18 11:27:00
a6082c96-6fd0-42e7-920f-18260413f65b,Amlodipine,17767,5 mg,OD,True,True,fac769b3-c0ba-4c42-8d89-62d75c293d78,5f213a58-b179-42d7-9c05-e29474526e82,2db9a55b-d59a-4a30-a4c8-bf7ae0a1e014,2025-09-08 09:36:00,2026-04-30 15:02:00
553c61c1-b234-471e-9b95-1b029dfc8d36,Metformin,6809,500 mg,BD,False,False,fac769b3-c0ba-4c42-8d89-62d75c293d78,5f213a58-b179-42d7-9c05-e29474526e82,2db9a55b-d59a-4a30-a4c8-bf7ae0a1e014,2025-09-08 09:36:00,2025-09-08 09:36:00
02b67626-4806-4ef8-a733-2297bb11cb10,Amlodipine,17767,10 mg,OD,True,False,fac769b3-c0ba-4c42-8d89-62d75c293d78,5f213a58-b179-42d7-9c05-e29474526e82,406a76ac-2a9d-4982-b6f8-1efb7296c6c0,2026-04-30 15:02:00,2026-04-30 15:02:00
2b45f579-4715-4f81-919c-27e88f6fd671,Amlodipine,17767,5 mg,OD,True,True,3b7897b7-f9e1-482a-96ad-0e729d644d2e,552564e7-84a4-4534-acfd-938092f72643,19f2d2b9-737d-4029-8250-945229084df8,2025-01-14 14:36:00,2025-07-20 13:26:00
6f06e244-0c26-482f-af50-fc4a0902d123,Amlodipine,17767,10 mg,OD,True,True,3b7897b7-f9e1-482a-96ad-0e729d644d2e,552564e7-84a4-4534-acfd-938092f72643,213c0975-3815-4ea4-ba67-23c54c2546da,2025-07-20 13:26:00,2025-08-15 10:19:00
ccd9c7d0-f870-4b22-915a-2dd89d6d2626,Amlodipine,17767,10 mg,OD,True,True,3b7897b7-f9e1-482a-96ad-0e729d644d2e,552564e7-84a4-4534-acfd-938092f72643,f3161305-31e6-47c0-8597-e00f4ddec847,2025-08-15 10:19:00,2025-11-07 08:16:00
95ab3ea9-37fe-4b70-a671-5e06dd25f1e0,Telmisartan,73494,40 mg,OD,True,True,3b7897b7-f9e1-482a-96ad-0e729d644d2e,552564e7-84a4-4534-acfd-938092f72643,f3161305-31e6-47c0-8597-e00f4ddec847,2025-08-15 10:19:00,2025-11-07 08:16:00
507b0bf6-abdb-41e6-ab16-4fff0eb25e86,Amlodipine,17767,10 mg,OD,True,True,3b7897b7-f9e1-482a-96ad-0e729d644d2e,552564e7-84a4-4534-acfd-938092f72643,448fb26c-4d06-4d9f-a11d-a2745fb4d4c6,2025-11-07 08:16:00,2026-07-17 10:05:00
d15d9f67-29c1-47e0-9b16-821de9dbde4d,Telmisartan,73494,80 mg,OD,True,True,3b7897b7-f9e1-482a-96ad-0e729d644d2e,552564e7-84a4-4534-acfd-938092f72643,448fb26c-4d06-4d9f-a11d-a2745fb4d4c6,2025-11-07 08:16:00,2026-07-17 10:05:00
b7a60cfb-d3e4-473d-b47a-363e726ca429,Amlodipine,17767,10 mg,OD,True,False,3b7897b7-f9e1-482a-96ad-0e729d644d2e,552564e7-84a4-4534-acfd-938092f72643,0035c5bf-742a-4ff6-9e23-941764d58bb9,2026-07-17 10:05:00,2026-07-17 10:05:00
47a1284e-7fe0-4877-b600-1ea03c495a13,Telmisartan,73494,80 mg,OD,True,False,3b7897b7-f9e1-482a-96ad-0e729d644d2e,552564e7-84a4-4534-acfd-938092f72643,0035c5bf-742a-4ff6-9e23-941764d58bb9,2026-07-17 10:05:00,2026-07-17 10:05:00
b4d67a79-84af-4d50-ad99-9c282808773a,Chlorthalidone,2409,12.5 mg,OD,True,False,3b7897b7-f9e1-482a-96ad-0e729d644d2e,552564e7-84a4-4534-acfd-938092f72643,0035c5bf-742a-4ff6-9e23-941764d58bb9,2026-07-17 10:05:00,2026-07-17 10:05:00
fb299588-d821-4e6d-87d4-ba2450e6c201,Amlodipine,17767,5 mg,OD,True,False,b9cb3aba-e6d8-4177-abdf-efbfbdd1fcc4,552564e7-84a4-4534-acfd-938092f72643,448fb26c-4d06-4d9f-a11d-a2745fb4d4c6,2024-12-26 09:23:00,2024-12-26 09:23:00
ab1a1ac2-d3f5-40dc-9fe8-d5896f6b875c,Amlodipine,17767,5 mg,OD,True,True,428971ff-8629-40e8-bbc2-90dbb7307ea5,ffe42279-f3bd-4683-a6a8-52c1bb9651f3,353297dd-2e3c-46c0-a49c-7fd69ac2c389,2025-01-28 12:49:00,2025-03-01 15:58:00
12432b73-5649-4ba8-a872-33f7223cfe9d,Metformin,6809,500 mg,BD,False,False,428971ff-8629-40e8-bbc2-90dbb7307ea5,ffe42279-f3bd-4683-a6a8-52c1bb9651f3,353297dd-2e3c-46c0-a49c-7fd69ac2c389,2025-01-28 12:49:00,2025-01-28 12:49:00
4bfc7a10-c116-44c2-874e-18ea5436cc13,Amlodipine,17767,10 mg,OD,True,True,428971ff-8629-40e8-bbc2-90dbb7307ea5,ffe42279-f3bd-4683-a6a8-52c1bb9651f3,246dee45-3351-44d3-8a3a-ca414c46c168,2025-03-01 15:58:00,2025-03-30 15:19:00
19007246-524a-4bff-b692-6497271a58cc,Amlodipine,17767,10 mg,OD,True,True,428971ff-8629-40e8-bbc2-90dbb7307ea5,ffe42279-f3bd-4683-a6a8-52c1bb9651f3,353297dd-2e3c-46c0-a49c-7fd69ac2c389,2025-03-30 15:19:00,2025-04-27 08:05:00
9e63a5c5-eb00-48d3-9485-26eea686f7ce,Telmisartan,73494,40 mg,OD,True,True,428971ff-8629-40e8-bbc2-90dbb7307ea5,ffe42279-f3bd-4683-a6a8-52c1bb9651f3,353297dd-2e3c-46c0-a49c-7fd69ac2c389,2025-03-30 15:19:00,2025-04-27 08:05:00
2c9355cd-3bf9-4cf2-aad1-03abcef9eaa0,Amlodipine,17767,10 mg,OD,True,True,428971ff-8629-40e8-bbc2-90dbb7307ea5,ffe42279-f3bd-4683-a6a8-52c1bb9651f3,cd18ec08-f6a4-4724-926f-acd2aeb0daf2,2025-04-27 08:05:00,2025-05-22 11:34:00
e2c1731b-8807-4afb-85f0-96230cd19f38,Telmisartan,73494,80 mg,OD,True,True,428971ff-8629-40e8-bbc2-90dbb7307ea5,ffe42279-f3bd-4683-a6a8-52c1bb9651f3,cd18ec08-f6a4-4724-926f-acd2aeb0daf2,2025-04-27 08:05:00,2025-05-22 11:34:00
5eab2ff0-de1a-45dc-8e60-0c34e808d610,Amlodipine,17767,10 mg,OD,True,False,428971ff-8629-40e8-bbc2-90dbb7307ea5,ffe42279-f3bd-4683-a6a8-52c1bb9651f3,353297dd-2e3c-46c0-a49c-7fd69ac2c389,2025-05-22 11:34:00,2025-05-22 11:34:00
27036a95-9a9a-4945-9eb0-a51f394b1f2a,Telmisartan,73494,80 mg,OD,True,False,428971ff-8629-40e8-bbc2-90dbb7307ea5,ffe42279-f3bd-4683-a6a8-52c1bb9651f3,353297dd-2e3c-46c0-a49c-7fd69ac2c389,2025-05-22 11:34:00,2025-05-22 11:34:00
9c663f6d-79cd-400c-a93b-a097af69fe46,Chlorthalidone,2409,12.5 mg,OD,True,False,428971ff-8629-40e8-bbc2-90dbb7307ea5,ffe42279-f3bd-4683-a6a8-52c1bb9651f3,353297dd-2e3c-46c0-a49c-7fd69ac2c389,2025-05-22 11:34:00,2025-05-22 11:34:00
7950f468-9396-46ca-bd9e-f3e009f816a5,Amlodipine,17767,5 mg,OD,True,True,48eda7ae-f6b6-4ab1-9060-c46dea47ecef,5f213a58-b179-42d7-9c05-e29474526e82,8e0d0bd7-32bc-44e0-8bb3-7f4f4b13cf78,2024-12-15 08:43:00,2025-04-18 10:04:00
ea72fd6e-6f78-4118-85cf-3b99753034c3,Metformin,6809,500 mg,BD,False,False,48eda7ae-f6b6-4ab1-9060-c46dea47ecef,5f213a58-b179-42d7-9c05-e29474526e82,8e0d0bd7-32bc-44e0-8bb3-7f4f4b13cf78,2024-12-15 08:43:00,2024-12-15 08:43:00
68c89411-73be-473d-9342-591322577f7d,Amlodipine,17767,10 mg,OD,True,True,48eda7ae-f6b6-4ab1-9060-c46dea47ecef,5f213a58-b179-42d7-9c05-e29474526e82,8e0d0bd7-32bc-44e0-8bb3-7f4f4b13cf78,2025-04-18 10:04:00,2025-06-09 15:15:00
3874869a-6f09-48d3-9609-7d96befb9153,Amlodipine,17767,10 mg,OD,True,True,48eda7ae-f6b6-4ab1-9060-c46dea47ecef,5f213a58-b179-42d7-9c05-e29474526e82,b302ab11-03e4-4bae-be36-6ec2662f7fc9,2025-06-09 15:15:00,2025-08-10 08:02:00
4147b54c-5d19-40d4-8355-7ddaf5e5eb14,Telmisartan,73494,40 mg,OD,True,True,48eda7ae-f6b6-4ab1-9060-c46dea47ecef,5f213a58-b179-42d7-9c05-e29474526e82,b302ab11-03e4-4bae-be36-6ec2662f7fc9,2025-06-09 15:15:00,2025-08-10 08:02:00
3a4b2ca5-138a-4b38-b73b-849395326d54,Amlodipine,17767,10 mg,OD,True,True,48eda7ae-f6b6-4ab1-9060-c46dea47ecef,5f213a58-b179-42d7-9c05-e29474526e82,406a76ac-2a9d-4982-b6f8-1efb7296c6c0,2025-08-10 08:02:00,2025-09-05 10:14:00
953b0546-fded-477f-ac0e-9f081693b373,Telmisartan,73494,80 mg,OD,True,True,48eda7ae-f6b6-4ab1-9060-c46dea47ecef,5f213a58-b179-42d7-9c05-e29474526e82,406a76ac-2a9d-4982-b6f8-1efb7296c6c0,2025-08-10 08:02:00,2025-09-05 10:14:00
55dd18ae-63c2-41e6-80d5-41647c497c3a,Amlodipine,17767,10 mg,OD,True,False,48eda7ae-f6b6-4ab1-9060-c46dea47ecef,5f213a58-b179-42d7-9c05-e29474526e82,8e0d0bd7-32bc-44e0-8bb3-7f4f4b13cf78,2025-09-05 10:14:00,2025-09-05 10:14:00
e3d92a46-0a46-447a-aa7c-08e8f60e3d59,Telmisartan,73494,80 mg,OD,True,False,48eda7ae-f6b6-4ab1-9060-c46dea47ecef,5f213a58-b179-42d7-9c05-e29474526e82,8e0d0bd7-32bc-44e0-8bb3-7f4f4b13cf78,2025-09-05 10:14:00,2025-09-05 10:14:00
db087896-5448-415b-bfb8-68da1cb497be,Chlorthalidone,2409,12.5 mg,OD,True,False,48eda7ae-f6b6-4ab1-9060-c46dea47ecef,5f213a58-b179-42d7-9c05-e29474526e82,8e0d0bd7-32bc-44e0-8bb3-7f4f4b13cf78,2025-09-05 10:14:00,2025-09-05 10:14:00
37f25dc0-cb85-4b5d-8e6e-2a5f34a917e8,Amlodipine,17767,5 mg,OD,True,True,6ed169a9-9787-4fbe-a8c2-bb77ab0a51db,5f213a58-b179-42d7-9c05-e29474526e82,b302ab11-03e4-4bae-be36-6ec2662f7fc9,2025-02-26 10:08:00,2025-03-10 15:55:00
c91e9c58-abc9-4d85-b540-5be853a8da12,Metformin,6809,500 mg,BD,False,False,6ed169a9-9787-4fbe-a8c2-bb77ab0a51db,5f213a58-b179-42d7-9c05-e29474526e82,b302ab11-03e4-4bae-be36-6ec2662f7fc9,2025-02-26 10:08:00,2025-02-26 10:08:00
8fad2782-67c4-43b4-965a-752258b66ad2,Amlodipine,17767,10 mg,OD,True,True,6ed169a9-9787-4fbe-a8c2-bb77ab0a51db,5f213a58-b179-42d7-9c05-e29474526e82,b302ab11-03e4-4bae-be36-6ec2662f7fc9,2025-03-10 15:55:00,2025-06-04 09:12:00
ad95700d-b65f-49d1-bc91-cd4553c825a5,Amlodipine,17767,10 mg,OD,True,True,6ed169a9-9787-4fbe-a8c2-bb77ab0a51db,5f213a58-b179-42d7-9c05-e29474526e82,406a76ac-2a9d-4982-b6f8-1efb7296c6c0,2025-06-04 09:12:00,2025-07-02 15:18:00
59e3711d-05e3-4ec8-b7b6-65bf572ebc0e,Telmisartan,73494,40 mg,OD,True,True,6ed169a9-9787-4fbe-a8c2-bb77ab0a51db,5f213a58-b179-42d7-9c05-e29474526e82,406a76ac-2a9d-4982-b6f8-1efb7296c6c0,2025-06-04 09:12:00,2025-07-02 15:18:00
f49266ab-f0b1-4005-80ef-849a6d6a4511,Amlodipine,17767,10 mg,OD,True,True,6ed169a9-9787-4fbe-a8c2-bb77ab0a51db,5f213a58-b179-42d7-9c05-e29474526e82,8e0d0bd7-32bc-44e0-8bb3-7f4f4b13cf78,2025-07-02 15:18:00,2026-02-26 09:41:00
8c29bd69-d7a5-4fd0-a169-f25f99535dd7,Telmisartan,73494,80 mg,OD,True,True,6ed169a9-9787-4fbe-a8c2-bb77ab0a51db,5f213a58-b179-42d7-9c05-e29474526e82,8e0d0bd7-32bc-44e0-8bb3-7f4f4b13cf78,2025-07-02 15:18:00,2026-02-26 09:41:00
f0f8ccd9-a7a5-4f23-9f73-9838bfbd2118,Amlodipine,17767,10 mg,OD,True,False,6ed169a9-9787-4fbe-a8c2-bb77ab0a51db,5f213a58-b179-42d7-9c05-e29474526e82,406a76ac-2a9d-4982-b6f8-1efb7296c6c0,2026-02-26 09:41:00,2026-02-26 09:41:00
1231601c-5d76-465c-89b0-16a068925d2e,Telmisartan,73494,80 mg,OD,True,False,6ed169a9-9787-4fbe-a8c2-bb77ab0a51db,5f213a58-b179-42d7-9c05-e29474526e82,406a76ac-2a9d-4982-b6f8-1efb7296c6c0,2026-02-26 09:41:00,2026-02-26 09:41:00
f586d5af-ff08-40a1-a3ce-2c1f5f529b3e,Chlorthalidone,2409,12.5 mg,OD,True,False,6ed169a9-9787-4fbe-a8c2-bb77ab0a51db,5f213a58-b179-42d7-9c05-e29474526e82,406a76ac-2a9d-4982-b6f8-1efb7296c6c0,2026-02-26 09:41:00,2026-02-26 09:41:00
b5cf41b6-dbfe-4729-aa1e-e69bb3346f5e,Amlodipine,17767,5 mg,OD,True,True,4ef70b1d-9b57-4ef4-8c07-e497ac7b9ac3,5f213a58-b179-42d7-9c05-e29474526e82,406a76ac-2a9d-4982-b6f8-1efb7296c6c0,2024-11-11 10:12:00,2024-12-08 14:00:00
3e424a90-d64e-4791-9775-22682e2dc250,Amlodipine,17767,10 mg,OD,True,True,4ef70b1d-9b57-4ef4-8c07-e497ac7b9ac3,5f213a58-b179-42d7-9c05-e29474526e82,2db9a55b-d59a-4a30-a4c8-bf7ae0a1e014,2024-12-08 14:00:00,2025-01-24 13:16:00
1d391087-ea53-499f-9314-556e70a7a694,Amlodipine,17767,10 mg,OD,True,False,4ef70b1d-9b57-4ef4-8c07-e497ac7b9ac3,5f213a58-b179-42d7-9c05-e29474526e82,8e0d0bd7-32bc-44e0-8bb3-7f4f4b13cf78,2025-01-24 13:16:00,2025-01-24 13:16:00
97be2e0e-3eb4-48cd-8a9f-84af3dbe82c9,Telmisartan,73494,40 mg,OD,True,False,4ef70b1d-9b57-4ef4-8c07-e497ac7b9ac3,5f213a58-b179-42d7-9c05-e29474526e82,8e0d0bd7-32bc-44e0-8bb3-7f4f4b13cf78,2025-01-24 13:16:00,2025-01-24 13:16:00
1278f341-614d-4730-ab95-e02b4d30fcbd,Amlodipine,17767,5 mg,OD,True,True,400a8f51-bb04-44e9-bfa1-5b585443ec62,ffe42279-f3bd-4683-a6a8-52c1bb9651f3,353297dd-2e3c-46c0-a49c-7fd69ac2c389,2026-08-09 08:52:00,2026-09-06 10:00:00
e6ac7df2-b22c-4c41-ac65-843f287a3c04,Metformin,6809,500 mg,BD,False,False,400a8f51-bb04-44e9-bfa1-5b585443ec62,ffe42279-f3bd-4683-a6a8-52c1bb9651f3,353297dd-2e3c-46c0-a49c-7fd69ac2c389,2026-08-09 08:52:00,2026-08-09 08:52:00
8f7def30-9ded-4755-9f73-e0c9f54d892c,Amlodipine,17767,10 mg,OD,True,False,400a8f51-bb04-44e9-bfa1-5b585443ec62,ffe42279-f3bd-4683-a6a8-52c1bb9651f3,4519b91f-242d-4e4d-ae0c-da1f0c701874,2026-09-06 10:00:00,2026-09-06 10:00:00
b6c0a603-9ee8-4f7f-a7b3-8e2f13c35241,Amlodipine,17767,5 mg,OD,True,False,908c41ec-4f2e-43cc-805b-2e04860a4a59,552564e7-84a4-4534-acfd-938092f72643,19f2d2b9-737d-4029-8250-945229084df8,2025-08-12 10:32:00,2025-08-12 10:32:00
ba8554e1-96f3-4fa1-8492-3788c77b224a,Metformin,6809,500 mg,BD,False,False,908c41ec-4f2e-43cc-805b-2e04860a4a59,552564e7-84a4-4534-acfd-938092f72643,19f2d2b9-737d-4029-8250-945229084df8,2025-08-12 10:32:00,2025-08-12 10:32:00
e27890c8-70f8-4f73-a5d6-a2a9a21bc64d,Amlodipine,17767,5 mg,OD,True,True,b8225637-e40f-4b86-874e-49f8382a70fa,5f213a58-b179-42d7-9c05-e29474526e82,b302ab11-03e4-4bae-be36-6ec2662f7fc9,2026-02-01 14:33:00,2026-04-15 12:59:00
f2371784-f765-494d-be5e-ef69b5b33ae4,Amlodipine,17767,10 mg,OD,True,False,b8225637-e40f-4b86-874e-49f8382a70fa,5f213a58-b179-42d7-9c05-e29474526e82,2db9a55b-d59a-4a30-a4c8-bf7ae0a1e014,2026-04-15 12:59:00,2026-04-15 12:59:00
c2cf3504-bba4-43ba-a70b-a005e14d4386,Amlodipine,17767,5 mg,OD,True,True,2de4eae0-1b62-4b0a-aaa8-bca128159b03,da845e7d-fedd-47ac-b12d-fb734b6449eb,e18956f3-25d3-4ad3-9e29-e476c974b1e2,2024-10-27 10:10:00,2025-03-13 14:34:00
466a5902-0962-4282-82db-4984e62ad6e2,Amlodipine,17767,10 mg,OD,True,True,2de4eae0-1b62-4b0a-aaa8-bca128159b03,da845e7d-fedd-47ac-b12d-fb734b6449eb,e18956f3-25d3-4ad3-9e29-e476c974b1e2,2025-03-13 14:34:00,2025-04-11 13:04:00
c1a2e10b-13f2-4741-859e-0a741395fa49,Amlodipine,17767,10 mg,OD,True,True,2de4eae0-1b62-4b0a-aaa8-bca128159b03,da845e7d-fedd-47ac-b12d-fb734b6449eb,447e99c5-592b-43d3-805b-eb75f1251d2a,2025-04-11 13:04:00,2025-08-03 13:01:00
56fe4236-84f6-41db-a15b-9a6994513d94,Telmisartan,73494,40 mg,OD,True,True,2de4eae0-1b62-4b0a-aaa8-bca128159b03,da845e7d-fedd-47ac-b12d-fb734b6449eb,447e99c5-592b-43d3-805b-eb75f1251d2a,2025-04-11 13:04:00,2025-08-03 13:01:00
bdc4b78a-dbcd-436a-84bd-1a3c04d0d760,Amlodipine,17767,10 mg,OD,True,True,2de4eae0-1b62-4b0a-aaa8-bca128159b03,da845e7d-fedd-47ac-b12d-fb734b6449eb,e18956f3-25d3-4ad3-9e29-e476c974b1e2,2025-08-03 13:01:00,2025-09-03 14:58:00
f0f739c6-31d7-443f-8d3d-2554ca51b3d4,Telmisartan,73494,80 mg,OD,True,True,2de4eae0-1b62-4b0a-aaa8-bca128159b03,da845e7d-fedd-47ac-b12d-fb734b6449eb,e18956f3-25d3-4ad3-9e29-e476c974b1e2,2025-08-03 13:01:00,2025-09-03 14:58:00
5df40c1a-501e-40fd-a6d8-ef94f9477fb0,Amlodipine,17767,10 mg,OD,True,False,2de4eae0-1b62-4b0a-aaa8-bca128159b03,da845e7d-fedd-47ac-b12d-fb734b6449eb,447e99c5-592b-43d3-805b-eb75f1251d2a,2025-09-03 14:58:00,2025-09-03 14:58:00
94a69dab-45b2-49fd-a81e-d02a5d4306da,Telmisartan,73494,80 mg,OD,True,False,2de4eae0-1b62-4b0a-aaa8-bca128159b03,da845e7d-fedd-47ac-b12d-fb734b6449eb,447e99c5-592b-43d3-805b-eb75f1251d2a,2025-09-03 14:58:00,2025-09-03 14:58:00
b442bdb6-5ffb-4cf0-a000-45b54751814f,Chlorthalidone,2409,12.5 mg,OD,True,False,2de4eae0-1b62-4b0a-aaa8-bca128159b03,da845e7d-fedd-47ac-b12d-fb734b6449eb,447e99c5-592b-43d3-805b-eb75f1251d2a,2025-09-03 14:58:00,2025-09-03 14:58:00
98b30fb7-1c24-4c3d-8b13-587de30adb7a,Amlodipine,17767,5 mg,OD,True,True,5187bd10-c004-46af-b5bd-d23cfc87a8f7,5f213a58-b179-42d7-9c05-e29474526e82,2db9a55b-d59a-4a30-a4c8-bf7ae0a1e014,2025-07-04 13:25:00,2025-07-31 12:19:00
edd4ef76-21fe-4c54-9e85-38ea8adfb6ab,Amlodipine,17767,10 mg,OD,True,True,5187bd10-c004-46af-b5bd-d23cfc87a8f7,5f213a58-b179-42d7-9c05-e29474526e82,8e0d0bd7-32bc-44e0-8bb3-7f4f4b13cf78,2025-07-31 12:19:00,2025-08-28 13:56:00
6c8c4b11-5a74-4bc3-95a7-01e575eca641,Amlodipine,17767,10 mg,OD,True,True,5187bd10-c004-46af-b5bd-d23cfc87a8f7,5f213a58-b179-42d7-9c05-e29474526e82,406a76ac-2a9d-4982-b6f8-1efb7296c6c0,2025-08-28 13:56:00,2025-11-19 11:13:00
d38d278f-cb45-41ea-95db-b8dcc72f5de7,Telmisartan,73494,40 mg,OD,True,True,5187bd10-c004-46af-b5bd-d23cfc87a8f7,5f213a58-b179-42d7-9c05-e29474526e82,406a76ac-2a9d-4982-b6f8-1efb7296c6c0,2025-08-28 13:56:00,2025-11-19 11:13:00
da44c37c-ffe3-4d46-ac97-d84165649405,Amlodipine,17767,10 mg,OD,True,True,5187bd10-c004-46af-b5bd-d23cfc87a8f7,5f213a58-b179-42d7-9c05-e29474526e82,406a76ac-2a9d-4982-b6f8-1efb7296c6c0,2025-11-19 11:13:00,2026-01-19 08:15:00
fc18123f-7f04-4b46-ab43-a71ce418a894,Telmisartan,73494,80 mg,OD,True,True,5187bd10-c004-46af-b5bd-d23cfc87a8f7,5f213a58-b179-42d7-9c05-e29474526e82,406a76ac-2a9d-4982-b6f8-1efb7296c6c0,2025-11-19 11:13:00,2026-01-19 08:15:00
3e425fab-0345-41d2-95f7-09a6d3f69d4f,Amlodipine,17767,10 mg,OD,True,False,5187bd10-c004-46af-b5bd-d23cfc87a8f7,5f213a58-b179-42d7-9c05-e29474526e82,2db9a55b-d59a-4a30-a4c8-bf7ae0a1e014,2026-01-19 08:15:00,2026-01-19 08:15:00
f6356946-4b28-4161-94cd-b9cc45aecce1,Telmisartan,73494,80 mg,OD,True,False,5187bd10-c004-46af-b5bd-d23cfc87a8f7,5f213a58-b179-42d7-9c05-e29474526e82,2db9a55b-d59a-4a30-a4c8-bf7ae0a1e014,2026-01-19 08:15:00,2026-01-19 08:15:00
e24b1e48-91ae-4835-b112-6d03a3218f56,Chlorthalidone,2409,12.5 mg,OD,True,False,5187bd10-c004-46af-b5bd-d23cfc87a8f7,5f213a58-b179-42d7-9c05-e29474526e82,2db9a55b-d59a-4a30-a4c8-bf7ae0a1e014,2026-01-19 08:15:00,2026-01-19 08:15:00
8e47b11c-0c61-404c-a6aa-31dc21c79df7,Amlodipine,17767,5 mg,OD,True,True,389a76bd-bf97-4432-b03c-d8a4cd733b74,5f213a58-b179-42d7-9c05-e29474526e82,406a76ac-2a9d-4982-b6f8-1efb7296c6c0,2025-11-17 10:22:00,2025-12-15 14:11:00
0c175e5e-c20b-4bee-8d33-c19ea55ea98e,Amlodipine,17767,10 mg,OD,True,True,389a76bd-bf97-4432-b03c-d8a4cd733b74,5f213a58-b179-42d7-9c05-e29474526e82,b302ab11-03e4-4bae-be36-6ec2662f7fc9,2025-12-15 14:11:00,2026-01-11 12:47:00
acc7f0c8-afff-4fb2-800c-dda180020677,Amlodipine,17767,10 mg,OD,True,True,389a76bd-bf97-4432-b03c-d8a4cd733b74,5f213a58-b179-42d7-9c05-e29474526e82,8e0d0bd7-32bc-44e0-8bb3-7f4f4b13cf78,2026-01-11 12:47:00,2026-02-09 09:50:00
407b5183-dd76-41af-bf6d-4708aa66af01,Telmisartan,73494,40 mg,OD,True,True,389a76bd-bf97-4432-b03c-d8a4cd733b74,5f213a58-b179-42d7-9c05-e29474526e82,8e0d0bd7-32bc-44e0-8bb3-7f4f4b13cf78,2026-01-11 12:47:00,2026-02-09 09:50:00
2845e155-81e1-4784-826f-c538858876d0,Amlodipine,17767,10 mg,OD,True,True,389a76bd-bf97-4432-b03c-d8a4cd733b74,5f213a58-b179-42d7-9c05-e29474526e82,406a76ac-2a9d-4982-b6f8-1efb7296c6c0,2026-02-09 09:50:00,2026-03-17 09:07:00
bc81721c-48b8-4b7c-9d62-847c95ecaf70,Telmisartan,73494,80 mg,OD,True,True,389a76bd-bf97-4432-b03c-d8a4cd733b74,5f213a58-b179-42d7-9c05-e29474526e82,406a76ac-2a9d-4982-b6f8-1efb7296c6c0,2026-02-09 09:50:00,2026-03-17 09:07:00
1a84fed0-6380-4c7f-9c89-bf4c64249696,Amlodipine,17767,10 mg,OD,True,False,389a76bd-bf97-4432-b03c-d8a4cd733b74,5f213a58-b179-42d7-9c05-e29474526e82,b302ab11-03e4-4bae-be36-6ec2662f7fc9,2026-03-17 09:07:00,2026-03-17 09:07:00
47d18c6b-198d-4eea-991c-5da724f56904,Telmisartan,73494,80 mg,OD,True,False,389a76bd-bf97-4432-b03c-d8a4cd733b74,5f213a58-b179-42d7-9c05-e29474526e82,b302ab11-03e4-4bae-be36-6ec2662f7fc9,2026-03-17 09:07:00,2026-03-17 09:07:00
188fe510-b1ff-42b1-8e7c-a0313e1411fb,Chlorthalidone,2409,12.5 mg,OD,True,False,389a76bd-bf97-4432-b03c-d8a4cd733b74,5f213a58-b179-42d7-9c05-e29474526e82,b302ab11-03e4-4bae-be36-6ec2662f7fc9,2026-03-17 09:07:00,2026-03-17 09:07:00
1fc959c8-3a73-49da-b262-df84862e1acb,Amlodipine,17767,5 mg,OD,True,True,0f257fa1-1df6-4807-8a73-612f6b251ce9,5f213a58-b179-42d7-9c05-e29474526e82,406a76ac-2a9d-4982-b6f8-1efb7296c6c0,2024-12-27 12:14:00,2025-01-26 11:34:00
c2ac7d60-70af-4f22-8a8f-e006d756c16d,Amlodipine,17767,10 mg,OD,True,True,0f257fa1-1df6-4807-8a73-612f6b251ce9,5f213a58-b179-42d7-9c05-e29474526e82,2db9a55b-d59a-4a30-a4c8-bf7ae0a1e014,2025-01-26 11:34:00,2025-02-07 08:20:00
c37e8d62-3a36-4664-84d4-9965076c8167,Amlodipine,17767,10 mg,OD,True,True,0f257fa1-1df6-4807-8a73-612f6b251ce9,5f213a58-b179-42d7-9c05-e29474526e82,8e0d0bd7-32bc-44e0-8bb3-7f4f4b13cf78,2025-02-07 08:20:00,2025-03-06 11:47:00
fea7245e-fd63-4325-8da5-8ebbcf618b4a,Telmisartan,73494,40 mg,OD,True,True,0f257fa1-1df6-4807-8a73-612f6b251ce9,5f213a58-b179-42d7-9c05-e29474526e82,8e0d0bd7-32bc-44e0-8bb3-7f4f4b13cf78,2025-02-07 08:20:00,2025-03-06 11:47:00
1ba19115-fc08-492d-a0ac-cd0d62076ff7,Amlodipine,17767,10 mg,OD,True,False,0f257fa1-1df6-4807-8a73-612f6b251ce9,5f213a58-b179-42d7-9c05-e29474526e82,406a76ac-2a9d-4982-b6f8-1efb7296c6c0,2025-03-06 11:47:00,2025-03-06 11:47:00
08295d26-402e-45a7-b085-336b79ef0809,Telmisartan,73494,80 mg,OD,True,False,0f257fa1-1df6-4807-8a73-612f6b251ce9,5f213a58-b179-42d7-9c05-e29474526e82,406a76ac-2a9d-4982-b6f8-1efb7296c6c0,2025-03-06 11:47:00,2025-03-06 11:47:00
207730f7-96a0-49c4-8021-5f3c1894544a,Amlodipine,17767,5 mg,OD,True,True,93698b2e-2807-4a04-adf2-02e2423bff67,5f213a58-b179-42d7-9c05-e29474526e82,8e0d0bd7-32bc-44e0-8bb3-7f4f4b13cf78,2024-09-30 09:07:00,2024-10-29 13:07:00
f8be7b75-eb0f-4104-9346-c3827ee57079,Amlodipine,17767,10 mg,OD,True,True,93698b2e-2807-4a04-adf2-02e2423bff67,5f213a58-b179-42d7-9c05-e29474526e82,b302ab11-03e4-4bae-be36-6ec2662f7fc9,2024-10-29 13:07:00,2024-11-28 09:33:00
73a51d7f-1a4e-4866-b6b3-d058260d70f8,Amlodipine,17767,10 mg,OD,True,True,93698b2e-2807-4a04-adf2-02e2423bff67,5f213a58-b179-42d7-9c05-e29474526e82,b302ab11-03e4-4bae-be36-6ec2662f7fc9,2024-11-28 09:33:00,2024-12-23 08:20:00
df80aa92-57e0-4902-9e9d-deec39ecc059,Telmisartan,73494,40 mg,OD,True,True,93698b2e-2807-4a04-adf2-02e2423bff67,5f213a58-b179-42d7-9c05-e29474526e82,b302ab11-03e4-4bae-be36-6ec2662f7fc9,2024-11-28 09:33:00,2024-12-23 08:20:00
ad1f41b6-b541-44bf-8eb3-bb6f98ec7729,Amlodipine,17767,10 mg,OD,True,True,93698b2e-2807-4a04-adf2-02e2423bff67,5f213a58-b179-42d7-9c05-e29474526e82,2db9a55b-d59a-4a30-a4c8-bf7ae0a1e014,2024-12-23 08:20:00,2025-01-18 13:00:00
64e662e0-5657-4b90-a322-e6573e84b69e,Telmisartan,73494,80 mg,OD,True,True,93698b2e-2807-4a04-adf2-02e2423bff67,5f213a58-b179-42d7-9c05-e29474526e82,2db9a55b-d59a-4a30-a4c8-bf7ae0a1e014,2024-12-23 08:20:00,2025-01-18 13:00:00
1aca2b4d-c0ff-4a26-947b-9931bdbe0d0e,Amlodipine,17767,10 mg,OD,True,False,93698b2e-2807-4a04-adf2-02e2423bff67,5f213a58-b179-42d7-9c05-e29474526e82,406a76ac-2a9d-4982-b6f8-1efb7296c6c0,2025-01-18 13:00:00,2025-01-18 13:00:00
c78a48bb-23de-4b51-baeb-38c5dc7bd9f3,Telmisartan,73494,80 mg,OD,True,False,93698b2e-2807-4a04-adf2-02e2423bff67,5f213a58-b179-42d7-9c05-e29474526e82,406a76ac-2a9d-4982-b6f8-1efb7296c6c0,2025-01-18 13:00:00,2025-01-18 13:00:00
15a2639c-1cd0-4e99-8f0d-0e2d673d04bb,Chlorthalidone,2409,12.5 mg,OD,True,False,93698b2e-2807-4a04-adf2-02e2423bff67,5f213a58-b179-42d7-9c05-e29474526e82,406a76ac-2a9d-4982-b6f8-1efb7296c6c0,2025-01-18 13:00:00,2025-01-18 13:00:00
eedfae77-0257-40a6-a846-41095c44d885,Amlodipine,17767,5 mg,OD,True,True,cd678fbd-e6cd-4019-a6f1-abe9ba5e2d1a,da845e7d-fedd-47ac-b12d-fb734b6449eb,5e76f2ad-b087-4dc4-9d25-73e3e0503036,2026-05-12 09:00:00,2026-05-25 15:05:00
40d8362a-b47b-4ce1-9293-022df16a3ad4,Amlodipine,17767,10 mg,OD,True,False,cd678fbd-e6cd-4019-a6f1-abe9ba5e2d1a,da845e7d-fedd-47ac-b12d-fb734b6449eb,5e76f2ad-b087-4dc4-9d25-73e3e0503036,2026-05-25 15:05:00,2026-05-25 15:05:00
9b495c42-f70d-4c09-aace-ea6303eaa54d,Amlodipine,17767,5 mg,OD,True,True,4758f904-0592-419e-9bbf-4fe8494d3740,da845e7d-fedd-47ac-b12d-fb734b6449eb,447e99c5-592b-43d3-805b-eb75f1251d2a,2026-04-17 14:19:00,2026-05-14 12:46:00
dd80433c-02f6-4173-871b-0818c5e53318,Amlodipine,17767,10 mg,OD,True,True,4758f904-0592-419e-9bbf-4fe8494d3740,da845e7d-fedd-47ac-b12d-fb734b6449eb,5e76f2ad-b087-4dc4-9d25-73e3e0503036,2026-05-14 12:46:00,2026-06-09 10:05:00
10f9fa60-811c-46a7-847f-1336c4e081b4,Amlodipine,17767,10 mg,OD,True,False,4758f904-0592-419e-9bbf-4fe8494d3740,da845e7d-fedd-47ac-b12d-fb734b6449eb,447e99c5-592b-43d3-805b-eb75f1251d2a,2026-06-09 10:05:00,2026-06-09 10:05:00
8d1c91ca-e46f-403a-b905-5319c10a652f,Telmisartan,73494,40 mg,OD,True,False,4758f904-0592-419e-9bbf-4fe8494d3740,da845e7d-fedd-47ac-b12d-fb734b6449eb,447e99c5-592b-43d3-805b-eb75f1251d2a,2026-06-09 10:05:00,2026-06-09 10:05:00
cd162179-ac79-4b9a-a0e0-cef9052577c2,Amlodipine,17767,5 mg,OD,True,True,332a1cc3-4d85-4187-9ff8-5f1eade860a3,552564e7-84a4-4534-acfd-938092f72643,0035c5bf-742a-4ff6-9e23-941764d58bb9,2024-11-28 15:01:00,2024-12-28 14:16:00
19739f48-84c5-4443-9171-6298663e052c,Amlodipine,17767,10 mg,OD,True,True,332a1cc3-4d85-4187-9ff8-5f1eade860a3,552564e7-84a4-4534-acfd-938092f72643,448fb26c-4d06-4d9f-a11d-a2745fb4d4c6,2024-12-28 14:16:00,2025-01-28 09:59:00
a2460722-2b61-4b35-89f0-d4329c2c7465,Amlodipine,17767,10 mg,OD,True,False,332a1cc3-4d85-4187-9ff8-5f1eade860a3,552564e7-84a4-4534-acfd-938092f72643,448fb26c-4d06-4d9f-a11d-a2745fb4d4c6,2025-01-28 09:59:00,2025-01-28 09:59:00
51aa0559-e3de-413a-984c-17db70252c54,Telmisartan,73494,40 mg,OD,True,False,332a1cc3-4d85-4187-9ff8-5f1eade860a3,552564e7-84a4-4534-acfd-938092f72643,448fb26c-4d06-4d9f-a11d-a2745fb4d4c6,2025-01-28 09:59:00,2025-01-28 09:59:00
b6b3e4f8-1be9-4f36-a720-4799a579a1dc,Amlodipine,17767,5 mg,OD,True,True,7af21e3c-9f72-4836-a5ff-2ed2ab4adc91,5f213a58-b179-42d7-9c05-e29474526e82,2db9a55b-d59a-4a30-a4c8-bf7ae0a1e014,2025-02-14 09:22:00,2025-04-13 10:11:00
cc53f09e-a2d3-4ccc-ba2e-3312ab0ad445,Amlodipine,17767,10 mg,OD,True,True,7af21e3c-9f72-4836-a5ff-2ed2ab4adc91,5f213a58-b179-42d7-9c05-e29474526e82,406a76ac-2a9d-4982-b6f8-1efb7296c6c0,2025-04-13 10:11:00,2025-05-13 14:55:00
384f6932-11dc-479b-aa02-369459d123df,Amlodipine,17767,10 mg,OD,True,True,7af21e3c-9f72-4836-a5ff-2ed2ab4adc91,5f213a58-b179-42d7-9c05-e29474526e82,b302ab11-03e4-4bae-be36-6ec2662f7fc9,2025-05-13 14:55:00,2025-08-12 10:27:00
609a1515-05a2-4ce1-9760-291725071db0,Telmisartan,73494,40 mg,OD,True,True,7af21e3c-9f72-4836-a5ff-2ed2ab4adc91,5f213a58-b179-42d7-9c05-e29474526e82,b302ab11-03e4-4bae-be36-6ec2662f7fc9,2025-05-13 14:55:00,2025-08-12 10:27:00
3d3fae62-9ad2-4d26-b455-358753b5c002,Amlodipine,17767,10 mg,OD,True,True,7af21e3c-9f72-4836-a5ff-2ed2ab4adc91,5f213a58-b179-42d7-9c05-e29474526e82,2db9a55b-d59a-4a30-a4c8-bf7ae0a1e014,2025-08-12 10:27:00,2025-08-28 14:44:00
b46bccbb-e762-43cc-acc9-a08895e6f16d,Telmisartan,73494,80 mg,OD,True,True,7af21e3c-9f72-4836-a5ff-2ed2ab4adc91,5f213a58-b179-42d7-9c05-e29474526e82,2db9a55b-d59a-4a30-a4c8-bf7ae0a1e014,2025-08-12 10:27:00,2025-08-28 14:44:00
2e87714a-0bda-43e8-8687-046daba9cf11,Amlodipine,17767,10 mg,OD,True,False,7af21e3c-9f72-4836-a5ff-2ed2ab4adc91,5f213a58-b179-42d7-9c05-e29474526e82,406a76ac-2a9d-4982-b6f8-1efb7296c6c0,2025-08-28 14:44:00,2025-08-28 14:44:00
583cc4ac-17c9-4e59-bb8d-a912e13a9b59,Telmisartan,73494,80 mg,OD,True,False,7af21e3c-9f72-4836-a5ff-2ed2ab4adc91,5f213a58-b179-42d7-9c05-e29474526e82,406a76ac-2a9d-4982-b6f8-1efb7296c6c0,2025-08-28 14:44:00,2025-08-28 14:44:00
af3f41bb-4cc3-4d90-a30c-84e6b7d05089,Chlorthalidone,2409,12.5 mg,OD,True,False,7af21e3c-9f72-4836-a5ff-2ed2ab4adc91,5f213a58-b179-42d7-9c05-e29474526e82,406a76ac-2a9d-4982-b6f8-1efb7296c6c0,2025-08-28 14:44:00,2025-08-28 14:44:00
220f5f14-d6a8-4826-834c-227f6ce95e93,Amlodipine,17767,5 mg,OD,True,True,c91ecc9c-f176-4f5c-90f9-561c5bc76492,906096d6-f0f6-4da5-9c19-dc403afb4bb8,b0715258-4719-4ce5-8a85-03ccda2c376c,2025-04-10 12:45:00,2025-05-12 15:29:00
fb680b84-09f6-473d-9d2f-508f5c0232fe,Amlodipine,17767,10 mg,OD,True,True,c91ecc9c-f176-4f5c-90f9-561c5bc76492,906096d6-f0f6-4da5-9c19-dc403afb4bb8,b0715258-4719-4ce5-8a85-03ccda2c376c,2025-05-12 15:29:00,2025-06-08 10:35:00
423807d2-a563-4f43-ace7-4f23d4200a20,Amlodipine,17767,10 mg,OD,True,False,c91ecc9c-f176-4f5c-90f9-561c5bc76492,906096d6-f0f6-4da5-9c19-dc403afb4bb8,b0715258-4719-4ce5-8a85-03ccda2c376c,2025-06-08 10:35:00,2025-06-08 10:35:00
9fa4f077-d66e-4e14-995a-f921884ccad3,Telmisartan,73494,40 mg,OD,True,False,c91ecc9c-f176-4f5c-90f9-561c5bc76492,906096d6-f0f6-4da5-9c19-dc403afb4bb8,b0715258-4719-4ce5-8a85-03ccda2c376c,2025-06-08 10:35:00,2025-06-08 10:35:00
c8551f7f-6772-4e42-9439-e4690fb8262f,Amlodipine,17767,5 mg,OD,True,False,52fb208f-9236-4abc-a5af-86e1791db2ca,552564e7-84a4-4534-acfd-938092f72643,0035c5bf-742a-4ff6-9e23-941764d58bb9,2024-12-11 09:11:00,2024-12-11 09:11:00
7dbbbf5d-c5fa-4a8f-892a-1017ad894f94,Amlodipine,17767,5 mg,OD,True,True,8ce72098-cf82-4b5c-b4bb-593ec7d595b0,552564e7-84a4-4534-acfd-938092f72643,19f2d2b9-737d-4029-8250-945229084df8,2025-07-27 15:43:00,2025-08-12 15:43:00
77def620-ec5f-4e65-9c5d-03fd60536f07,Amlodipine,17767,10 mg,OD,True,True,8ce72098-cf82-4b5c-b4bb-593ec7d595b0,552564e7-84a4-4534-acfd-938092f72643,c762646d-3ec2-420a-956d-f1b73ea05187,2025-08-12 15:43:00,2025-10-04 14:28:00
1519b952-798b-45c5-9558-276b00174e32,Amlodipine,17767,10 mg,OD,True,True,8ce72098-cf82-4b5c-b4bb-593ec7d595b0,552564e7-84a4-4534-acfd-938092f72643,19f2d2b9-737d-4029-8250-945229084df8,2025-10-04 14:28:00,2026-01-17 15:46:00
78c1a245-bd05-404b-b94b-9717d13d1504,Telmisartan,73494,40 mg,OD,True,True,8ce72098-cf82-4b5c-b4bb-593ec7d595b0,552564e7-84a4-4534-acfd-938092f72643,19f2d2b9-737d-4029-8250-945229084df8,2025-10-04 14:28:00,2026-01-17 15:46:00
d88e458f-e643-4db6-88aa-653c4c5183f2,Amlodipine,17767,10 mg,OD,True,True,8ce72098-cf82-4b5c-b4bb-593ec7d595b0,552564e7-84a4-4534-acfd-938092f72643,c762646d-3ec2-420a-956d-f1b73ea05187,2026-01-17 15:46:00,2026-04-14 10:22:00
d9c49976-510d-44e9-b27d-8958b7e59cca,Telmisartan,73494,80 mg,OD,True,True,8ce72098-cf82-4b5c-b4bb-593ec7d595b0,552564e7-84a4-4534-acfd-938092f72643,c762646d-3ec2-420a-956d-f1b73ea05187,2026-01-17 15:46:00,2026-04-14 10:22:00
37d4c9a7-0a41-4700-98b0-90703d1e9b02,Amlodipine,17767,10 mg,OD,True,False,8ce72098-cf82-4b5c-b4bb-593ec7d595b0,552564e7-84a4-4534-acfd-938092f72643,c762646d-3ec2-420a-956d-f1b73ea05187,2026-04-14 10:22:00,2026-04-14 10:22:00
7fde38ab-2e0c-46bf-95d9-faf2f011e314,Telmisartan,73494,80 mg,OD,True,False,8ce72098-cf82-4b5c-b4bb-593ec7d595b0,552564e7-84a4-4534-acfd-938092f72643,c762646d-3ec2-420a-956d-f1b73ea05187,2026-04-14 10:22:00,2026-04-14 10:22:00
2a0a5285-89af-49ec-84ad-fb2ba4d4bbfd,Chlorthalidone,2409,12.5 mg,OD,True,False,8ce72098-cf82-4b5c-b4bb-593ec7d595b0,552564e7-84a4-4534-acfd-938092f72643,c762646d-3ec2-420a-956d-f1b73ea05187,2026-04-14 10:22:00,2026-04-14 10:22:00
1773a661-b322-4195-a7b7-036b9b497df2,Amlodipine,17767,5 mg,OD,True,True,402f1ace-72bc-4d75-8f25-45a5b200b9e5,da845e7d-fedd-47ac-b12d-fb734b6449eb,5e76f2ad-b087-4dc4-9d25-73e3e0503036,2026-03-03 14:50:00,2026-05-28 12:08:00
8fe24d52-864c-4518-aaea-20813b6aa73f,Amlodipine,17767,10 mg,OD,True,True,402f1ace-72bc-4d75-8f25-45a5b200b9e5,da845e7d-fedd-47ac-b12d-fb734b6449eb,5e76f2ad-b087-4dc4-9d25-73e3e0503036,2026-05-28 12:08:00,2026-08-26 14:56:00
1f868bab-9f68-4593-bf1f-25dbb3ad6de9,Amlodipine,17767,10 mg,OD,True,False,402f1ace-72bc-4d75-8f25-45a5b200b9e5,da845e7d-fedd-47ac-b12d-fb734b6449eb,e18956f3-25d3-4ad3-9e29-e476c974b1e2,2026-08-26 14:56:00,2026-08-26 14:56:00
eb2f47f9-7c46-455a-8f42-86217628ed93,Telmisartan,73494,40 mg,OD,True,False,402f1ace-72bc-4d75-8f25-45a5b200b9e5,da845e7d-fedd-47ac-b12d-fb734b6449eb,e18956f3-25d3-4ad3-9e29-e476c974b1e2,2026-08-26 14:56:00,2026-08-26 14:56:00
980f7e4a-e519-490a-aa7a-68cc927aa96c,Amlodipine,17767,5 mg,OD,True,False,1498780b-ebd0-472f-a20f-17e28419eeef,da845e7d-fedd-47ac-b12d-fb734b6449eb,e18956f3-25d3-4ad3-9e29-e476c974b1e2,2026-08-01 14:54:00,2026-08-01 14:54:00
0e64280d-b975-4727-971e-2c5002d451bf,Amlodipine,17767,5 mg,OD,True,False,a6594ef3-b2de-43a1-880d-736c0f8e74a6,906096d6-f0f6-4da5-9c19-dc403afb4bb8,8cc3bb69-3add-47d5-9cd2-8cff31252948,2024-10-23 11:28:00,2024-10-23 11:28:00
c02651ac-12c9-48b3-9b1e-80ba8adcc2cd,Amlodipine,17767,5 mg,OD,True,True,a8621829-391c-4ecc-aa5a-36dc877cb654,ffe42279-f3bd-4683-a6a8-52c1bb9651f3,4519b91f-242d-4e4d-ae0c-da1f0c701874,2026-03-23 15:48:00,2026-04-22 13:34:00
072a5ca2-1fbc-4551-b215-08f173602027,Amlodipine,17767,10 mg,OD,True,True,a8621829-391c-4ecc-aa5a-36dc877cb654,ffe42279-f3bd-4683-a6a8-52c1bb9651f3,353297dd-2e3c-46c0-a49c-7fd69ac2c389,2026-04-22 13:34:00,2026-05-21 08:09:00
a3879c96-12db-4cc0-80f3-0bdf46cb2d58,Amlodipine,17767,10 mg,OD,True,False,a8621829-391c-4ecc-aa5a-36dc877cb654,ffe42279-f3bd-4683-a6a8-52c1bb9651f3,246dee45-3351-44d3-8a3a-ca414c46c168,2026-05-21 08:09:00,2026-05-21 08:09:00
cf645b75-0317-4dc1-ad9a-f06c6b7c7a85,Telmisartan,73494,40 mg,OD,True,False,a8621829-391c-4ecc-aa5a-36dc877cb654,ffe42279-f3bd-4683-a6a8-52c1bb9651f3,246dee45-3351-44d3-8a3a-ca414c46c168,2026-05-21 08:09:00,2026-05-21 08:09:00
80b84a0c-672b-4bae-be64-b7194ae9718b,Amlodipine,17767,5 mg,OD,True,True,573b4735-c6a0-45d9-adbd-aa2e7af0cf84,552564e7-84a4-4534-acfd-938092f72643,213c0975-3815-4ea4-ba67-23c54c2546da,2025-01-10 13:28:00,2025-06-21 12:33:00
cfc9c8d2-0af5-4e3f-b2a3-e3840d355759,Amlodipine,17767,10 mg,OD,True,False,573b4735-c6a0-45d9-adbd-aa2e7af0cf84,552564e7-84a4-4534-acfd-938092f72643,213c0975-3815-4ea4-ba67-23c54c2546da,2025-06-21 12:33:00,2025-06-21 12:33:00
ff243bd7-09fb-42df-bf5f-e7aef49e5203,Amlodipine,17767,5 mg,OD,True,True,78840e34-8bc7-4855-a250-54dbfc04c791,906096d6-f0f6-4da5-9c19-dc403afb4bb8,9bae34d8-d312-48ce-9bbf-17fa6222b3f6,2025-06-01 15:48:00,2025-08-25 12:30:00
64968952-be7b-43c2-97ff-8d8833985ce0,Metformin,6809,500 mg,BD,False,False,78840e34-8bc7-4855-a250-54dbfc04c791,906096d6-f0f6-4da5-9c19-dc403afb4bb8,9bae34d8-d312-48ce-9bbf-17fa6222b3f6,2025-06-01 15:48:00,2025-06-01 15:48:00
5e30bd2d-9f1b-455e-aa87-fb60a920c95d,Amlodipine,17767,10 mg,OD,True,True,78840e34-8bc7-4855-a250-54dbfc04c791,906096d6-f0f6-4da5-9c19-dc403afb4bb8,8cc3bb69-3add-47d5-9cd2-8cff31252948,2025-08-25 12:30:00,2026-07-14 11:40:00
e288b73b-9052-451f-b54e-ac9368d973d9,Amlodipine,17767,10 mg,OD,True,True,78840e34-8bc7-4855-a250-54dbfc04c791,906096d6-f0f6-4da5-9c19-dc403afb4bb8,b0715258-4719-4ce5-8a85-03ccda2c376c,2026-07-14 11:40:00,2026-08-14 08:29:00
1d33b570-7b02-4827-9a20-72a07cc40727,Telmisartan,73494,40 mg,OD,True,True,78840e34-8bc7-4855-a250-54dbfc04c791,906096d6-f0f6-4da5-9c19-dc403afb4bb8,b0715258-4719-4ce5-8a85-03ccda2c376c,2026-07-14 11:40:00,2026-08-14 08:29:00
e25f1557-2855-4463-abf6-037ce657e465,Amlodipine,17767,10 mg,OD,True,False,78840e34-8bc7-4855-a250-54dbfc04c791,906096d6-f0f6-4da5-9c19-dc403afb4bb8,b0715258-4719-4ce5-8a85-03ccda2c376c,2026-08-14 08:29:00,2026-08-14 08:29:00
cadb2c29-19e3-4158-aed4-6c9803ad2060,Telmisartan,73494,80 mg,OD,True,False,78840e34-8bc7-4855-a250-54dbfc04c791,906096d6-f0f6-4da5-9c19-dc403afb4bb8,b0715258-4719-4ce5-8a85-03ccda2c376c,2026-08-14 08:29:00,2026-08-14 08:29:00
e87b78ef-18bf-4a68-8ab0-edf787dc66ee,Amlodipine,17767,5 mg,OD,True,True,e5985ab6-c2fc-4c54-b53e-8555d7b8b868,ffe42279-f3bd-4683-a6a8-52c1bb9651f3,4519b91f-242d-4e4d-ae0c-da1f0c701874,2024-10-25 09:53:00,2024-11-05 14:48:00
974ce508-4120-4d34-b28f-483586db6b9d,Metformin,6809,500 mg,BD,False,False,e5985ab6-c2fc-4c54-b53e-8555d7b8b868,ffe42279-f3bd-4683-a6a8-52c1bb9651f3,4519b91f-242d-4e4d-ae0c-da1f0c701874,2024-10-25 09:53:00,2024-10-25 09:53:00
675c88d2-86e5-455b-b1c6-c946b90462b2,Amlodipine,17767,10 mg,OD,True,False,e5985ab6-c2fc-4c54-b53e-8555d7b8b868,ffe42279-f3bd-4683-a6a8-52c1bb9651f3,4519b91f-242d-4e4d-ae0c-da1f0c701874,2024-11-05 14:48:00,2024-11-05 14:48:00
5045214e-733c-4956-8034-9ff5f697ca1f,Amlodipine,17767,5 mg,OD,True,False,21217237-13aa-47ac-a886-38bf8678b2c4,552564e7-84a4-4534-acfd-938092f72643,448fb26c-4d06-4d9f-a11d-a2745fb4d4c6,2026-08-22 14:10:00,2026-08-22 14:10:00
b985a040-7a36-451f-92e7-afcaf2e7491d,Metformin,6809,500 mg,BD,False,False,21217237-13aa-47ac-a886-38bf8678b2c4,552564e7-84a4-4534-acfd-938092f72643,448fb26c-4d06-4d9f-a11d-a2745fb4d4c6,2026-08-22 14:10:00,2026-08-22 14:10:00
8c3678bd-3031-40ed-89db-60e12af13f2e,Amlodipine,17767,5 mg,OD,True,True,c38e4ca4-0868-4e0c-83d1-9396a5c9dd1a,da845e7d-fedd-47ac-b12d-fb734b6449eb,5e76f2ad-b087-4dc4-9d25-73e3e0503036,2026-05-28 11:06:00,2026-08-30 13:26:00
6a587276-d0b5-44d6-adb7-ece839425f32,Amlodipine,17767,10 mg,OD,True,True,c38e4ca4-0868-4e0c-83d1-9396a5c9dd1a,da845e7d-fedd-47ac-b12d-fb734b6449eb,447e99c5-592b-43d3-805b-eb75f1251d2a,2026-08-30 13:26:00,2026-09-23 15:19:00
1ecea06d-195a-463f-98ce-8c44f9a27a0d,Amlodipine,17767,10 mg,OD,True,False,c38e4ca4-0868-4e0c-83d1-9396a5c9dd1a,da845e7d-fedd-47ac-b12d-fb734b6449eb,447e99c5-592b-43d3-805b-eb75f1251d2a,2026-09-23 15:19:00,2026-09-23 15:19:00
21733f09-74de-459f-a4d9-049022d1fbd0,Telmisartan,73494,40 mg,OD,True,False,c38e4ca4-0868-4e0c-83d1-9396a5c9dd1a,da845e7d-fedd-47ac-b12d-fb734b6449eb,447e99c5-592b-43d3-805b-eb75f1251d2a,2026-09-23 15:19:00,2026-09-23 15:19:00
9d897767-a8f1-40ee-a950-d84006262f60,Amlodipine,17767,5 mg,OD,True,True,31dac15c-8e3b-4176-bc52-77172f1f0a8a,552564e7-84a4-4534-acfd-938092f72643,c762646d-3ec2-420a-956d-f1b73ea05187,2025-09-03 10:05:00,2025-09-18 12:08:00
72430284-c3cf-4852-87a2-52a73086a979,Amlodipine,17767,10 mg,OD,True,True,31dac15c-8e3b-4176-bc52-77172f1f0a8a,552564e7-84a4-4534-acfd-938092f72643,213c0975-3815-4ea4-ba67-23c54c2546da,2025-09-18 12:08:00,2026-07-17 08:54:00
894275a0-dd87-488c-9864-b6af010cfe42,Amlodipine,17767,10 mg,OD,True,False,31dac15c-8e3b-4176-bc52-77172f1f0a8a,552564e7-84a4-4534-acfd-938092f72643,f3161305-31e6-47c0-8597-e00f4ddec847,2026-07-17 08:54:00,2026-07-17 08:54:00
af022182-1569-43d4-acbd-33cdc5c49da9,Telmisartan,73494,40 mg,OD,True,False,31dac15c-8e3b-4176-bc52-77172f1f0a8a,552564e7-84a4-4534-acfd-938092f72643,f3161305-31e6-47c0-8597-e00f4ddec847,2026-07-17 08:54:00,2026-07-17 08:54:00
709ea9ae-2457-4603-a9bd-1bb515656006,Amlodipine,17767,5 mg,OD,True,True,7b4613dd-395a-457a-b30d-f87e1d5e7c62,906096d6-f0f6-4da5-9c19-dc403afb4bb8,b0715258-4719-4ce5-8a85-03ccda2c376c,2025-02-26 10:37:00,2025-03-14 10:41:00
eb79d6fd-0634-427d-8927-5647dab0fabd,Amlodipine,17767,10 mg,OD,True,False,7b4613dd-395a-457a-b30d-f87e1d5e7c62,906096d6-f0f6-4da5-9c19-dc403afb4bb8,b0715258-4719-4ce5-8a85-03ccda2c376c,2025-03-14 10:41:00,2025-03-14 10:41:00
45f4bb3f-f2ef-41e8-ac6f-e4614bc27c2f,Amlodipine,17767,5 mg,OD,True,True,a335dc52-28ac-40d4-8fa9-ec161ee121ee,552564e7-84a4-4534-acfd-938092f72643,19f2d2b9-737d-4029-8250-945229084df8,2025-12-31 10:39:00,2026-01-31 12:20:00
d433e15c-cf60-414e-bb35-7231814834e8,Amlodipine,17767,10 mg,OD,True,True,a335dc52-28ac-40d4-8fa9-ec161ee121ee,552564e7-84a4-4534-acfd-938092f72643,c762646d-3ec2-420a-956d-f1b73ea05187,2026-01-31 12:20:00,2026-02-16 09:40:00
b259f6b3-554b-49f1-927e-708871eeb497,Amlodipine,17767,10 mg,OD,True,False,a335dc52-28ac-40d4-8fa9-ec161ee121ee,552564e7-84a4-4534-acfd-938092f72643,213c0975-3815-4ea4-ba67-23c54c2546da,2026-02-16 09:40:00,2026-02-16 09:40:00
7cb3cda3-0c60-4bf9-a206-f38acb1d46ec,Telmisartan,73494,40 mg,OD,True,False,a335dc52-28ac-40d4-8fa9-ec161ee121ee,552564e7-84a4-4534-acfd-938092f72643,213c0975-3815-4ea4-ba67-23c54c2546da,2026-02-16 09:40:00,2026-02-16 09:40:00
08ee9be7-a4c0-4c9a-9798-9ff69a518048,Amlodipine,17767,5 mg,OD,True,True,1e5e8eb7-4634-45aa-b6f4-85e8e46bf874,ffe42279-f3bd-4683-a6a8-52c1bb9651f3,246dee45-3351-44d3-8a3a-ca414c46c168,2025-02-11 14:14:00,2025-03-31 15:09:00
28240e30-c2ff-47f1-9cc2-cb587db8fa0c,Amlodipine,17767,10 mg,OD,True,True,1e5e8eb7-4634-45aa-b6f4-85e8e46bf874,ffe42279-f3bd-4683-a6a8-52c1bb9651f3,353297dd-2e3c-46c0-a49c-7fd69ac2c389,2025-03-31 15:09:00,2025-06-20 10:18:00
89436625-76c2-4a52-9652-20ebeb80984a,Amlodipine,17767,10 mg,OD,True,True,1e5e8eb7-4634-45aa-b6f4-85e8e46bf874,ffe42279-f3bd-4683-a6a8-52c1bb9651f3,4519b91f-242d-4e4d-ae0c-da1f0c701874,2025-06-20 10:18:00,2025-08-07 14:22:00
679da7f1-a564-4704-88fb-43b8b2b8b11c,Telmisartan,73494,40 mg,OD,True,True,1e5e8eb7-4634-45aa-b6f4-85e8e46bf874,ffe42279-f3bd-4683-a6a8-52c1bb9651f3,4519b91f-242d-4e4d-ae0c-da1f0c701874,2025-06-20 10:18:00,2025-08-07 14:22:00
598dfe8e-3978-4d5c-9312-9c7f356e987a,Amlodipine,17767,10 mg,OD,True,True,1e5e8eb7-4634-45aa-b6f4-85e8e46bf874,ffe42279-f3bd-4683-a6a8-52c1bb9651f3,353297dd-2e3c-46c0-a49c-7fd69ac2c389,2025-08-07 14:22:00,2025-09-02 12:55:00
354ac2d3-efac-45cf-8e74-880dca0e762f,Telmisartan,73494,80 mg,OD,True,True,1e5e8eb7-4634-45aa-b6f4-85e8e46bf874,ffe42279-f3bd-4683-a6a8-52c1bb9651f3,353297dd-2e3c-46c0-a49c-7fd69ac2c389,2025-08-07 14:22:00,2025-09-02 12:55:00
374c644e-395d-442d-8724-292adc8aeac3,Amlodipine,17767,10 mg,OD,True,False,1e5e8eb7-4634-45aa-b6f4-85e8e46bf874,ffe42279-f3bd-4683-a6a8-52c1bb9651f3,cd18ec08-f6a4-4724-926f-acd2aeb0daf2,2025-09-02 12:55:00,2025-09-02 12:55:00
fa6cda8e-ddcb-4ad7-aa1b-a1564795f89f,Telmisartan,73494,80 mg,OD,True,False,1e5e8eb7-4634-45aa-b6f4-85e8e46bf874,ffe42279-f3bd-4683-a6a8-52c1bb9651f3,cd18ec08-f6a4-4724-926f-acd2aeb0daf2,2025-09-02 12:55:00,2025-09-02 12:55:00
83b90894-cfe5-42ea-8a96-dbae8a33bb09,Chlorthalidone,2409,12.5 mg,OD,True,False,1e5e8eb7-4634-45aa-b6f4-85e8e46bf874,ffe42279-f3bd-4683-a6a8-52c1bb9651f3,cd18ec08-f6a4-4724-926f-acd2aeb0daf2,2025-09-02 12:55:00,2025-09-02 12:55:00
26782c11-e016-4c63-8b29-257a151fd2e5,Amlodipine,17767,5 mg,OD,True,True,7008acb6-5e5e-4ba3-a2e3-05b3d37d1834,ffe42279-f3bd-4683-a6a8-52c1bb9651f3,353297dd-2e3c-46c0-a49c-7fd69ac2c389,2026-06-15 09:35:00,2026-07-15 11:11:00
866fe797-93dd-48f6-9e10-266d660f6e9e,Amlodipine,17767,10 mg,OD,True,False,7008acb6-5e5e-4ba3-a2e3-05b3d37d1834,ffe42279-f3bd-4683-a6a8-52c1bb9651f3,4519b91f-242d-4e4d-ae0c-da1f0c701874,2026-07-15 11:11:00,2026-07-15 11:11:00
5fa2a765-d15b-4348-8797-2094c08d76c6,Amlodipine,17767,5 mg,OD,True,True,c41ed6d9-2ef8-4145-9a4b-4cb4be708c20,5f213a58-b179-42d7-9c05-e29474526e82,406a76ac-2a9d-4982-b6f8-1efb7296c6c0,2024-10-22 12:38:00,2025-03-01 08:11:00
94d23af2-7220-4728-832f-d5d2efd4bad3,Amlodipine,17767,10 mg,OD,True,True,c41ed6d9-2ef8-4145-9a4b-4cb4be708c20,5f213a58-b179-42d7-9c05-e29474526e82,8e0d0bd7-32bc-44e0-8bb3-7f4f4b13cf78,2025-03-01 08:11:00,2025-03-30 12:08:00
eba14c4c-8969-4ded-a4a2-83e13581fc73,Amlodipine,17767,10 mg,OD,True,True,c41ed6d9-2ef8-4145-9a4b-4cb4be708c20,5f213a58-b179-42d7-9c05-e29474526e82,406a76ac-2a9d-4982-b6f8-1efb7296c6c0,2025-03-30 12:08:00,2025-04-11 15:57:00
83eef76b-6f78-4428-9bd4-f0ae2784fba8,Telmisartan,73494,40 mg,OD,True,True,c41ed6d9-2ef8-4145-9a4b-4cb4be708c20,5f213a58-b179-42d7-9c05-e29474526e82,406a76ac-2a9d-4982-b6f8-1efb7296c6c0,2025-03-30 12:08:00,2025-04-11 15:57:00
cc3c567a-085d-47a9-93ed-a6d441275133,Amlodipine,17767,10 mg,OD,True,False,c41ed6d9-2ef8-4145-9a4b-4cb4be708c20,5f213a58-b179-42d7-9c05-e29474526e82,406a76ac-2a9d-4982-b6f8-1efb7296c6c0,2025-04-11 15:57:00,2025-04-11 15:57:00
11c2d29a-bd91-417d-a722-b1b2a6fb2d8c,Telmisartan,73494,80 mg,OD,True,False,c41ed6d9-2ef8-4145-9a4b-4cb4be708c20,5f213a58-b179-42d7-9c05-e29474526e82,406a76ac-2a9d-4982-b6f8-1efb7296c6c0,2025-04-11 15:57:00,2025-04-11 15:57:00
44bad1f4-a656-43cb-bd62-1aa9b9fd5251,Amlodipine,17767,5 mg,OD,True,True,d3ecde19-b99c-4bac-9b46-fd839ff3c4d1,5f213a58-b179-42d7-9c05-e29474526e82,406a76ac-2a9d-4982-b6f8-1efb7296c6c0,2025-04-05 15:59:00,2025-06-19 13:38:00
14abbb6d-f06d-40d0-bdd0-4ab59e5d1d9b,Amlodipine,17767,10 mg,OD,True,True,d3ecde19-b99c-4bac-9b46-fd839ff3c4d1,5f213a58-b179-42d7-9c05-e29474526e82,8e0d0bd7-32bc-44e0-8bb3-7f4f4b13cf78,2025-06-19 13:38:00,2025-09-12 12:25:00
47de7613-c27e-4271-9003-d298ce5ed035,Amlodipine,17767,10 mg,OD,True,True,d3ecde19-b99c-4bac-9b46-fd839ff3c4d1,5f213a58-b179-42d7-9c05-e29474526e82,8e0d0bd7-32bc-44e0-8bb3-7f4f4b13cf78,2025-09-12 12:25:00,2025-10-08 14:57:00
20e46e31-0919-49bc-9f19-da602796fdc4,Telmisartan,73494,40 mg,OD,True,True,d3ecde19-b99c-4bac-9b46-fd839ff3c4d1,5f213a58-b179-42d7-9c05-e29474526e82,8e0d0bd7-32bc-44e0-8bb3-7f4f4b13cf78,2025-09-12 12:25:00,2025-10-08 14:57:00
593bc9c9-5de0-4b88-b031-ac877cd44cf4,Amlodipine,17767,10 mg,OD,True,True,d3ecde19-b99c-4bac-9b46-fd839ff3c4d1,5f213a58-b179-42d7-9c05-e29474526e82,2db9a55b-d59a-4a30-a4c8-bf7ae0a1e014,2025-10-08 14:57:00,2025-11-10 08:42:00
ed251a3d-3b29-4fb8-958f-33f95c0a15a9,Telmisartan,73494,80 mg,OD,True,True,d3ecde19-b99c-4bac-9b46-fd839ff3c4d1,5f213a58-b179-42d7-9c05-e29474526e82,2db9a55b-d59a-4a30-a4c8-bf7ae0a1e014,2025-10-08 14:57:00,2025-11-10 08:42:00
cf3f8d08-03bd-4cba-9f00-20e65605a9c5,Amlodipine,17767,10 mg,OD,True,False,d3ecde19-b99c-4bac-9b46-fd839ff3c4d1,5f213a58-b179-42d7-9c05-e29474526e82,b302ab11-03e4-4bae-be36-6ec2662f7fc9,2025-11-10 08:42:00,2025-11-10 08:42:00
1109aae8-faea-4794-aae7-49ead0497a0f,Telmisartan,73494,80 mg,OD,True,False,d3ecde19-b99c-4bac-9b46-fd839ff3c4d1,5f213a58-b179-42d7-9c05-e29474526e82,b302ab11-03e4-4bae-be36-6ec2662f7fc9,2025-11-10 08:42:00,2025-11-10 08:42:00
b54a0fb5-5954-4fbd-abd2-99f46b981a94,Chlorthalidone,2409,12.5 mg,OD,True,False,d3ecde19-b99c-4bac-9b46-fd839ff3c4d1,5f213a58-b179-42d7-9c05-e29474526e82,b302ab11-03e4-4bae-be36-6ec2662f7fc9,2025-11-10 08:42:00,2025-11-10 08:42:00
3c226736-d811-41e9-a168-2234b504ac90,Amlodipine,17767,5 mg,OD,True,True,527d222b-38da-414b-8a6c-1ed55750cab3,552564e7-84a4-4534-acfd-938092f72643,0035c5bf-742a-4ff6-9e23-941764d58bb9,2025-02-18 14:06:00,2025-03-20 14:35:00
7897816d-2575-4086-b6ee-7bc08ab1573f,Metformin,6809,500 mg,BD,False,False,527d222b-38da-414b-8a6c-1ed55750cab3,552564e7-84a4-4534-acfd-938092f72643,0035c5bf-742a-4ff6-9e23-941764d58bb9,2025-02-18 14:06:00,2025-02-18 14:06:00
d67315b3-fae3-4801-81d2-bf51207ab80f,Amlodipine,17767,10 mg,OD,True,False,527d222b-38da-414b-8a6c-1ed55750cab3,552564e7-84a4-4534-acfd-938092f72643,213c0975-3815-4ea4-ba67-23c54c2546da,2025-03-20 14:35:00,2025-03-20 14:35:00
ac4031c4-fd2d-405e-ba56-b0c09453862b,Amlodipine,17767,5 mg,OD,True,True,757553a4-2731-4b0f-b3c8-a79e1d93e0c8,552564e7-84a4-4534-acfd-938092f72643,c762646d-3ec2-420a-956d-f1b73ea05187,2025-10-04 13:08:00,2025-11-02 13:31:00
f748effb-00ed-46ef-bd2f-fe1e568ff822,Amlodipine,17767,10 mg,OD,True,True,757553a4-2731-4b0f-b3c8-a79e1d93e0c8,552564e7-84a4-4534-acfd-938092f72643,213c0975-3815-4ea4-ba67-23c54c2546da,2025-11-02 13:31:00,2025-11-30 08:30:00
8e046f81-7433-4cda-aa76-1f8df6f87d54,Amlodipine,17767,10 mg,OD,True,False,757553a4-2731-4b0f-b3c8-a79e1d93e0c8,552564e7-84a4-4534-acfd-938092f72643,f3161305-31e6-47c0-8597-e00f4ddec847,2025-11-30 08:30:00,2025-11-30 08:30:00
c30733c2-c85d-4ee6-94d5-7038d080ea03,Telmisartan,73494,40 mg,OD,True,False,757553a4-2731-4b0f-b3c8-a79e1d93e0c8,552564e7-84a4-4534-acfd-938092f72643,f3161305-31e6-47c0-8597-e00f4ddec847,2025-11-30 08:30:00,2025-11-30 08:30:00
9de4209c-3a41-460a-b51d-826feccd93ee,Amlodipine,17767,5 mg,OD,True,True,252948c4-54fb-4845-80ba-4143bf002c23,552564e7-84a4-4534-acfd-938092f72643,213c0975-3815-4ea4-ba67-23c54c2546da,2025-08-23 09:18:00,2025-09-21 14:49:00
deedaf73-1949-40d4-a5ea-21c97d477bfd,Amlodipine,17767,10 mg,OD,True,True,252948c4-54fb-4845-80ba-4143bf002c23,552564e7-84a4-4534-acfd-938092f72643,19f2d2b9-737d-4029-8250-945229084df8,2025-09-21 14:49:00,2025-10-23 10:00:00
97e48027-3f91-4c4f-b0ba-5e72298c6df5,Amlodipine,17767,10 mg,OD,True,True,252948c4-54fb-4845-80ba-4143bf002c23,552564e7-84a4-4534-acfd-938092f72643,c762646d-3ec2-420a-956d-f1b73ea05187,2025-10-23 10:00:00,2025-12-07 10:23:00
f963a139-a6bc-4746-b372-ea25bfcd4d27,Telmisartan,73494,40 mg,OD,True,True,252948c4-54fb-4845-80ba-4143bf002c23,552564e7-84a4-4534-acfd-938092f72643,c762646d-3ec2-420a-956d-f1b73ea05187,2025-10-23 10:00:00,2025-12-07 10:23:00
778e989d-bf6a-4c1d-b726-b95d91585be9,Amlodipine,17767,10 mg,OD,True,True,252948c4-54fb-4845-80ba-4143bf002c23,552564e7-84a4-4534-acfd-938092f72643,c762646d-3ec2-420a-956d-f1b73ea05187,2025-12-07 10:23:00,2026-02-03 09:25:00
b512d493-7982-4b57-b3a4-8802cb790484,Telmisartan,73494,80 mg,OD,True,True,252948c4-54fb-4845-80ba-4143bf002c23,552564e7-84a4-4534-acfd-938092f72643,c762646d-3ec2-420a-956d-f1b73ea05187,2025-12-07 10:23:00,2026-02-03 09:25:00
ca6a4486-a089-4a65-ab46-f519b04dd9d5,Amlodipine,17767,10 mg,OD,True,False,252948c4-54fb-4845-80ba-4143bf002c23,552564e7-84a4-4534-acfd-938092f72643,448fb26c-4d06-4d9f-a11d-a2745fb4d4c6,2026-02-03 09:25:00,2026-02-03 09:25:00
25ba69a8-7bad-47fd-bd9d-45478739a289,Telmisartan,73494,80 mg,OD,True,False,252948c4-54fb-4845-80ba-4143bf002c23,552564e7-84a4-4534-acfd-938092f72643,448fb26c-4d06-4d9f-a11d-a2745fb4d4c6,2026-02-03 09:25:00,2026-02-03 09:25:00
e2b2a9c1-623e-44b9-bf3f-e677a03452ed,Chlorthalidone,2409,12.5 mg,OD,True,False,252948c4-54fb-4845-80ba-4143bf002c23,552564e7-84a4-4534-acfd-938092f72643,448fb26c-4d06-4d9f-a11d-a2745fb4d4c6,2026-02-03 09:25:00,2026-02-03 09:25:00
404c5a40-e4da-4bd3-9714-22cc262bdd35,Amlodipine,17767,5 mg,OD,True,True,d93b1964-1bef-4d06-8d3d-10a88a385a7a,906096d6-f0f6-4da5-9c19-dc403afb4bb8,9bae34d8-d312-48ce-9bbf-17fa6222b3f6,2026-03-22 10:43:00,2026-05-22 09:10:00
2fb4b860-fec4-445b-8450-e55e833def22,Amlodipine,17767,10 mg,OD,True,True,d93b1964-1bef-4d06-8d3d-10a88a385a7a,906096d6-f0f6-4da5-9c19-dc403afb4bb8,9bae34d8-d312-48ce-9bbf-17fa6222b3f6,2026-05-22 09:10:00,2026-08-17 09:07:00
4dc65152-66d8-43f3-87b0-53db8cc40462,Amlodipine,17767,10 mg,OD,True,False,d93b1964-1bef-4d06-8d3d-10a88a385a7a,906096d6-f0f6-4da5-9c19-dc403afb4bb8,b0715258-4719-4ce5-8a85-03ccda2c376c,2026-08-17 09:07:00,2026-08-17 09:07:00
2729646f-0de6-4ac2-bc8c-a87f9d0560b3,Telmisartan,73494,40 mg,OD,True,False,d93b1964-1bef-4d06-8d3d-10a88a385a7a,906096d6-f0f6-4da5-9c19-dc403afb4bb8,b0715258-4719-4ce5-8a85-03ccda2c376c,2026-08-17 09:07:00,2026-08-17 09:07:00
6f41a0d9-8999-41a5-8286-5e39f7adebfe,Amlodipine,17767,5 mg,OD,True,True,db3ec6ae-50b4-452b-8976-327ef4f26430,906096d6-f0f6-4da5-9c19-dc403afb4bb8,b0715258-4719-4ce5-8a85-03ccda2c376c,2024-09-24 12:44:00,2025-02-15 12:26:00
bedc4f10-6345-4d00-9a87-0215a1ea4dc6,Amlodipine,17767,10 mg,OD,True,True,db3ec6ae-50b4-452b-8976-327ef4f26430,906096d6-f0f6-4da5-9c19-dc403afb4bb8,8cc3bb69-3add-47d5-9cd2-8cff31252948,2025-02-15 12:26:00,2025-04-12 10:05:00
73b0cf56-7807-4792-8063-e6b4c09cb8a6,Amlodipine,17767,10 mg,OD,True,True,db3ec6ae-50b4-452b-8976-327ef4f26430,906096d6-f0f6-4da5-9c19-dc403afb4bb8,8cc3bb69-3add-47d5-9cd2-8cff31252948,2025-04-12 10:05:00,2025-06-06 09:44:00
00af83f2-fa0f-41cc-93b5-7ff0590819c7,Telmisartan,73494,40 mg,OD,True,True,db3ec6ae-50b4-452b-8976-327ef4f26430,906096d6-f0f6-4da5-9c19-dc403afb4bb8,8cc3bb69-3add-47d5-9cd2-8cff31252948,2025-04-12 10:05:00,2025-06-06 09:44:00
51e4db37-6e59-4493-ac8d-e6664575b7ef,Amlodipine,17767,10 mg,OD,True,False,db3ec6ae-50b4-452b-8976-327ef4f26430,906096d6-f0f6-4da5-9c19-dc403afb4bb8,9bae34d8-d312-48ce-9bbf-17fa6222b3f6,2025-06-06 09:44:00,2025-06-06 09:44:00
925a45bd-a71a-493c-b29c-5f45faeda80c,Telmisartan,73494,80 mg,OD,True,False,db3ec6ae-50b4-452b-8976-327ef4f26430,906096d6-f0f6-4da5-9c19-dc403afb4bb8,9bae34d8-d312-48ce-9bbf-17fa6222b3f6,2025-06-06 09:44:00,2025-06-06 09:44:00
82f422d5-8da4-4c59-b1e0-a90fd7b9f095,Amlodipine,17767,5 mg,OD,True,True,504efcf5-594b-45a1-b416-c32cad07070e,552564e7-84a4-4534-acfd-938092f72643,0035c5bf-742a-4ff6-9e23-941764d58bb9,2025-02-23 14:22:00,2025-03-06 10:24:00
67f792a8-4e57-4ed9-ad13-e1fcca9d4437,Amlodipine,17767,10 mg,OD,True,True,504efcf5-594b-45a1-b416-c32cad07070e,552564e7-84a4-4534-acfd-938092f72643,0035c5bf-742a-4ff6-9e23-941764d58bb9,2025-03-06 10:24:00,2025-05-07 15:52:00
ae6ce23b-bbde-4e4b-9f21-34e16af40c73,Amlodipine,17767,10 mg,OD,True,False,504efcf5-594b-45a1-b416-c32cad07070e,552564e7-84a4-4534-acfd-938092f72643,19f2d2b9-737d-4029-8250-945229084df8,2025-05-07 15:52:00,2025-05-07 15:52:00
1f73e5cd-fe95-4b1b-9526-615f9d018ede,Telmisartan,73494,40 mg,OD,True,False,504efcf5-594b-45a1-b416-c32cad07070e,552564e7-84a4-4534-acfd-938092f72643,19f2d2b9-737d-4029-8250-945229084df8,2025-05-07 15:52:00,2025-05-07 15:52:00
b9c56317-4a73-44f4-a9a0-ccb25afa4d67,Amlodipine,17767,5 mg,OD,True,True,1a219fdc-3060-49b5-9f18-38d511b86dcc,552564e7-84a4-4534-acfd-938092f72643,0035c5bf-742a-4ff6-9e23-941764d58bb9,2026-02-19 09:11:00,2026-03-16 15:33:00
f208a5e5-af94-4267-bedc-7a3e75ed6945,Amlodipine,17767,10 mg,OD,True,True,1a219fdc-3060-49b5-9f18-38d511b86dcc,552564e7-84a4-4534-acfd-938092f72643,19f2d2b9-737d-4029-8250-945229084df8,2026-03-16 15:33:00,2026-04-19 11:48:00
1914b43f-e48f-4db9-a5da-9bb171ec25ce,Amlodipine,17767,10 mg,OD,True,True,1a219fdc-3060-49b5-9f18-38d511b86dcc,552564e7-84a4-4534-acfd-938092f72643,f3161305-31e6-47c0-8597-e00f4ddec847,2026-04-19 11:48:00,2026-05-31 15:17:00
1ee4cc8a-bdb4-4712-b831-e1ffc1072cf5,Telmisartan,73494,40 mg,OD,True,True,1a219fdc-3060-49b5-9f18-38d511b86dcc,552564e7-84a4-4534-acfd-938092f72643,f3161305-31e6-47c0-8597-e00f4ddec847,2026-04-19 11:48:00,2026-05-31 15:17:00
a4370103-b27e-4687-bd29-dbb9461a7631,Amlodipine,17767,10 mg,OD,True,True,1a219fdc-3060-49b5-9f18-38d511b86dcc,552564e7-84a4-4534-acfd-938092f72643,19f2d2b9-737d-4029-8250-945229084df8,2026-05-31 15:17:00,2026-06-27 10:29:00
3424ea06-4027-4834-a89a-bfa644b379af,Telmisartan,73494,80 mg,OD,True,True,1a219fdc-3060-49b5-9f18-38d511b86dcc,552564e7-84a4-4534-acfd-938092f72643,19f2d2b9-737d-4029-8250-945229084df8,2026-05-31 15:17:00,2026-06-27 10:29:00
6dfb9743-a232-46d0-94a9-4ab12632beba,Amlodipine,17767,10 mg,OD,True,False,1a219fdc-3060-49b5-9f18-38d511b86dcc,552564e7-84a4-4534-acfd-938092f72643,448fb26c-4d06-4d9f-a11d-a2745fb4d4c6,2026-06-27 10:29:00,2026-06-27 10:29:00
76acf90e-8060-4fcb-bdbf-01cc9869cf5c,Telmisartan,73494,80 mg,OD,True,False,1a219fdc-3060-49b5-9f18-38d511b86dcc,552564e7-84a4-4534-acfd-938092f72643,448fb26c-4d06-4d9f-a11d-a2745fb4d4c6,2026-06-27 10:29:00,2026-06-27 10:29:00
546db994-b335-45f2-b8b3-4af7d1e4b6c0,Chlorthalidone,2409,12.5 mg,OD,True,False,1a219fdc-3060-49b5-9f18-38d511b86dcc,552564e7-84a4-4534-acfd-938092f72643,448fb26c-4d06-4d9f-a11d-a2745fb4d4c6,2026-06-27 10:29:00,2026-06-27 10:29:00
cfd6c7d4-806d-41b3-9fc3-c8b623111558,Amlodipine,17767,5 mg,OD,True,False,1c4d8ee7-0501-4f33-b817-e35437372adb,906096d6-f0f6-4da5-9c19-dc403afb4bb8,b0715258-4719-4ce5-8a85-03ccda2c376c,2024-11-18 12:21:00,2024-11-18 12:21:00
1866a60c-3f4d-46d7-be4d-46a524e17f30,Amlodipine,17767,5 mg,OD,True,False,b03e8d55-04c7-49f2-8ee7-8144313f93ab,552564e7-84a4-4534-acfd-938092f72643,0035c5bf-742a-4ff6-9e23-941764d58bb9,2025-02-27 09:15:00,2025-02-27 09:15:00
e425c6b3-b5bf-4291-8ffb-b0ddd15c9f25,Amlodipine,17767,5 mg,OD,True,True,f71bca8a-37f6-4e50-bf56-84f37e8312ec,906096d6-f0f6-4da5-9c19-dc403afb4bb8,b0715258-4719-4ce5-8a85-03ccda2c376c,2025-09-10 14:57:00,2025-10-17 13:36:00
98f8670b-c48d-4071-8c15-88b76420cf35,Amlodipine,17767,10 mg,OD,True,True,f71bca8a-37f6-4e50-bf56-84f37e8312ec,906096d6-f0f6-4da5-9c19-dc403afb4bb8,8cc3bb69-3add-47d5-9cd2-8cff31252948,2025-10-17 13:36:00,2026-02-06 08:27:00
30915529-5984-43a4-b5b3-4dedb416f3dd,Amlodipine,17767,10 mg,OD,True,True,f71bca8a-37f6-4e50-bf56-84f37e8312ec,906096d6-f0f6-4da5-9c19-dc403afb4bb8,9bae34d8-d312-48ce-9bbf-17fa6222b3f6,2026-02-06 08:27:00,2026-04-22 15:47:00
df5e0883-9978-42b1-9434-212615f445ae,Telmisartan,73494,40 mg,OD,True,True,f71bca8a-37f6-4e50-bf56-84f37e8312ec,906096d6-f0f6-4da5-9c19-dc403afb4bb8,9bae34d8-d312-48ce-9bbf-17fa6222b3f6,2026-02-06 08:27:00,2026-04-22 15:47:00
061a2a80-5031-46a1-8b31-ccd7be1eb305,Amlodipine,17767,10 mg,OD,True,True,f71bca8a-37f6-4e50-bf56-84f37e8312ec,906096d6-f0f6-4da5-9c19-dc403afb4bb8,9bae34d8-d312-48ce-9bbf-17fa6222b3f6,2026-04-22 15:47:00,2026-09-05 13:14:00
46110cfb-e69a-4d30-892b-28711337df8c,Telmisartan,73494,80 mg,OD,True,True,f71bca8a-37f6-4e50-bf56-84f37e8312ec,906096d6-f0f6-4da5-9c19-dc403afb4bb8,9bae34d8-d312-48ce-9bbf-17fa6222b3f6,2026-04-22 15:47:00,2026-09-05 13:14:00
323b9dee-fb04-44f0-8c24-b970a474d2a9,Amlodipine,17767,10 mg,OD,True,False,f71bca8a-37f6-4e50-bf56-84f37e8312ec,906096d6-f0f6-4da5-9c19-dc403afb4bb8,8cc3bb69-3add-47d5-9cd2-8cff31252948,2026-09-05 13:14:00,2026-09-05 13:14:00
1d6a7e56-0957-4a41-8323-600122aded05,Telmisartan,73494,80 mg,OD,True,False,f71bca8a-37f6-4e50-bf56-84f37e8312ec,906096d6-f0f6-4da5-9c19-dc403afb4bb8,8cc3bb69-3add-47d5-9cd2-8cff31252948,2026-09-05 13:14:00,2026-09-05 13:14:00
5b98bc24-0ba1-41a3-b9da-df4065f73197,Chlorthalidone,2409,12.5 mg,OD,True,False,f71bca8a-37f6-4e50-bf56-84f37e8312ec,906096d6-f0f6-4da5-9c19-dc403afb4bb8,8cc3bb69-3add-47d5-9cd2-8cff31252948,2026-09-05 13:14:00,2026-09-05 13:14:00
f3593921-be0a-4963-b1cd-fbda48fbf2c5,Amlodipine,17767,5 mg,OD,True,True,9fd72fab-1466-40a5-995e-7dc88af79d5a,5f213a58-b179-42d7-9c05-e29474526e82,2db9a55b-d59a-4a30-a4c8-bf7ae0a1e014,2026-01-21 09:53:00,2026-02-04 14:35:00
299e579d-e660-48c4-94f4-94268e42c90d,Amlodipine,17767,10 mg,OD,True,False,9fd72fab-1466-40a5-995e-7dc88af79d5a,5f213a58-b179-42d7-9c05-e29474526e82,2db9a55b-d59a-4a30-a4c8-bf7ae0a1e014,2026-02-04 14:35:00,2026-02-04 14:35:00
5327b439-e122-4430-a448-59c9ef0de16f,Amlodipine,17767,5 mg,OD,True,True,3405d2fe-ff55-4d4f-9728-08c2bddedb3e,5f213a58-b179-42d7-9c05-e29474526e82,2db9a55b-d59a-4a30-a4c8-bf7ae0a1e014,2026-03-06 12:20:00,2026-06-09 08:31:00
ecb94852-3aec-4fc6-8072-f03042c2b00b,Amlodipine,17767,10 mg,OD,True,True,3405d2fe-ff55-4d4f-9728-08c2bddedb3e,5f213a58-b179-42d7-9c05-e29474526e82,406a76ac-2a9d-4982-b6f8-1efb7296c6c0,2026-06-09 08:31:00,2026-07-05 09:27:00
78733ab8-4a7f-453f-ab44-bb63bc09c0a6,Amlodipine,17767,10 mg,OD,True,True,3405d2fe-ff55-4d4f-9728-08c2bddedb3e,5f213a58-b179-42d7-9c05-e29474526e82,406a76ac-2a9d-4982-b6f8-1efb7296c6c0,2026-07-05 09:27:00,2026-08-04 09:50:00
4d7f4544-19b5-4531-90a6-2fb435caba3b,Telmisartan,73494,40 mg,OD,True,True,3405d2fe-ff55-4d4f-9728-08c2bddedb3e,5f213a58-b179-42d7-9c05-e29474526e82,406a76ac-2a9d-4982-b6f8-1efb7296c6c0,2026-07-05 09:27:00,2026-08-04 09:50:00
8287facd-4495-447d-9815-9ebbb43040b4,Amlodipine,17767,10 mg,OD,True,False,3405d2fe-ff55-4d4f-9728-08c2bddedb3e,5f213a58-b179-42d7-9c05-e29474526e82,2db9a55b-d59a-4a30-a4c8-bf7ae0a1e014,2026-08-04 09:50:00,2026-08-04 09:50:00
36d70936-4e3b-414d-8fb8-b83dab478a5b,Telmisartan,73494,80 mg,OD,True,False,3405d2fe-ff55-4d4f-9728-08c2bddedb3e,5f213a58-b179-42d7-9c05-e29474526e82,2db9a55b-d59a-4a30-a4c8-bf7ae0a1e014,2026-08-04 09:50:00,2026-08-04 09:50:00
0ff314b0-60f2-432b-8c5a-6bc5a1ba22ca,Amlodipine,17767,5 mg,OD,True,False,cd8f98a5-f16c-4436-9eda-3a2afc425239,552564e7-84a4-4534-acfd-938092f72643,f3161305-31e6-47c0-8597-e00f4ddec847,2026-08-19 14:37:00,2026-08-19 14:37:00
4f9e87f6-e84e-45d7-892f-03d4dfa80fd9,Amlodipine,17767,5 mg,OD,True,True,fc2e56b1-de8d-4ea3-989e-236f5b915bbb,552564e7-84a4-4534-acfd-938092f72643,448fb26c-4d06-4d9f-a11d-a2745fb4d4c6,2024-11-04 10:02:00,2024-11-16 14:15:00
3b5ceffb-99f9-4f87-bdce-c0274f677cb9,Amlodipine,17767,10 mg,OD,True,True,fc2e56b1-de8d-4ea3-989e-236f5b915bbb,552564e7-84a4-4534-acfd-938092f72643,213c0975-3815-4ea4-ba67-23c54c2546da,2024-11-16 14:15:00,2024-12-17 14:55:00
f45dfda3-33cf-41bf-b9ca-635af92d25c4,Amlodipine,17767,10 mg,OD,True,False,fc2e56b1-de8d-4ea3-989e-236f5b915bbb,552564e7-84a4-4534-acfd-938092f72643,213c0975-3815-4ea4-ba67-23c54c2546da,2024-12-17 14:55:00,2024-12-17 14:55:00
3c1e56e2-5054-4de0-a03c-9c6b1375271f,Telmisartan,73494,40 mg,OD,True,False,fc2e56b1-de8d-4ea3-989e-236f5b915bbb,552564e7-84a4-4534-acfd-938092f72643,213c0975-3815-4ea4-ba67-23c54c2546da,2024-12-17 14:55:00,2024-12-17 14:55:00
ce7c005a-fe8f-4f39-a1e8-93eb719533d5,Amlodipine,17767,5 mg,OD,True,True,3db4a4e3-33c5-4701-8477-b9033e984099,906096d6-f0f6-4da5-9c19-dc403afb4bb8,8cc3bb69-3add-47d5-9cd2-8cff31252948,2025-09-11 13:18:00,2025-10-06 11:14:00
e243597b-3605-4447-a2b3-792874ed1550,Metformin,6809,500 mg,BD,False,False,3db4a4e3-33c5-4701-8477-b9033e984099,906096d6-f0f6-4da5-9c19-dc403afb4bb8,8cc3bb69-3add-47d5-9cd2-8cff31252948,2025-09-11 13:18:00,2025-09-11 13:18:00
72731296-54e9-4137-9217-69a6a55c3c14,Amlodipine,17767,10 mg,OD,True,True,3db4a4e3-33c5-4701-8477-b9033e984099,906096d6-f0f6-4da5-9c19-dc403afb4bb8,b0715258-4719-4ce5-8a85-03ccda2c376c,2025-10-06 11:14:00,2025-11-03 12:56:00
47098b99-54dc-4f69-80d7-c8ba133f4807,Amlodipine,17767,10 mg,OD,True,False,3db4a4e3-33c5-4701-8477-b9033e984099,906096d6-f0f6-4da5-9c19-dc403afb4bb8,b0715258-4719-4ce5-8a85-03ccda2c376c,2025-11-03 12:56:00,2025-11-03 12:56:00
acb6c5e8-fb48-4c49-81ca-e0b1484ffbd7,Telmisartan,73494,40 mg,OD,True,False,3db4a4e3-33c5-4701-8477-b9033e984099,906096d6-f0f6-4da5-9c19-dc403afb4bb8,b0715258-4719-4ce5-8a85-03ccda2c376c,2025-11-03 12:56:00,2025-11-03 12:56:00
aacb06ff-8dcc-484c-b8fb-fd65ee8e918a,Amlodipine,17767,5 mg,OD,True,True,13031624-47e0-4519-95af-f0108a8a07eb,906096d6-f0f6-4da5-9c19-dc403afb4bb8,9bae34d8-d312-48ce-9bbf-17fa6222b3f6,2025-11-28 08:27:00,2025-12-28 15:21:00
b0bfa187-b456-4164-b03c-acc24af4e152,Amlodipine,17767,10 mg,OD,True,True,13031624-47e0-4519-95af-f0108a8a07eb,906096d6-f0f6-4da5-9c19-dc403afb4bb8,b0715258-4719-4ce5-8a85-03ccda2c376c,2025-12-28 15:21:00,2026-02-11 11:38:00
a0617a3a-a6db-40cb-a474-9171d79c38da,Amlodipine,17767,10 mg,OD,True,True,13031624-47e0-4519-95af-f0108a8a07eb,906096d6-f0f6-4da5-9c19-dc403afb4bb8,b0715258-4719-4ce5-8a85-03ccda2c376c,2026-02-11 11:38:00,2026-03-24 13:10:00
df352700-ae54-4281-be3c-3a5399c1ee71,Telmisartan,73494,40 mg,OD,True,True,13031624-47e0-4519-95af-f0108a8a07eb,906096d6-f0f6-4da5-9c19-dc403afb4bb8,b0715258-4719-4ce5-8a85-03ccda2c376c,2026-02-11 11:38:00,2026-03-24 13:10:00
90ac729f-a1dc-489b-96de-afa59863bd43,Amlodipine,17767,10 mg,OD,True,True,13031624-47e0-4519-95af-f0108a8a07eb,906096d6-f0f6-4da5-9c19-dc403afb4bb8,b0715258-4719-4ce5-8a85-03ccda2c376c,2026-03-24 13:10:00,2026-04-21 15:55:00
68fcd13b-2888-4076-9925-78dc99b30a55,Telmisartan,73494,80 mg,OD,True,True,13031624-47e0-4519-95af-f0108a8a07eb,906096d6-f0f6-4da5-9c19-dc403afb4bb8,b0715258-4719-4ce5-8a85-03ccda2c376c,2026-03-24 13:10:00,2026-04-21 15:55:00
b3948481-cc4d-474f-aec6-59a6b129b5b7,Amlodipine,17767,10 mg,OD,True,False,13031624-47e0-4519-95af-f0108a8a07eb,906096d6-f0f6-4da5-9c19-dc403afb4bb8,8cc3bb69-3add-47d5-9cd2-8cff31252948,2026-04-21 15:55:00,2026-04-21 15:55:00
fbed756d-7754-440f-9b3b-f7b9e570d32f,Telmisartan,73494,80 mg,OD,True,False,13031624-47e0-4519-95af-f0108a8a07eb,906096d6-f0f6-4da5-9c19-dc403afb4bb8,8cc3bb69-3add-47d5-9cd2-8cff31252948,2026-04-21 15:55:00,2026-04-21 15:55:00
bc0603cb-f485-4763-b2f8-a5e98d06cc78,Chlorthalidone,2409,12.5 mg,OD,True,False,13031624-47e0-4519-95af-f0108a8a07eb,906096d6-f0f6-4da5-9c19-dc403afb4bb8,8cc3bb69-3add-47d5-9cd2-8cff31252948,2026-04-21 15:55:00,2026-04-21 15:55:00
5c7fe4c8-9a70-47aa-8a3f-b0dbcb6cda02,Amlodipine,17767,5 mg,OD,True,True,914a9964-5711-4318-bdf5-e9cdab76763f,906096d6-f0f6-4da5-9c19-dc403afb4bb8,9bae34d8-d312-48ce-9bbf-17fa6222b3f6,2025-09-29 15:13:00,2025-12-29 10:18:00
d6ecc6a0-42d4-40e4-81c7-ca8acc8b534e,Amlodipine,17767,10 mg,OD,True,True,914a9964-5711-4318-bdf5-e9cdab76763f,906096d6-f0f6-4da5-9c19-dc403afb4bb8,8cc3bb69-3add-47d5-9cd2-8cff31252948,2025-12-29 10:18:00,2026-05-25 09:21:00
9eae971e-c035-4f7c-96c1-928311dd48e9,Amlodipine,17767,10 mg,OD,True,False,914a9964-5711-4318-bdf5-e9cdab76763f,906096d6-f0f6-4da5-9c19-dc403afb4bb8,b0715258-4719-4ce5-8a85-03ccda2c376c,2026-05-25 09:21:00,2026-05-25 09:21:00
b4896bc4-ebf7-4834-9072-6931e67e96ba,Telmisartan,73494,40 mg,OD,True,False,914a9964-5711-4318-bdf5-e9cdab76763f,906096d6-f0f6-4da5-9c19-dc403afb4bb8,b0715258-4719-4ce5-8a85-03ccda2c376c,2026-05-25 09:21:00,2026-05-25 09:21:00
fe2bc3ba-0c74-496c-ae14-cb0ffe5748e9,Amlodipine,17767,5 mg,OD,True,True,4e8533b0-8289-479a-ab0e-7e73d253122a,ffe42279-f3bd-4683-a6a8-52c1bb9651f3,353297dd-2e3c-46c0-a49c-7fd69ac2c389,2025-08-08 09:32:00,2025-12-16 09:17:00
6594dc03-21a7-47ba-98dd-f66526251e67,Metformin,6809,500 mg,BD,False,False,4e8533b0-8289-479a-ab0e-7e73d253122a,ffe42279-f3bd-4683-a6a8-52c1bb9651f3,353297dd-2e3c-46c0-a49c-7fd69ac2c389,2025-08-08 09:32:00,2025-08-08 09:32:00
17201a7a-3037-4a84-96c9-aa61c20d4605,Amlodipine,17767,10 mg,OD,True,True,4e8533b0-8289-479a-ab0e-7e73d253122a,ffe42279-f3bd-4683-a6a8-52c1bb9651f3,246dee45-3351-44d3-8a3a-ca414c46c168,2025-12-16 09:17:00,2025-12-27 10:15:00
6fe88949-12ed-4c49-9db4-3628d51934ee,Amlodipine,17767,10 mg,OD,True,True,4e8533b0-8289-479a-ab0e-7e73d253122a,ffe42279-f3bd-4683-a6a8-52c1bb9651f3,246dee45-3351-44d3-8a3a-ca414c46c168,2025-12-27 10:15:00,2026-02-21 13:09:00
d78a7751-3932-4dcd-949f-9d0b0300b615,Telmisartan,73494,40 mg,OD,True,True,4e8533b0-8289-479a-ab0e-7e73d253122a,ffe42279-f3bd-4683-a6a8-52c1bb9651f3,246dee45-3351-44d3-8a3a-ca414c46c168,2025-12-27 10:15:00,2026-02-21 13:09:00
36d6d549-9330-40e4-8c73-99686520b4ec,Amlodipine,17767,10 mg,OD,True,True,4e8533b0-8289-479a-ab0e-7e73d253122a,ffe42279-f3bd-4683-a6a8-52c1bb9651f3,353297dd-2e3c-46c0-a49c-7fd69ac2c389,2026-02-21 13:09:00,2026-04-03 08:00:00
44bd0b3c-0e8d-4748-95a6-6008ab36742f,Telmisartan,73494,80 mg,OD,True,True,4e8533b0-8289-479a-ab0e-7e73d253122a,ffe42279-f3bd-4683-a6a8-52c1bb9651f3,353297dd-2e3c-46c0-a49c-7fd69ac2c389,2026-02-21 13:09:00,2026-04-03 08:00:00
d18a6dd6-baaf-4707-aacd-fb68c001c9b7,Amlodipine,17767,10 mg,OD,True,False,4e8533b0-8289-479a-ab0e-7e73d253122a,ffe42279-f3bd-4683-a6a8-52c1bb9651f3,4519b91f-242d-4e4d-ae0c-da1f0c701874,2026-04-03 08:00:00,2026-04-03 08:00:00
606a5f2c-78dc-455f-a995-25efbeb9fbf5,Telmisartan,73494,80 mg,OD,True,False,4e8533b0-8289-479a-ab0e-7e73d253122a,ffe42279-f3bd-4683-a6a8-52c1bb9651f3,4519b91f-242d-4e4d-ae0c-da1f0c701874,2026-04-03 08:00:00,2026-04-03 08:00:00
9694aaee-9d10-47d5-8b91-489c8c13ff1a,Chlorthalidone,2409,12.5 mg,OD,True,False,4e8533b0-8289-479a-ab0e-7e73d253122a,ffe42279-f3bd-4683-a6a8-52c1bb9651f3,4519b91f-242d-4e4d-ae0c-da1f0c701874,2026-04-03 08:00:00,2026-04-03 08:00:00
4431d021-9dc0-4e3d-808a-2f9ce813519a,Amlodipine,17767,5 mg,OD,True,True,304665d1-af8d-4b1f-87db-c020ace1d71a,552564e7-84a4-4534-acfd-938092f72643,19f2d2b9-737d-4029-8250-945229084df8,2025-06-14 08:44:00,2025-07-15 11:06:00
ec1e99c9-a6d3-4603-8e6c-8309c537d8c7,Metformin,6809,500 mg,BD,False,False,304665d1-af8d-4b1f-87db-c020ace1d71a,552564e7-84a4-4534-acfd-938092f72643,19f2d2b9-737d-4029-8250-945229084df8,2025-06-14 08:44:00,2025-06-14 08:44:00
302fbaf7-65ff-43b8-bc76-470a195d5ca9,Amlodipine,17767,10 mg,OD,True,True,304665d1-af8d-4b1f-87db-c020ace1d71a,552564e7-84a4-4534-acfd-938092f72643,19f2d2b9-737d-4029-8250-945229084df8,2025-07-15 11:06:00,2025-08-13 14:05:00
a17bb7aa-c8dd-4d93-804c-8aa1469f9baf,Amlodipine,17767,10 mg,OD,True,False,304665d1-af8d-4b1f-87db-c020ace1d71a,552564e7-84a4-4534-acfd-938092f72643,f3161305-31e6-47c0-8597-e00f4ddec847,2025-08-13 14:05:00,2025-08-13 14:05:00
ce39cff1-8464-441b-8773-cf7402c301b0,Telmisartan,73494,40 mg,OD,True,False,304665d1-af8d-4b1f-87db-c020ace1d71a,552564e7-84a4-4534-acfd-938092f72643,f3161305-31e6-47c0-8597-e00f4ddec847,2025-08-13 14:05:00,2025-08-13 14:05:00
826e6536-185a-42bc-972d-667517d1239a,Amlodipine,17767,5 mg,OD,True,False,40f77a3c-00b1-451c-8e18-9a42b9d7638c,da845e7d-fedd-47ac-b12d-fb734b6449eb,5e76f2ad-b087-4dc4-9d25-73e3e0503036,2026-01-16 13:09:00,2026-01-16 13:09:00
33f0d80b-d563-401f-9f82-79302f6096db,Metformin,6809,500 mg,BD,False,False,40f77a3c-00b1-451c-8e18-9a42b9d7638c,da845e7d-fedd-47ac-b12d-fb734b6449eb,5e76f2ad-b087-4dc4-9d25-73e3e0503036,2026-01-16 13:09:00,2026-01-16 13:09:00
14cfaa05-fa7c-4718-b41f-7dae34a1aceb,Amlodipine,17767,5 mg,OD,True,True,51dd2d45-6020-4f0e-b7a6-a039925f3405,ffe42279-f3bd-4683-a6a8-52c1bb9651f3,cd18ec08-f6a4-4724-926f-acd2aeb0daf2,2024-12-20 15:31:00,2025-01-18 15:27:00
28e88d9a-2abd-42a5-a907-38dac49c8b14,Amlodipine,17767,10 mg,OD,True,True,51dd2d45-6020-4f0e-b7a6-a039925f3405,ffe42279-f3bd-4683-a6a8-52c1bb9651f3,246dee45-3351-44d3-8a3a-ca414c46c168,2025-01-18 15:27:00,2025-06-21 10:58:00
e780dcb0-c2bc-415a-b5d4-11b986daf0dc,Amlodipine,17767,10 mg,OD,True,False,51dd2d45-6020-4f0e-b7a6-a039925f3405,ffe42279-f3bd-4683-a6a8-52c1bb9651f3,4519b91f-242d-4e4d-ae0c-da1f0c701874,2025-06-21 10:58:00,2025-06-21 10:58:00
529a4814-9eb2-41f8-8403-38446002a7e0,Telmisartan,73494,40 mg,OD,True,False,51dd2d45-6020-4f0e-b7a6-a039925f3405,ffe42279-f3bd-4683-a6a8-52c1bb9651f3,4519b91f-242d-4e4d-ae0c-da1f0c701874,2025-06-21 10:58:00,2025-06-21 10:58:00
a8491b5c-3b51-4461-afc3-cda65fd709d4,Amlodipine,17767,5 mg,OD,True,True,764ffbc2-5171-4340-937d-4854eea8b0cf,552564e7-84a4-4534-acfd-938092f72643,0035c5bf-742a-4ff6-9e23-941764d58bb9,2025-09-25 15:32:00,2025-10-23 10:24:00
9103e2e2-d0eb-4044-b571-92f74375b482,Amlodipine,17767,10 mg,OD,True,True,764ffbc2-5171-4340-937d-4854eea8b0cf,552564e7-84a4-4534-acfd-938092f72643,19f2d2b9-737d-4029-8250-945229084df8,2025-10-23 10:24:00,2026-03-03 12:19:00
ebf26339-1668-44d6-be18-d8cda16af7bb,Amlodipine,17767,10 mg,OD,True,False,764ffbc2-5171-4340-937d-4854eea8b0cf,552564e7-84a4-4534-acfd-938092f72643,0035c5bf-742a-4ff6-9e23-941764d58bb9,2026-03-03 12:19:00,2026-03-03 12:19:00
c9f2acdd-7a57-4124-80c4-80ed321d4f26,Telmisartan,73494,40 mg,OD,True,False,764ffbc2-5171-4340-937d-4854eea8b0cf,552564e7-84a4-4534-acfd-938092f72643,0035c5bf-742a-4ff6-9e23-941764d58bb9,2026-03-03 12:19:00,2026-03-03 12:19:00
ceda16dd-6ae3-491a-9496-a6e887f208bd,Amlodipine,17767,5 mg,OD,True,True,4a994b08-a94e-47db-9e8b-1d9ad1fab2d0,552564e7-84a4-4534-acfd-938092f72643,448fb26c-4d06-4d9f-a11d-a2745fb4d4c6,2026-02-16 11:32:00,2026-04-19 09:35:00
432dc87a-50f3-4591-8562-0ef8dd370712,Amlodipine,17767,10 mg,OD,True,True,4a994b08-a94e-47db-9e8b-1d9ad1fab2d0,552564e7-84a4-4534-acfd-938092f72643,f3161305-31e6-47c0-8597-e00f4ddec847,2026-04-19 09:35:00,2026-05-16 08:56:00
e2463947-b151-455b-9719-8a19da718721,Amlodipine,17767,10 mg,OD,True,False,4a994b08-a94e-47db-9e8b-1d9ad1fab2d0,552564e7-84a4-4534-acfd-938092f72643,448fb26c-4d06-4d9f-a11d-a2745fb4d4c6,2026-05-16 08:56:00,2026-05-16 08:56:00
3c7c57cd-9a88-4333-9bba-f07e2f54d825,Telmisartan,73494,40 mg,OD,True,False,4a994b08-a94e-47db-9e8b-1d9ad1fab2d0,552564e7-84a4-4534-acfd-938092f72643,448fb26c-4d06-4d9f-a11d-a2745fb4d4c6,2026-05-16 08:56:00,2026-05-16 08:56:00
85519890-a5c9-4358-9a98-5c38b9407c01,Amlodipine,17767,5 mg,OD,True,True,e7e74541-d4b4-4000-a6d2-dc6727622494,5f213a58-b179-42d7-9c05-e29474526e82,2db9a55b-d59a-4a30-a4c8-bf7ae0a1e014,2024-10-23 12:24:00,2025-08-02 10:22:00
0d56a87e-b9a8-440d-a1b8-603b934395c8,Metformin,6809,500 mg,BD,False,False,e7e74541-d4b4-4000-a6d2-dc6727622494,5f213a58-b179-42d7-9c05-e29474526e82,2db9a55b-d59a-4a30-a4c8-bf7ae0a1e014,2024-10-23 12:24:00,2024-10-23 12:24:00
b252e6df-1af9-499a-8d39-8d06d0e97ee7,Amlodipine,17767,10 mg,OD,True,True,e7e74541-d4b4-4000-a6d2-dc6727622494,5f213a58-b179-42d7-9c05-e29474526e82,b302ab11-03e4-4bae-be36-6ec2662f7fc9,2025-08-02 10:22:00,2026-08-20 12:46:00
6f2b8767-5287-4fdb-bdda-b3d0dc3bb572,Amlodipine,17767,10 mg,OD,True,False,e7e74541-d4b4-4000-a6d2-dc6727622494,5f213a58-b179-42d7-9c05-e29474526e82,2db9a55b-d59a-4a30-a4c8-bf7ae0a1e014,2026-08-20 12:46:00,2026-08-20 12:46:00
5376cf2e-f1c0-45f6-81cd-89a82dad9695,Telmisartan,73494,40 mg,OD,True,False,e7e74541-d4b4-4000-a6d2-dc6727622494,5f213a58-b179-42d7-9c05-e29474526e82,2db9a55b-d59a-4a30-a4c8-bf7ae0a1e014,2026-08-20 12:46:00,2026-08-20 12:46:00
e7f963ad-358d-4d36-9fb3-6cea1098c6b3,Amlodipine,17767,5 mg,OD,True,False,4fc4e62b-d989-40c0-9b3c-70aa1b6f477c,906096d6-f0f6-4da5-9c19-dc403afb4bb8,b0715258-4719-4ce5-8a85-03ccda2c376c,2026-02-16 09:16:00,2026-02-16 09:16:00
